[21:26:18.164] [HOST] INFO: log opened
[21:26:18.164] [HOST] INFO: [host] KenshiLib runtime=0.4.0 built-against=v0.1-1-gb566d74-dirty
[21:26:18.164] [HOST] INFO: [host] ENet vendored=5a9c537-dirty
[21:26:18.164] [HOST] INFO: KenshiCoop loaded! (clean rebuild)
[21:26:18.164] [HOST] INFO: KenshiCoop: build 2026-08-16 16:39:05 v0.67
[21:26:18.164] [HOST] INFO: [mods] local fingerprint 4f1e54f1 (60 mods)
[21:26:18.164] [HOST] INFO: KenshiCoop: role=HOST proto=v59 port=27800 save=''
[21:26:18.164] [HOST] INFO: KenshiCoop: effective cfg scenario='' transportCfg=steam on=[inv,xfer,world,med,speed,speedCombatCap,stats,carry,furn,chain,stealth,prone,money,spawn,recruit,faction,time,door,build,bdoor,hunger,save,load,prod,research,deed,store,squad,latejoin,aiSuspend,gateAuth,camInterest,censusFreezeAi,dmgFloat,weather,dialogue] off=[blockXfer,crashTracer,splitAuth] censusR=2000 mintR=600 park=120 snap=8.0/0.75s armMs=45000 attnR=1000 cellAuth=1 authAssert=on midBand=256/32 healDeb=1500/1500 doorHold=5000 koRel=3000
[21:26:18.177] [HOST] INFO: [engine] CAPS saveload=1 savepath=1 hand_resolve=1 npc_stream=1 limb=1 stats=1 carry=1 furniture=1 chain=1 shackle=1 slave=1 stealth=1 camera=1 speed=1 quiet_speed=1 door=1 build=1 machine=1 time=1 wallet=1 faction=1 combat_escalate=1 move_restore=1 deed=1 hull=1
[21:26:18.177] [HOST] INFO: [caps] 0 of 17 enabled features are missing their engine capability
[21:26:18.177] [HOST] INFO: KenshiCoop: ownership ranks = {0} (bidirectional presence)
[21:26:18.177] [HOST] INFO: KenshiCoop: interp delay=50-200ms extrap=250ms stale=2000ms snap=50u drive catchupK=2.00 snapDist=8.0u snapSec=0.75 sendStamp=1 census=2000u mint=600u park=120u starveHold=10000ms
[21:26:18.189] [HOST] INFO: [ai] periodicUpdate detour installed; AI-suspend ON (default)
[21:26:18.205] [HOST] INFO: [dlg] speech-bubble capture installed; dialogue relay ON
[21:26:18.212] [HOST] INFO: [dmg] hitByMeleeAttack detour installed; damage guard ON (host, driven peer-squad bodies)
[21:26:18.212] [HOST] INFO: [dmg] suppressed-hit damage floaters ON (KENSHICOOP_DAMAGE_FLOATERS=0 disables)
[21:26:18.220] [HOST] INFO: [shop] buyItem detour installed; purchase logging ON
[21:26:18.227] [HOST] INFO: [wi] dropItem detour installed; query-free drop capture ON
[21:26:18.235] [HOST] INFO: [recruit] recruit detour installed; recruitment sync ON
[21:26:18.250] [HOST] INFO: [build] createBuilding capture installed; placement logging ON
[21:26:18.258] [HOST] INFO: [build] dismantle detour installed; removal logging ON
[21:26:18.270] [HOST] INFO: [fac] affectRelations detours installed; relation logging ON
[21:26:18.276] [HOST] INFO: [save] save detour installed; coordinated save ON
[21:26:18.291] [HOST] INFO: [load] load detour installed; coordinated load ON
[21:26:18.298] [HOST] INFO: KenshiCoop: title hook armed (F2 panel + push-on-connect at menu; no auto-load save)
[21:26:18.299] [HOST] INFO: [steam] id=76561198880981766 loggedOn=1 iface=SteamNetworking005
[21:26:18.299] [HOST] INFO: [invite] ready: mm=SteamMatchMaking009 friends=SteamFriends015 (in-panel friend picker armed)
[21:26:18.299] [HOST] INFO: KenshiCoop: session DEFERRED - press F2 in-game to pick role/transport, enter the friend's Steam ID, and check CONNECTED
[21:26:19.911] [HOST] INFO: [boot] title-tick running=0 host=1 started=0 saveEmpty=1
[21:26:19.912] [HOST] INFO: [coop-ui] gui ptr=0000000142132750
[21:26:24.724] [HOST] INFO: [coop-ui] panel opened
[21:26:32.900] [HOST] INFO: [coop-ui] paste friend id=76561198095203167 ok=1
[21:26:34.359] [HOST] INFO: [coop-ui] role -> Join
[21:26:35.421] [HOST] INFO: [coop-ui] connection -> ONLINE
[21:26:35.421] [HOST] INFO: [coop-ui] CONNECT role=JOIN transport=steam
[21:26:35.421] [HOST] INFO: [load] session reset: pointer caches, session maps, change gates cleared
[21:26:35.423] [JOIN] INFO: [role] panel role is JOIN; log renamed to 'KenshiCoop_join.log' (was 'KenshiCoop_host.log')
[21:26:35.423] [JOIN] INFO: [role] behaviour re-derived for JOIN: combat-report ON, gate-authority ON
[21:26:35.423] [JOIN] INFO: [coop-ui] connect: role=JOIN transport=steam peer=76561198095203167 ownRanks={1} src=role
[21:26:35.423] [JOIN] INFO: [steam] tunnel peer=76561198095203167 (session pre-accepted)
[21:26:35.423] [JOIN] INFO: [steam] transport=steam armed (connect by SteamID; no port forwarding)
[21:26:35.423] [JOIN] INFO: KenshiCoop: starting as CLIENT
[21:26:35.423] [JOIN] INFO: [steam] ENet socket hooks installed (tunnel on P2P channel 0)
[21:26:35.423] [JOIN] INFO: [net] transport=steam (ENet tunnelled over Steam P2P)
[21:26:35.423] [JOIN] INFO: [net] connecting
[21:26:35.423] [JOIN] INFO: [steam] session peer=76561198095203167 active=0 connecting=1 relay=0 err=0
[21:26:35.424] [JOIN] INFO: [boot] title-tick running=1 host=0 started=0 saveEmpty=1
[21:26:35.426] [JOIN] INFO: [coop-ui] banner box=000000004569C5D0 label=000000004569CB10
[21:26:40.433] [JOIN] INFO: [net] [net] bandwidth out=0.0 KB/s in=0.0 KB/s (window 5s)
[21:26:40.500] [JOIN] INFO: [steam] first tunnel packet received from peer
[21:26:40.500] [JOIN] INFO: [net] connected to host; sent HELLO
[21:26:40.551] [JOIN] INFO: [steam] session peer=76561198095203167 active=1 connecting=0 relay=0 err=0
[21:26:40.597] [JOIN] INFO: [net] [mods] match: 60 mods, fingerprint 4f1e54f1
[21:26:40.597] [JOIN] INFO: [net] peer connected id=1 (proto v59) - received WELCOME
[21:26:40.598] [JOIN] INFO: handshake: peer present id=0 (local id=1)
[21:26:40.598] [JOIN] INFO: [latejoin] RESYNC place=0 remove=0 fac=0 door=0 bdoor=0 med=0 stats=0 money=0 inv=0 world=0 prod=0 deed=0
[21:26:40.598] [JOIN] INFO: [save] JOIN save suppression ON (host save is authoritative)
[21:26:40.751] [JOIN] INFO: [net] CLOCKSYNC offset=-7201551 rtt=102 n=1
[21:26:42.809] [JOIN] INFO: [load] GO id=1 name='coop32' hostFp=f2265aa2 localFp=00000000 MISSING -> NACK (transfer)
[21:26:43.010] [JOIN] INFO: [save] XFER-RECV id=1 name='coop32' files=641 bytes=28518437 staging='C:\users\steamuser\AppData\Local\kenshi\save\coop32__incoming'
[21:26:58.248] [JOIN] INFO: [net] CLOCKSYNC offset=-7201555 rtt=82 n=3
[21:26:58.248] [JOIN] INFO: [net] [net] bandwidth out=4.8 KB/s in=618.0 KB/s (window 18s)
[21:26:58.248] [JOIN] INFO: [net] [net] mix out ldNack=1/0.1KB
[21:26:58.248] [JOIN] INFO: [net] [net] mix in  svFile=2744/10121.0KB ent=344/243.7KB census=8/24.6KB med=35/16.0KB inv=5/11.6KB assign=42/1.6KB +stats=6,cam=18,evt=5,time=8,deed=1,svBeg=1,ldGo=1,spdSet=4,cell=2,tpong=3,money=2,welcome=1
[21:27:05.078] [JOIN] INFO: [net] CLOCKSYNC offset=-7201555 rtt=82 n=4
[21:27:05.078] [JOIN] INFO: [net] [net] bandwidth out=5.6 KB/s in=719.6 KB/s (window 7s)
[21:27:05.078] [JOIN] INFO: [net] [net] mix in  svFile=1151/4559.8KB ent=131/80.9KB med=14/6.4KB census=2/6.1KB cam=6/0.1KB time=2/0.0KB +spdSet=1,tpong=1
[21:27:13.599] [JOIN] INFO: [net] CLOCKSYNC offset=-7201555 rtt=82 n=4
[21:27:13.599] [JOIN] INFO: [net] [net] bandwidth out=5.3 KB/s in=689.9 KB/s (window 9s)
[21:27:13.599] [JOIN] INFO: [net] [net] mix in  svFile=1348/5397.9KB ent=163/89.9KB census=3/9.2KB med=16/7.3KB inv=2/3.8KB research=11/0.6KB +stats=3,cam=9,time=3,cell=1,money=1
[21:27:19.171] [JOIN] INFO: [net] CLOCKSYNC offset=-7201555 rtt=82 n=4
[21:27:19.171] [JOIN] INFO: [net] [net] bandwidth out=5.0 KB/s in=647.7 KB/s (window 6s)
[21:27:19.171] [JOIN] INFO: [net] [net] mix in  svFile=853/3392.1KB ent=99/45.7KB med=8/3.6KB census=1/3.1KB cam=6/0.1KB time=1/0.0KB +spdSet=1
[21:27:24.343] [JOIN] INFO: [net] CLOCKSYNC offset=-7201555 rtt=82 n=5
[21:27:24.343] [JOIN] INFO: [net] [net] bandwidth out=4.8 KB/s in=620.2 KB/s (window 5s)
[21:27:24.343] [JOIN] INFO: [net] [net] mix in  svFile=744/2979.3KB ent=88/40.8KB census=2/6.1KB med=10/4.6KB inv=2/3.8KB stats=3/0.6KB +cam=5,deed=1,time=2,tpong=1,money=1
[21:27:26.998] [JOIN] INFO: [save] XFER-COMMIT id=1 name='coop32' files=641 bytes=28518437 badCrc=0 ms=43988
[21:27:26.999] [JOIN] INFO: [load] transfer committed -> loading 'coop32'
[21:27:26.999] [JOIN] INFO: [load] LOCAL-LOAD name='coop32' suppressed=0 bypass=1 via=name
[21:27:29.459] [JOIN] INFO: [net] CLOCKSYNC offset=-7201555 rtt=82 n=7
[21:27:29.459] [JOIN] INFO: [net] [net] bandwidth out=3.4 KB/s in=403.3 KB/s (window 5s)
[21:27:29.460] [JOIN] INFO: [net] [net] mix out svAck=1/0.0KB
[21:27:29.460] [JOIN] INFO: [net] [net] mix in  svFile=432/1705.0KB census=33/101.4KB med=182/83.0KB ent=96/46.1KB inv=13/26.8KB stats=18/3.4KB +svDone=1,research=22,time=33,deed=2,spdSet=11,cell=7,dlg=1,cam=5,money=6,tpong=2
[21:27:34.461] [JOIN] INFO: [net] CLOCKSYNC offset=-7201555 rtt=82 n=9
[21:27:34.462] [JOIN] INFO: [net] [net] bandwidth out=0.1 KB/s in=17.9 KB/s (window 5s)
[21:27:34.462] [JOIN] INFO: [net] [net] mix in  ent=88/49.1KB census=5/15.4KB med=30/13.7KB inv=2/3.8KB stats=3/0.6KB time=5/0.1KB +cam=5,spdSet=2,tpong=2,cell=1,money=1
[21:27:35.179] [JOIN] INFO: [budget] pub avg=0us max=1us apply avg=0us max=1us frames=289 over2ms=0
[21:27:35.179] [JOIN] INFO: [q] peak evt=5 ent=4096/4096 inv=24 cen=54 stealth=0 cam=54 DROPPING ent=3534 stealth=0 cam=0 (total ent=3534)
[21:27:37.078] [JOIN] INFO: KenshiCoop: gameplay started
[21:27:37.112] [JOIN] INFO: [speed] intent hooks installed (setGameSpeed/userPause/togglePause)
[21:27:37.112] [JOIN] INFO: [load] JOIN load suppression ON (host arbitrates loads)
[21:27:37.112] [JOIN] INFO: [event] RECV id=17 ev=1 owner=0 hand=1,391,2297485312,1,1049926784 actor=0,0
[21:27:37.112] [JOIN] INFO: [event] RECV id=18 ev=1 owner=0 hand=1,581,3339843840,1,905883776 actor=0,0
[21:27:37.112] [JOIN] INFO: [event] RECV id=19 ev=2 owner=0 hand=1,499,2535766528,1,1695800832 actor=0,0
[21:27:37.112] [JOIN] INFO: [event] RECV id=20 ev=1 owner=0 hand=1,443,3458862336,1,3537841920 actor=0,0
[21:27:37.112] [JOIN] INFO: [event] RECV id=21 ev=1 owner=0 hand=1,583,1423461888,1,3070922752 actor=0,0
[21:27:37.113] [JOIN] INFO: [taskkey] key=98 desc='Sleeping' repro=1 subject=1
[21:27:37.113] [JOIN] INFO: [seatres] HOST task=98 npc=1,1417358336 subj=145,1711059584 ok=1 npcpos=-71563.8,25443.5 subjpos=-71563.8,25443.5 d=0.0
[21:27:37.113] [JOIN] INFO: [seatres] HOST task=98 npc=1,3388305664 subj=146,3637695232 ok=1 npcpos=-71564.8,25415.1 subjpos=-71564.8,25415.1 d=0.0
[21:27:37.113] [JOIN] INFO: [seatres] HOST task=98 npc=1,1461425792 subj=149,1645629824 ok=1 npcpos=-71515.4,25392.4 subjpos=-71515.4,25392.4 d=0.0
[21:27:37.113] [JOIN] INFO: [seatres] HOST task=98 npc=1,2091308544 subj=150,1094360320 ok=1 npcpos=-71535.9,25392.4 subjpos=-71535.9,25392.4 d=0.0
[21:27:37.113] [JOIN] INFO: [seatres] HOST task=98 npc=1,293090816 subj=148,1750000000 ok=1 npcpos=-71492.6,25392.0 subjpos=-71492.6,25392.0 d=0.0
[21:27:37.113] [JOIN] INFO: [seatres] HOST task=98 npc=1,72143552 subj=196,3667846656 ok=1 npcpos=-71433.7,25486.4 subjpos=-71433.7,25486.4 d=0.0
[21:27:37.113] [JOIN] INFO: [seatres] HOST task=98 npc=1,2108764672 subj=194,1214477568 ok=1 npcpos=-71389.9,25505.9 subjpos=-71389.9,25505.9 d=0.0
[21:27:37.113] [JOIN] INFO: [wi] BASELINE seeded=0 (save-native, never-stream)
[21:27:37.113] [JOIN] INFO: [med] SEND hand=1,2916870144 npc=0 blood=91.9 bleed=0.00 fl=100.0,100.0,125.4,100.0 bd=0.0,0.0,0.0,0.0 flags=0 nparts=7 pmin=100.0 smin=0.0 ls=0,0,2,0
[21:27:37.113] [JOIN] INFO: [med] SEND hand=2,3233642496 npc=0 blood=85.0 bleed=0.00 fl=100.0,100.0,100.0,100.0 bd=0.0,0.0,0.0,0.0 flags=0 nparts=7 pmin=100.0 smin=0.0 ls=0,0,0,0
[21:27:37.113] [JOIN] INFO: [med] SEND hand=3,705200192 npc=0 blood=81.6 bleed=0.00 fl=100.0,100.0,100.0,100.0 bd=0.0,0.0,0.0,0.0 flags=0 nparts=7 pmin=99.9 smin=0.0 ls=0,0,0,0
[21:27:37.113] [JOIN] INFO: [med] SEND hand=4,2053588864 npc=0 blood=90.5 bleed=0.00 fl=125.0,125.0,125.0,125.0 bd=0.0,0.0,0.0,0.0 flags=0 nparts=7 pmin=125.0 smin=0.0 ls=0,0,0,0
[21:27:37.113] [JOIN] INFO: [stats] SEND hand=1,2916870144 str=22.5 dex=18.8 tough=37.9 stealth=41.4 athl=58.8 xp=0 fap=0
[21:27:37.113] [JOIN] INFO: [stats] SEND hand=2,3233642496 str=13.4 dex=16.0 tough=26.1 stealth=36.3 athl=39.4 xp=0 fap=0
[21:27:37.113] [JOIN] INFO: [stats] SEND hand=3,705200192 str=8.8 dex=7.8 tough=21.7 stealth=28.4 athl=39.5 xp=0 fap=0
[21:27:37.113] [JOIN] INFO: [stats] SEND hand=4,2053588864 str=20.7 dex=15.1 tough=37.2 stealth=22.0 athl=26.6 xp=0 fap=0
[21:27:37.113] [JOIN] INFO: [stats] RECV hand=1,1709716736 ok=1 str=42.3 dex=33.2 tough=45.2 stealth=60.9 athl=56.8 xp=0
[21:27:37.113] [JOIN] INFO: [stats] RECV hand=2,3640503040 ok=1 str=29.7 dex=18.6 tough=45.5 stealth=33.8 athl=43.3 xp=0
[21:27:37.113] [JOIN] INFO: [stats] RECV hand=3,3548706048 ok=1 str=3.7 dex=10.1 tough=24.4 stealth=30.9 athl=24.4 xp=0
[21:27:37.113] [JOIN] INFO: [stats] RECV hand=1,1709716736 ok=1 str=42.3 dex=33.2 tough=45.2 stealth=60.9 athl=56.8 xp=0
[21:27:37.113] [JOIN] INFO: [stats] RECV hand=2,3640503040 ok=1 str=29.7 dex=18.6 tough=45.5 stealth=33.8 athl=43.3 xp=0
[21:27:37.113] [JOIN] INFO: [stats] RECV hand=3,3548706048 ok=1 str=3.7 dex=10.1 tough=24.4 stealth=30.9 athl=24.4 xp=0
[21:27:37.113] [JOIN] INFO: [stats] RECV hand=1,1709716736 ok=1 str=42.3 dex=33.2 tough=45.2 stealth=60.9 athl=56.8 xp=0
[21:27:37.113] [JOIN] INFO: [stats] RECV hand=2,3640503040 ok=1 str=29.7 dex=18.6 tough=45.5 stealth=33.8 athl=43.3 xp=0
[21:27:37.113] [JOIN] INFO: [stats] RECV hand=3,3548706048 ok=1 str=3.7 dex=10.1 tough=24.4 stealth=30.9 athl=24.4 xp=0
[21:27:37.113] [JOIN] INFO: [stats] RECV hand=1,1709716736 ok=1 str=42.3 dex=33.2 tough=45.2 stealth=60.9 athl=56.8 xp=0
[21:27:37.113] [JOIN] INFO: [stats] RECV hand=2,3640503040 ok=1 str=29.7 dex=18.6 tough=45.5 stealth=33.8 athl=43.3 xp=0
[21:27:37.113] [JOIN] INFO: [stats] RECV hand=3,3548706048 ok=1 str=3.7 dex=10.1 tough=24.4 stealth=30.9 athl=24.4 xp=0
[21:27:37.113] [JOIN] INFO: [stats] RECV hand=1,1709716736 ok=1 str=42.3 dex=33.2 tough=45.2 stealth=60.9 athl=56.8 xp=0
[21:27:37.113] [JOIN] INFO: [stats] RECV hand=2,3640503040 ok=1 str=29.7 dex=18.6 tough=45.5 stealth=33.8 athl=43.3 xp=0
[21:27:37.113] [JOIN] INFO: [stats] RECV hand=3,3548706048 ok=1 str=3.7 dex=10.1 tough=24.4 stealth=30.9 athl=24.4 xp=0
[21:27:37.113] [JOIN] INFO: [stats] RECV hand=1,1709716736 ok=1 str=42.3 dex=33.2 tough=45.2 stealth=60.9 athl=56.8 xp=0
[21:27:37.113] [JOIN] INFO: [stats] RECV hand=2,3640503040 ok=1 str=29.7 dex=18.6 tough=45.5 stealth=33.8 athl=43.3 xp=0
[21:27:37.113] [JOIN] INFO: [stats] RECV hand=3,3548706048 ok=1 str=3.7 dex=10.1 tough=24.4 stealth=30.9 athl=24.4 xp=0
[21:27:37.114] [JOIN] INFO: [stats] RECV hand=1,1709716736 ok=1 str=42.3 dex=33.2 tough=45.2 stealth=60.9 athl=56.8 xp=0
[21:27:37.114] [JOIN] INFO: [stats] RECV hand=2,3640503040 ok=1 str=29.7 dex=18.6 tough=45.5 stealth=33.8 athl=43.3 xp=0
[21:27:37.114] [JOIN] INFO: [stats] RECV hand=3,3548706048 ok=1 str=3.7 dex=10.1 tough=24.4 stealth=30.9 athl=24.4 xp=0
[21:27:37.114] [JOIN] INFO: [stats] RECV hand=1,1709716736 ok=1 str=42.3 dex=33.2 tough=45.2 stealth=60.9 athl=56.8 xp=0
[21:27:37.114] [JOIN] INFO: [stats] RECV hand=2,3640503040 ok=1 str=29.7 dex=18.6 tough=45.5 stealth=33.8 athl=43.3 xp=0
[21:27:37.114] [JOIN] INFO: [stats] RECV hand=3,3548706048 ok=1 str=3.7 dex=10.1 tough=24.4 stealth=30.9 athl=24.4 xp=0
[21:27:37.114] [JOIN] INFO: [stats] RECV hand=1,1709716736 ok=1 str=42.3 dex=33.2 tough=45.2 stealth=60.9 athl=56.8 xp=0
[21:27:37.114] [JOIN] INFO: [stats] RECV hand=2,3640503040 ok=1 str=29.7 dex=18.6 tough=45.5 stealth=33.8 athl=43.3 xp=0
[21:27:37.114] [JOIN] INFO: [stats] RECV hand=3,3548706048 ok=1 str=3.7 dex=10.1 tough=24.4 stealth=30.9 athl=24.4 xp=0
[21:27:37.114] [JOIN] INFO: [stats] RECV hand=1,1709716736 ok=1 str=42.3 dex=33.2 tough=45.2 stealth=60.9 athl=56.8 xp=0
[21:27:37.114] [JOIN] INFO: [stats] RECV hand=2,3640503040 ok=1 str=29.7 dex=18.6 tough=45.5 stealth=33.8 athl=43.3 xp=0
[21:27:37.114] [JOIN] INFO: [stats] RECV hand=3,3548706048 ok=1 str=3.7 dex=10.1 tough=24.4 stealth=30.9 athl=24.4 xp=0
[21:27:37.114] [JOIN] INFO: [stats] RECV hand=1,1709716736 ok=1 str=42.3 dex=33.2 tough=45.2 stealth=60.9 athl=56.8 xp=0
[21:27:37.114] [JOIN] INFO: [stats] RECV hand=2,3640503040 ok=1 str=29.7 dex=18.6 tough=45.5 stealth=33.8 athl=43.3 xp=0
[21:27:37.114] [JOIN] INFO: [stats] RECV hand=3,3548706048 ok=1 str=3.7 dex=10.1 tough=24.4 stealth=30.9 athl=24.4 xp=0
[21:27:37.114] [JOIN] INFO: [stats] RECV hand=1,1709716736 ok=1 str=42.3 dex=33.2 tough=45.2 stealth=60.9 athl=56.8 xp=0
[21:27:37.114] [JOIN] INFO: [stats] RECV hand=2,3640503040 ok=1 str=29.7 dex=18.6 tough=45.5 stealth=33.8 athl=43.3 xp=0
[21:27:37.114] [JOIN] INFO: [stats] RECV hand=3,3548706048 ok=1 str=3.7 dex=10.1 tough=24.4 stealth=30.9 athl=24.4 xp=0
[21:27:37.114] [JOIN] INFO: [wallet] POOL SEED t=10785 role=join
[21:27:37.138] [JOIN] INFO: [r401] lever scan isKnown=000000014082e430 can=00000001408320d0 start=0000000140833680
[21:27:37.138] [JOIN] INFO: [r401] levers located by prologue scan
[21:27:37.138] [JOIN] INFO: [deed] SEND hand=0.2385.11111.198.830322240 owned=1 owner='204-gamedata.base' name='Campfire' seq=1
[21:27:37.138] [JOIN] INFO: [deed] AUDIT hand=0.2385.11111.198.830322240 isPlayer=1 set=1 sale=0 shop=0 public=1 desig=0 resident=1/0 town=0/1 interior=0 internals=0 doors=0/0/0 furn=0/0/0 canUse=1 home=0/1/0 stuff=1 wallet=10785 squads=2/0/0 cur=0/0 base=-1/-1 owner='204-gamedata.base' name='Campfire'
[21:27:37.138] [JOIN] INFO: [speed] REQ mult=1.00 paused=0 combat=0
[21:27:37.138] [JOIN] INFO: [speed] SET mult=1.00 paused=0 combat=0
[21:27:37.138] [JOIN] INFO: [time] OFFSET off=0.5180gh slew=1.00 host=1039.96819 local=1039.45019
[21:27:37.138] [JOIN] INFO: [dlg] RECV 'Time to make some cats...'
[21:27:37.140] [JOIN] INFO: [life] hand=1,1,2172729600,1,1709716736 from=UNKNOWN to=HI reason=drive
[21:27:37.140] [JOIN] INFO: [life] hand=1,1,2172729600,2,3640503040 from=UNKNOWN to=HI reason=drive
[21:27:37.140] [JOIN] INFO: [life] hand=1,1,2172729600,3,3548706048 from=UNKNOWN to=HI reason=drive
[21:27:37.140] [JOIN] INFO: [gate] hand=1,1053344704 host=119 local=65535  agree=0/1 (0%)
[21:27:37.140] [JOIN] INFO: [life] hand=1,97,2536010752,1,1053344704 from=UNKNOWN to=HI reason=drive
[21:27:37.140] [JOIN] INFO: [life] hand=1,147,182006832,1,435791008 from=UNKNOWN to=HI reason=drive
[21:27:37.140] [JOIN] INFO: [life] hand=1,227,3558838016,1,3409668096 from=UNKNOWN to=HI reason=drive
[21:27:37.140] [JOIN] INFO: [life] hand=1,232,2419799808,1,3443847680 from=UNKNOWN to=HI reason=drive
[21:27:37.140] [JOIN] INFO: [life] hand=1,233,504028320,1,2946655232 from=UNKNOWN to=HI reason=drive
[21:27:37.140] [JOIN] INFO: [life] hand=1,234,1025024384,1,3781005824 from=UNKNOWN to=HI reason=drive
[21:27:37.140] [JOIN] INFO: [pose] rest re-arm task 65535 -> 98
[21:27:37.140] [JOIN] INFO: [pose] applyOrder hand=1,3781005824 task=98 subj=143,2392944384,0 wire=143,2392944384 det=1 r=2 try=0
[21:27:37.140] [JOIN] INFO: [life] hand=1,296,1253051776,1,3735351552 from=UNKNOWN to=HI reason=drive
[21:27:37.140] [JOIN] INFO: [life] hand=1,298,1265991168,1,981689472 from=UNKNOWN to=HI reason=drive
[21:27:37.140] [JOIN] INFO: [life] hand=1,300,1368896512,1,3231933696 from=UNKNOWN to=HI reason=drive
[21:27:37.140] [JOIN] INFO: [life] hand=1,301,292480480,1,51635744 from=UNKNOWN to=HI reason=drive
[21:27:37.140] [JOIN] INFO: [life] hand=1,306,426879872,1,3982299904 from=UNKNOWN to=HI reason=drive
[21:27:37.140] [JOIN] INFO: [life] hand=1,317,2729248000,1,3452758784 from=UNKNOWN to=HI reason=drive
[21:27:37.140] [JOIN] INFO: [life] hand=1,355,2041259776,1,2722656256 from=UNKNOWN to=HI reason=drive
[21:27:37.140] [JOIN] INFO: [pose] rest re-arm task 65535 -> 98
[21:27:37.140] [JOIN] INFO: [pose] applyOrder hand=1,2722656256 task=98 subj=144,2373291008,0 wire=144,2373291008 det=1 r=2 try=0
[21:27:37.140] [JOIN] INFO: [life] hand=1,360,2454467840,1,2834350592 from=UNKNOWN to=HI reason=drive
[21:27:37.140] [JOIN] INFO: [pose] rest re-arm task 65535 -> 87
[21:27:37.140] [JOIN] INFO: [pose] applyOrder hand=1,2834350592 task=87 subj=129,3737670912,0 wire=129,3737670912 det=1 r=2 try=0
[21:27:37.140] [JOIN] INFO: [life] hand=1,372,1663818368,1,722534208 from=UNKNOWN to=HI reason=drive
[21:27:37.140] [JOIN] INFO: [life] hand=1,378,2400512768,1,599487296 from=UNKNOWN to=HI reason=drive
[21:27:37.140] [JOIN] INFO: [pose] rest re-arm task 65535 -> 87
[21:27:37.140] [JOIN] INFO: [pose] applyOrder hand=1,599487296 task=87 subj=77,3400878848,0 wire=77,3400878848 det=1 r=2 try=0
[21:27:37.140] [JOIN] INFO: [life] hand=1,378,2400512768,2,812499968 from=UNKNOWN to=HI reason=drive
[21:27:37.141] [JOIN] INFO: [pose] rest re-arm task 65535 -> 87
[21:27:37.141] [JOIN] INFO: [pose] applyOrder hand=2,812499968 task=87 subj=70,3663330048,0 wire=70,3663330048 det=1 r=2 try=0
[21:27:37.141] [JOIN] INFO: [life] hand=1,378,2400512768,3,1930908160 from=UNKNOWN to=HI reason=drive
[21:27:37.141] [JOIN] INFO: [pose] rest re-arm task 65535 -> 87
[21:27:37.141] [JOIN] INFO: [pose] applyOrder hand=3,1930908160 task=87 subj=75,2266357504,0 wire=75,2266357504 det=1 r=2 try=0
[21:27:37.141] [JOIN] INFO: [life] hand=1,378,2400512768,4,2686645504 from=UNKNOWN to=HI reason=drive
[21:27:37.141] [JOIN] INFO: [pose] rest re-arm task 65535 -> 87
[21:27:37.141] [JOIN] INFO: [pose] applyOrder hand=4,2686645504 task=87 subj=78,523559584,0 wire=78,523559584 det=1 r=2 try=0
[21:27:37.141] [JOIN] INFO: [life] hand=1,378,2400512768,6,2866577152 from=UNKNOWN to=HI reason=drive
[21:27:37.141] [JOIN] INFO: [pose] rest re-arm task 65535 -> 87
[21:27:37.141] [JOIN] INFO: [pose] applyOrder hand=6,2866577152 task=87 subj=76,2676513792,0 wire=76,2676513792 det=1 r=2 try=0
[21:27:37.141] [JOIN] INFO: [life] hand=1,385,3805297920,1,1513671936 from=UNKNOWN to=HI reason=drive
[21:27:37.141] [JOIN] INFO: [life] hand=1,389,673217792,1,2952758784 from=UNKNOWN to=HI reason=drive
[21:27:37.141] [JOIN] INFO: [life] hand=1,390,1742065408,7,1111816448 from=UNKNOWN to=HI reason=drive
[21:27:37.141] [JOIN] INFO: [pose] rest re-arm task 65535 -> 98
[21:27:37.141] [JOIN] INFO: [pose] applyOrder hand=7,1111816448 task=98 subj=147,434936512,0 wire=147,434936512 det=1 r=2 try=0
[21:27:37.141] [JOIN] INFO: [life] hand=1,404,362304672,1,207763664 from=UNKNOWN to=HI reason=drive
[21:27:37.141] [JOIN] INFO: [life] hand=1,412,1212646528,1,1923217792 from=UNKNOWN to=HI reason=drive
[21:27:37.141] [JOIN] INFO: [life] hand=1,418,1020751936,1,2730834944 from=UNKNOWN to=HI reason=drive
[21:27:37.141] [JOIN] INFO: [pose] rest re-arm task 65535 -> 98
[21:27:37.141] [JOIN] INFO: [pose] applyOrder hand=1,2730834944 task=98 subj=151,3629882880,0 wire=151,3629882880 det=1 r=2 try=0
[21:27:37.141] [JOIN] INFO: [life] hand=1,419,1033325184,1,1975708032 from=UNKNOWN to=HI reason=drive
[21:27:37.141] [JOIN] INFO: [life] hand=1,439,922363264,1,191040032 from=UNKNOWN to=HI reason=drive
[21:27:37.141] [JOIN] INFO: [life] hand=1,440,801879872,1,1264160128 from=UNKNOWN to=HI reason=drive
[21:27:37.141] [JOIN] INFO: [life] hand=1,456,699707008,1,293090816 from=UNKNOWN to=HI reason=drive
[21:27:37.141] [JOIN] INFO: [pose] rest re-arm task 65535 -> 98
[21:27:37.141] [JOIN] INFO: [pose] applyOrder hand=1,293090816 task=98 subj=148,1750000000,0 wire=148,1750000000 det=1 r=2 try=0
[21:27:37.141] [JOIN] INFO: [life] hand=1,466,1595458944,1,363037120 from=UNKNOWN to=HI reason=drive
[21:27:37.141] [JOIN] INFO: [life] hand=1,471,475463872,1,2640503040 from=UNKNOWN to=HI reason=drive
[21:27:37.141] [JOIN] INFO: [life] hand=1,472,2403808512,1,3286376960 from=UNKNOWN to=HI reason=drive
[21:27:37.141] [JOIN] INFO: [life] hand=1,475,1583496064,1,2376098560 from=UNKNOWN to=HI reason=drive
[21:27:37.141] [JOIN] INFO: [pose] rest re-arm task 65535 -> 98
[21:27:37.141] [JOIN] INFO: [pose] applyOrder hand=1,2376098560 task=98 subj=182,1649414016,0 wire=182,1649414016 det=1 r=2 try=0
[21:27:37.141] [JOIN] INFO: [life] hand=1,477,2127807616,1,1461425792 from=UNKNOWN to=HI reason=drive
[21:27:37.141] [JOIN] INFO: [pose] rest re-arm task 65535 -> 98
[21:27:37.141] [JOIN] INFO: [pose] applyOrder hand=1,1461425792 task=98 subj=149,1645629824,0 wire=149,1645629824 det=1 r=2 try=0
[21:27:37.141] [JOIN] INFO: [life] hand=1,478,2835693312,1,1417358336 from=UNKNOWN to=HI reason=drive
[21:27:37.141] [JOIN] INFO: [pose] rest re-arm task 65535 -> 98
[21:27:37.141] [JOIN] INFO: [pose] applyOrder hand=1,1417358336 task=98 subj=145,1711059584,0 wire=145,1711059584 det=1 r=2 try=0
[21:27:37.141] [JOIN] INFO: [life] hand=1,480,2276855552,1,3046630912 from=UNKNOWN to=HI reason=drive
[21:27:37.141] [JOIN] INFO: [life] hand=1,481,3322509824,1,656127936 from=UNKNOWN to=HI reason=drive
[21:27:37.141] [JOIN] INFO: [pose] rest re-arm task 65535 -> 87
[21:27:37.141] [JOIN] INFO: [pose] applyOrder hand=1,656127936 task=87 subj=71,3287109376,0 wire=71,3287109376 det=1 r=2 try=0
[21:27:37.141] [JOIN] INFO: [life] hand=1,482,881103488,1,2374145536 from=UNKNOWN to=HI reason=drive
[21:27:37.141] [JOIN] INFO: [life] hand=1,483,585327168,1,2663207936 from=UNKNOWN to=HI reason=drive
[21:27:37.141] [JOIN] INFO: [life] hand=1,484,2812622080,1,2954833920 from=UNKNOWN to=HI reason=drive
[21:27:37.141] [JOIN] INFO: [pose] rest re-arm task 65535 -> 87
[21:27:37.141] [JOIN] INFO: [pose] applyOrder hand=1,2954833920 task=87 subj=109,1494506880,0 wire=109,1494506880 det=1 r=2 try=0
[21:27:37.141] [JOIN] INFO: [life] hand=1,485,1927612288,1,1317382784 from=UNKNOWN to=HI reason=drive
[21:27:37.141] [JOIN] INFO: [pose] rest re-arm task 65535 -> 87
[21:27:37.141] [JOIN] INFO: [pose] applyOrder hand=1,1317382784 task=87 subj=123,2040161152,0 wire=123,2040161152 det=1 r=2 try=0
[21:27:37.141] [JOIN] INFO: [life] hand=1,487,3947631872,1,328491200 from=UNKNOWN to=HI reason=drive
[21:27:37.141] [JOIN] INFO: [pose] rest re-arm task 65535 -> 87
[21:27:37.141] [JOIN] INFO: [pose] applyOrder hand=1,328491200 task=87 subj=108,194824224,0 wire=108,194824224 det=1 r=2 try=0
[21:27:37.141] [JOIN] INFO: [life] hand=1,488,593139648,1,853149440 from=UNKNOWN to=HI reason=drive
[21:27:37.141] [JOIN] INFO: [life] hand=1,489,3635986432,1,1112304640 from=UNKNOWN to=HI reason=drive
[21:27:37.141] [JOIN] INFO: [life] hand=1,490,2252563456,1,3806030336 from=UNKNOWN to=HI reason=drive
[21:27:37.141] [JOIN] INFO: [life] hand=1,491,631591808,1,3960449280 from=UNKNOWN to=HI reason=drive
[21:27:37.141] [JOIN] INFO: [life] hand=1,492,2179443456,1,1461303680 from=UNKNOWN to=HI reason=drive
[21:27:37.141] [JOIN] INFO: [life] hand=1,494,1688110336,1,2551391488 from=UNKNOWN to=HI reason=drive
[21:27:37.141] [JOIN] INFO: [life] hand=1,495,3866210816,1,3202392576 from=UNKNOWN to=HI reason=drive
[21:27:37.141] [JOIN] INFO: [life] hand=1,517,210937504,1,235961920 from=UNKNOWN to=HI reason=drive
[21:27:37.141] [JOIN] INFO: [life] hand=1,518,708251968,1,646972672 from=UNKNOWN to=HI reason=drive
[21:27:37.141] [JOIN] INFO: [life] hand=1,520,1301269504,1,1492431616 from=UNKNOWN to=HI reason=drive
[21:27:37.141] [JOIN] INFO: [life] hand=1,522,2107666048,1,3323852544 from=UNKNOWN to=HI reason=drive
[21:27:37.141] [JOIN] INFO: [life] hand=1,525,2475219712,1,3671997184 from=UNKNOWN to=HI reason=drive
[21:27:37.141] [JOIN] INFO: [pose] rest re-arm task 65535 -> 98
[21:27:37.141] [JOIN] INFO: [pose] applyOrder hand=1,3671997184 task=98 subj=152,2223632896,0 wire=152,2223632896 det=1 r=2 try=0
[21:27:37.141] [JOIN] INFO: [life] hand=1,527,1791748096,1,3988281344 from=UNKNOWN to=HI reason=drive
[21:27:37.141] [JOIN] INFO: [life] hand=1,528,2009765632,1,3596435456 from=UNKNOWN to=HI reason=drive
[21:27:37.141] [JOIN] INFO: [life] hand=1,529,3288574208,1,2586425856 from=UNKNOWN to=HI reason=drive
[21:27:37.141] [JOIN] INFO: [life] hand=1,530,2735351552,1,1964477568 from=UNKNOWN to=HI reason=drive
[21:27:37.141] [JOIN] INFO: [pose] rest re-arm task 65535 -> 98
[21:27:37.141] [JOIN] INFO: [pose] applyOrder hand=1,1964477568 task=98 subj=153,1637329152,0 wire=153,1637329152 det=1 r=2 try=0
[21:27:37.141] [JOIN] INFO: [life] hand=1,533,2564941312,1,1287963904 from=UNKNOWN to=HI reason=drive
[21:27:37.141] [JOIN] INFO: [pose] rest re-arm task 65535 -> 98
[21:27:37.141] [JOIN] INFO: [pose] applyOrder hand=1,1287963904 task=98 subj=142,515624992,0 wire=142,515624992 det=1 r=2 try=0
[21:27:37.141] [JOIN] INFO: [life] hand=1,537,1485229440,1,3814941440 from=UNKNOWN to=HI reason=drive
[21:27:37.141] [JOIN] INFO: [pose] rest re-arm task 65535 -> 87
[21:27:37.141] [JOIN] INFO: [pose] applyOrder hand=1,3814941440 task=87 subj=107,3124633856,0 wire=107,3124633856 det=1 r=2 try=0
[21:27:37.141] [JOIN] INFO: [life] hand=1,544,1186523392,1,2545043968 from=UNKNOWN to=HI reason=drive
[21:27:37.141] [JOIN] INFO: [life] hand=1,611,2146972672,1,1619628928 from=UNKNOWN to=HI reason=drive
[21:27:37.141] [JOIN] INFO: [pose] rest re-arm task 65535 -> 87
[21:27:37.141] [JOIN] INFO: [pose] applyOrder hand=1,1619628928 task=87 subj=73,3275756800,0 wire=73,3275756800 det=1 r=2 try=0
[21:27:37.141] [JOIN] INFO: [life] hand=1,612,1534668032,1,3246582016 from=UNKNOWN to=HI reason=drive
[21:27:37.141] [JOIN] INFO: [life] hand=1,613,2211791872,1,1632202112 from=UNKNOWN to=HI reason=drive
[21:27:37.141] [JOIN] INFO: [life] hand=1,616,1407470720,1,3637207040 from=UNKNOWN to=HI reason=drive
[21:27:37.141] [JOIN] INFO: [pose] rest re-arm task 65535 -> 87
[21:27:37.141] [JOIN] INFO: [pose] applyOrder hand=1,3637207040 task=87 subj=79,1582031232,0 wire=79,1582031232 det=1 r=2 try=0
[21:27:37.141] [JOIN] INFO: [life] hand=1,617,2473510656,1,3953857536 from=UNKNOWN to=HI reason=drive
[21:27:37.141] [JOIN] INFO: [pose] rest re-arm task 65535 -> 87
[21:27:37.141] [JOIN] INFO: [pose] applyOrder hand=1,3953857536 task=87 subj=72,713500992,0 wire=72,713500992 det=1 r=2 try=0
[21:27:37.141] [JOIN] INFO: [life] hand=1,621,3230590720,1,2602050816 from=UNKNOWN to=HI reason=drive
[21:27:37.141] [JOIN] INFO: [pose] rest re-arm task 65535 -> 87
[21:27:37.141] [JOIN] INFO: [pose] applyOrder hand=1,2602050816 task=87 subj=122,307861344,0 wire=122,307861344 det=1 r=2 try=0
[21:27:37.141] [JOIN] INFO: [life] hand=1,623,373779296,1,2863891712 from=UNKNOWN to=HI reason=drive
[21:27:37.141] [JOIN] INFO: [life] hand=1,624,1734741248,1,2986694400 from=UNKNOWN to=HI reason=drive
[21:27:37.141] [JOIN] INFO: [life] hand=1,625,262939456,1,2686523392 from=UNKNOWN to=HI reason=drive
[21:27:37.141] [JOIN] INFO: [life] hand=1,645,3273315328,1,3708251904 from=UNKNOWN to=HI reason=drive
[21:27:37.141] [JOIN] INFO: [life] hand=1,649,1301513728,1,39306640 from=UNKNOWN to=HI reason=drive
[21:27:37.141] [JOIN] INFO: [ai] suspended=76 driven=87 targets=87 rel=0 relWalk=0u/0s snapCbt=0 snapVeto=0 frzAct=0 frzHurt=0
[21:27:37.141] [JOIN] INFO: [interp] lerp=0 extrap=0 clamp=0 seg=0 single=87 snapSq=0 snapNpc=0 reissueSq=0 reissueNpc=0 restFlip=0 delay=50 jit=0.0 starve=0 snapMid=0 restFlipMid=0 haltDrv=0 haltCbt=0
[21:27:37.141] [JOIN] INFO: [trust] trusted=0 driven=87 grants=0 revokes=0 koRel=0 koExp=0
[21:27:37.142] [JOIN] INFO: [inv] APPLY hand=1,1,2172729600,1,1709716736 items=13
[21:27:37.142] [JOIN] INFO: [inv] APPLY hand=1,1,2172729600,2,3640503040 items=26
[21:27:37.142] [JOIN] INFO: [inv] APPLY hand=1,1,2172729600,3,3548706048 items=11
[21:27:37.142] [JOIN] INFO: [census] recv n=95 culls=0 trunc=0
[21:27:37.142] [JOIN] INFO: [audit] exist near=29 wide=93 drv=84 cen=9 hid=0 ghost=0 supp=0 census=95 fresh=1 parks=0 nearCap=0 wideCap=0 peerTrunc=0 staleMs=0 edges=0 ghostMax=-1 ghostEdge=0 dorm=0 attnR=1000 dormPc=0 pcs=7 mine=0 skip=0 cells=0 truncHold=0 wdHold=0 noBody=0 lostItems=0
[21:27:37.142] [JOIN] INFO: [auth] map n=95 host=51 join=44 veto=0 vetoTotal=0 gen=1 div=0 consult=88 recv=42 stale=0 refuse=0
[21:27:37.142] [JOIN] INFO: [census] sent n=95 radius=2000 mid=21 anchors=2 a0=loaded:34 a1=loaded:61 enum=95 notmine=0 proxyrow=0 attnR=1000 resendSup=0 nearSup=0
[21:27:37.142] [JOIN] INFO: [cam] center=-71239.4,1647.1,25271.4
[21:27:37.142] [JOIN] INFO: [cam] hint recv=-71337.7,1647.7,25284.8
[21:27:37.142] [JOIN] INFO: [cell] RECV owner=0 rank=0 cell=16,37 seq=5
[21:27:37.142] [JOIN] INFO: [cell] MAP cells=1 slots=1 16,37=0
[21:27:37.155] [JOIN] INFO: [taskkey] key=1 desc='Moving' repro=0 subject=1
[21:27:37.155] [JOIN] INFO: [seatres] HOST task=98 npc=1,2722656256 subj=144,2373291008 ok=1 npcpos=-71566.6,25477.1 subjpos=-71566.6,25477.1 d=0.0
[21:27:37.155] [JOIN] INFO: [seatres] HOST task=98 npc=1,2376098560 subj=182,1649414016 ok=1 npcpos=-71469.1,25590.2 subjpos=-71469.1,25590.2 d=0.0
[21:27:37.157] [JOIN] INFO: [cell] yield hand=1,1513671936 owner=1 - the peer's stream holds this body; not authoring it while they drive it
[21:27:37.157] [JOIN] INFO: [cell] yield hand=1,2663207936 owner=1 - the peer's stream holds this body; not authoring it while they drive it
[21:27:37.157] [JOIN] INFO: [cell] yield hand=1,656127936 owner=1 - the peer's stream holds this body; not authoring it while they drive it
[21:27:37.158] [JOIN] INFO: [cell] yield hand=1,1461425792 owner=1 - the peer's stream holds this body; not authoring it while they drive it
[21:27:37.158] [JOIN] INFO: [cell] yield hand=1,1049926784 owner=1 - the peer's stream holds this body; not authoring it while they drive it
[21:27:37.158] [JOIN] INFO: [cell] yield hand=1,2952758784 owner=1 - the peer's stream holds this body; not authoring it while they drive it
[21:27:37.158] [JOIN] INFO: [cell] yield hand=1,435791008 owner=1 - the peer's stream holds this body; not authoring it while they drive it
[21:27:37.158] [JOIN] INFO: [cell] yield hand=1,3202392576 owner=1 - the peer's stream holds this body; not authoring it while they drive it
[21:27:37.158] [JOIN] INFO: [cell] yield hand=1,3960449280 owner=1 - the peer's stream holds this body; not authoring it while they drive it
[21:27:37.158] [JOIN] INFO: [cell] yield hand=1,905883776 owner=1 - the peer's stream holds this body; not authoring it while they drive it
[21:27:37.158] [JOIN] INFO: [cell] yield hand=1,2863891712 owner=1 - the peer's stream holds this body; not authoring it while they drive it
[21:27:37.158] [JOIN] INFO: [cell] yield hand=1,39306640 owner=1 - the peer's stream holds this body; not authoring it while they drive it
[21:27:37.158] [JOIN] INFO: [cell] yield hand=1,1975708032 owner=1 - the peer's stream holds this body; not authoring it while they drive it
[21:27:37.158] [JOIN] INFO: [cell] yield hand=1,1632202112 owner=1 - the peer's stream holds this body; not authoring it while they drive it
[21:27:37.182] [JOIN] INFO: [taskkey] key=87 desc='Operating machine' repro=1 subject=1
[21:27:37.182] [JOIN] INFO: [seatres] HOST task=87 npc=1,1437255808 subj=83,1735595648 ok=1 npcpos=-71571.3,25329.4 subjpos=-71571.3,25329.4 d=0.0
[21:27:37.205] [JOIN] INFO: [event] SEND id=1 ev=2 hand=1,499,2535766528,1,1695800832 actor=0,0 bs 0->7
[21:27:37.205] [JOIN] INFO: [med] SEND hand=1,1695800832 npc=1 blood=100.7 bleed=0.00 fl=-375.0,53.9,-375.0,-344.6 bd=0.0,0.0,0.0,0.0 flags=7 nparts=7 pmin=53.9 smin=0.0 ls=0,0,0,0
[21:27:37.216] [JOIN] INFO: [seatres] HOST task=87 npc=1,2265869056 subj=80,2264648448 ok=1 npcpos=-71599.9,25349.3 subjpos=-71599.9,25349.3 d=0.0
[21:27:37.241] [JOIN] INFO: [cell] yield hand=1,1619628928 owner=1 - the peer's stream holds this body; not authoring it while they drive it
[21:27:37.241] [JOIN] INFO: [cell] yield hand=1,3953857536 owner=1 - the peer's stream holds this body; not authoring it while they drive it
[21:27:37.241] [JOIN] INFO: [cell] yield hand=1,2586425856 owner=1 - the peer's stream holds this body; not authoring it while they drive it
[21:27:37.241] [JOIN] INFO: [cell] yield hand=1,2640503040 owner=1 - the peer's stream holds this body; not authoring it while they drive it
[21:27:37.241] [JOIN] INFO: [cell] yield hand=1,3452758784 owner=1 - the peer's stream holds this body; not authoring it while they drive it
[21:27:37.241] [JOIN] INFO: [cell] yield hand=1,3537841920 owner=1 - the peer's stream holds this body; not authoring it while they drive it
[21:27:37.241] [JOIN] INFO: [cell] yield hand=1,3708251904 owner=1 - the peer's stream holds this body; not authoring it while they drive it
[21:27:37.241] [JOIN] INFO: [cell] yield hand=1,2602050816 owner=1 - the peer's stream holds this body; not authoring it while they drive it
[21:27:37.241] [JOIN] INFO: [cell] yield hand=1,1317382784 owner=1 - the peer's stream holds this body; not authoring it while they drive it
[21:27:37.241] [JOIN] INFO: [cell] yield hand=1,1053344704 owner=1 - the peer's stream holds this body; not authoring it while they drive it
[21:27:37.241] [JOIN] INFO: [cell] yield hand=1,328491200 owner=1 - the peer's stream holds this body; not authoring it while they drive it
[21:27:37.241] [JOIN] INFO: [cell] yield hand=1,3814941440 owner=1 - the peer's stream holds this body; not authoring it while they drive it
[21:27:37.241] [JOIN] INFO: [cell] yield hand=1,2553832960 owner=1 - the peer's stream holds this body; not authoring it while they drive it
[21:27:37.241] [JOIN] INFO: [cell] yield hand=1,1400268544 owner=1 - the peer's stream holds this body; not authoring it while they drive it
[21:27:37.241] [JOIN] INFO: [cell] yield hand=1,3671997184 owner=1 - the peer's stream holds this body; not authoring it while they drive it
[21:27:37.241] [JOIN] INFO: [cell] yield hand=1,2722656256 owner=1 - the peer's stream holds this body; not authoring it while they drive it
[21:27:37.241] [JOIN] INFO: [cell] yield hand=1,3409668096 owner=1 - the peer's stream holds this body; not authoring it while they drive it
[21:27:37.241] [JOIN] INFO: [cell] yield hand=1,2376098560 owner=1 - the peer's stream holds this body; not authoring it while they drive it
[21:27:37.241] [JOIN] INFO: [cell] yield hand=1,2946655232 owner=1 - the peer's stream holds this body; not authoring it while they drive it
[21:27:37.241] [JOIN] INFO: [cell] yield hand=1,1287963904 owner=1 - the peer's stream holds this body; not authoring it while they drive it
[21:27:37.241] [JOIN] INFO: [cell] yield hand=1,1112304640 owner=1 - the peer's stream holds this body; not authoring it while they drive it
[21:27:37.241] [JOIN] INFO: [cell] yield hand=1,51635744 owner=1 - the peer's stream holds this body; not authoring it while they drive it
[21:27:37.241] [JOIN] INFO: [cell] yield hand=1,2686523392 owner=1 - the peer's stream holds this body; not authoring it while they drive it
[21:27:37.241] [JOIN] INFO: [cell] yield hand=1,191040032 owner=1 - the peer's stream holds this body; not authoring it while they drive it
[21:27:37.241] [JOIN] INFO: [cell] yield hand=1,235961920 owner=1 - the peer's stream holds this body; not authoring it while they drive it
[21:27:37.241] [JOIN] INFO: [cell] yield hand=1,3988281344 owner=1 - the peer's stream holds this body; not authoring it while they drive it
[21:27:37.241] [JOIN] INFO: [cell] yield hand=1,3070922752 owner=1 - the peer's stream holds this body; not authoring it while they drive it
[21:27:37.241] [JOIN] INFO: [cell] yield hand=1,1695800832 owner=1 - the peer's stream holds this body; not authoring it while they drive it
[21:27:37.262] [JOIN] INFO: [seatres] HOST task=98 npc=1,1287963904 subj=142,515624992 ok=1 npcpos=-71565.3,25528.6 subjpos=-71565.3,25528.6 d=0.0
[21:27:37.262] [JOIN] INFO: [seatres] HOST task=87 npc=1,2602050816 subj=122,307861344 ok=1 npcpos=-71672.5,25347.9 subjpos=-71672.5,25347.9 d=0.0
[21:27:37.284] [JOIN] INFO: [taskkey] key=119 desc='Shopping' repro=0 subject=1
[21:27:37.284] [JOIN] INFO: [time] OFFSET off=0.5254gh slew=1.05 host=1039.97738 local=1039.45193
[21:27:37.318] [JOIN] INFO: [seatres] HOST task=87 npc=1,1317382784 subj=123,2040161152 ok=1 npcpos=-71675.3,25368.4 subjpos=-71675.3,25368.4 d=0.0
[21:27:37.318] [JOIN] INFO: [seatres] HOST task=87 npc=1,2553832960 subj=70,3663330048 ok=1 npcpos=-71687.7,25351.2 subjpos=-71687.7,25351.2 d=0.0
[21:27:37.369] [JOIN] INFO: [event] SEND id=2 ev=1 hand=1,443,3458862336,1,3537841920 actor=0,0 bs 0->2051
[21:27:37.369] [JOIN] INFO: [med] SEND hand=1,3537841920 npc=1 blood=119.1 bleed=0.00 fl=125.0,125.0,125.0,125.0 bd=0.0,0.0,0.0,0.0 flags=1 nparts=7 pmin=60.6 smin=0.0 ls=0,0,0,0
[21:27:37.393] [JOIN] INFO: [spawn] INFO send hand=1,312,386474624,1,3778564352 found=1 dead=0 age=1.00 sid='1289-gamedata.base' fac='1214-gamedata.base'
[21:27:37.393] [JOIN] INFO: [spawn] INFO send hand=1,357,3856933632,1,2553832960 found=1 dead=0 age=1.00 sid='1227-gamedata.base' fac='1214-gamedata.base'
[21:27:37.393] [JOIN] INFO: [spawn] INFO send hand=1,358,2981689344,1,2694091776 found=1 dead=0 age=1.00 sid='1227-gamedata.base' fac='1214-gamedata.base'
[21:27:37.393] [JOIN] INFO: [spawn] INFO send hand=1,382,2239623936,1,1362182656 found=1 dead=0 age=1.00 sid='1227-gamedata.base' fac='1214-gamedata.base'
[21:27:37.393] [JOIN] INFO: [spawn] INFO send hand=1,421,837524416,1,1400268544 found=1 dead=0 age=1.00 sid='1292-gamedata.base' fac='1214-gamedata.base'
[21:27:37.429] [JOIN] INFO: [seatres] HOST task=98 npc=1,3671997184 subj=152,2223632896 ok=1 npcpos=-71629.3,25532.1 subjpos=-71629.3,25532.1 d=0.0
[21:27:37.429] [JOIN] INFO: [event] SEND id=3 ev=1 hand=1,583,1423461888,1,3070922752 actor=0,0 bs 0->2051
[21:27:37.429] [JOIN] INFO: [med] SEND hand=1,3070922752 npc=1 blood=107.6 bleed=0.00 fl=125.0,125.0,125.0,14.2 bd=0.0,0.0,0.0,0.0 flags=1 nparts=7 pmin=14.2 smin=0.0 ls=0,0,0,0
[21:27:37.467] [JOIN] INFO: [inv] SEND hand=1,2,2989257728,1,2916870144 kind=0 key=1,2,2989257728,1,2916870144 items=6 hash=3093241796
[21:27:37.467] [JOIN] INFO: [inv] SEND hand=1,2,2989257728,2,3233642496 kind=0 key=1,2,2989257728,2,3233642496 items=18 hash=3382688619
[21:27:37.467] [JOIN] INFO: [inv] SEND hand=1,2,2989257728,3,705200192 kind=0 key=1,2,2989257728,3,705200192 items=10 hash=2104297133
[21:27:37.467] [JOIN] INFO: [inv] SEND hand=1,2,2989257728,4,2053588864 kind=0 key=1,2,2989257728,4,2053588864 items=12 hash=3739882486
[21:27:37.489] [JOIN] INFO: [seatres] HOST task=87 npc=1,1619628928 subj=73,3275756800 ok=1 npcpos=-71634.5,25309.2 subjpos=-71634.5,25309.2 d=0.0
[21:27:37.547] [JOIN] INFO: [seatres] HOST task=87 npc=1,3953857536 subj=72,713500992 ok=1 npcpos=-71656.1,25309.4 subjpos=-71656.1,25309.4 d=0.0
[21:27:37.547] [JOIN] INFO: [seatres] HOST task=87 npc=1,328491200 subj=108,194824224 ok=1 npcpos=-71613.4,25463.1 subjpos=-71613.4,25463.1 d=0.0
[21:27:37.547] [JOIN] INFO: [seatres] HOST task=87 npc=1,1400268544 subj=76,2676513792 ok=1 npcpos=-71660.1,25369.9 subjpos=-71660.1,25369.9 d=0.0
[21:27:37.603] [JOIN] INFO: [taskkey] key=51 desc='Stand at node' repro=0 subject=1
[21:27:37.651] [JOIN] INFO: [life] hand=1,298,1265991168,1,981689472 from=HI to=PARKED reason=mid-rest
[21:27:37.652] [JOIN] INFO: [life] hand=1,466,1595458944,1,363037120 from=HI to=MID reason=drive
[21:27:38.054] [JOIN] INFO: [life] hand=1,233,504028320,1,2946655232 from=HI to=PARKED reason=mid-rest
[21:27:38.173] [JOIN] INFO: [seatres] HOST task=87 npc=1,3778564352 subj=77,3400878848 ok=1 npcpos=-71631.0,25369.2 subjpos=-71631.0,25369.2 d=0.0
[21:27:38.173] [JOIN] INFO: [seatres] HOST task=87 npc=1,3814941440 subj=107,3124633856 ok=1 npcpos=-71594.8,25487.6 subjpos=-71594.1,25480.0 d=7.6
[21:27:38.197] [JOIN] INFO: [cell] yield hand=1,3778564352 owner=1 - the peer's stream holds this body; not authoring it while they drive it
[21:27:38.197] [JOIN] INFO: [cell] yield hand=1,2694091776 owner=1 - the peer's stream holds this body; not authoring it while they drive it
[21:27:38.197] [JOIN] INFO: [cell] yield hand=1,1362182656 owner=1 - the peer's stream holds this body; not authoring it while they drive it
[21:27:38.230] [JOIN] INFO: [seatres] HOST task=87 npc=1,2694091776 subj=75,2266357504 ok=1 npcpos=-71680.0,25368.4 subjpos=-71680.0,25368.4 d=0.0
[21:27:38.291] [JOIN] INFO: [time] OFFSET off=0.5234gh slew=1.40 host=1039.98658 local=1039.46320
[21:27:38.292] [JOIN] INFO: [life] hand=1,494,1688110336,1,2551391488 from=HI to=PARKED reason=mid-rest
[21:27:38.376] [JOIN] INFO: [med] SEND hand=1,3537841920 npc=1 blood=119.1 bleed=0.00 fl=125.0,125.0,125.0,125.0 bd=0.0,0.0,0.0,0.0 flags=1 nparts=7 pmin=60.6 smin=0.0 ls=0,0,0,0
[21:27:38.413] [JOIN] INFO: [life] hand=1,617,2473510656,1,3953857536 from=HI to=PARKED reason=mid-rest
[21:27:38.457] [JOIN] INFO: [seatres] HOST task=87 npc=1,1362182656 subj=78,523559584 ok=1 npcpos=-71613.9,25365.1 subjpos=-71613.9,25365.1 d=0.0
[21:27:38.813] [JOIN] INFO: [life] hand=1,227,3558838016,1,3409668096 from=HI to=PARKED reason=mid-rest
[21:27:38.813] [JOIN] INFO: [life] hand=1,537,1485229440,1,3814941440 from=HI to=PARKED reason=mid-rest
[21:27:38.906] [JOIN] INFO: [life] hand=1,611,2146972672,1,1619628928 from=HI to=PARKED reason=mid-rest
[21:27:38.940] [JOIN] INFO: [trust] grant hand=1,3409668096 streak=150
[21:27:38.940] [JOIN] INFO: [trust] grant hand=1,3443847680 streak=150
[21:27:38.940] [JOIN] INFO: [trust] grant hand=1,2946655232 streak=150
[21:27:38.940] [JOIN] INFO: [trust] grant hand=1,3781005824 streak=150
[21:27:38.940] [JOIN] INFO: [trust] grant hand=1,3735351552 streak=150
[21:27:38.940] [JOIN] INFO: [trust] grant hand=1,2722656256 streak=150
[21:27:38.940] [JOIN] INFO: [trust] grant hand=1,2730834944 streak=150
[21:27:38.940] [JOIN] INFO: [trust] grant hand=1,293090816 streak=150
[21:27:38.940] [JOIN] INFO: [trust] grant hand=1,2376098560 streak=150
[21:27:38.940] [JOIN] INFO: [trust] grant hand=1,1461425792 streak=150
[21:27:38.940] [JOIN] INFO: [trust] grant hand=1,1417358336 streak=150
[21:27:38.940] [JOIN] INFO: [trust] grant hand=1,1112304640 streak=150
[21:27:38.940] [JOIN] INFO: [trust] grant hand=1,3960449280 streak=150
[21:27:38.940] [JOIN] INFO: [trust] grant hand=1,2551391488 streak=150
[21:27:38.940] [JOIN] INFO: [trust] grant hand=1,3202392576 streak=150
[21:27:38.940] [JOIN] INFO: [trust] grant hand=1,235961920 streak=150
[21:27:38.940] [JOIN] INFO: [trust] grant hand=1,1492431616 streak=150
[21:27:38.940] [JOIN] INFO: [trust] grant hand=1,3671997184 streak=150
[21:27:38.940] [JOIN] INFO: [trust] grant hand=1,1964477568 streak=150
[21:27:38.940] [JOIN] INFO: [trust] grant hand=1,1287963904 streak=150
[21:27:38.940] [JOIN] INFO: [cell] yield hand=1,3409668096 owner=1 - the peer's stream holds this body; not authoring it while they drive it
[21:27:38.940] [JOIN] INFO: [cell] yield hand=1,2946655232 owner=1 - the peer's stream holds this body; not authoring it while they drive it
[21:27:38.953] [JOIN] INFO: [trust] grant hand=1,981689472 streak=150
[21:27:38.953] [JOIN] INFO: [trust] grant hand=1,3231933696 streak=150
[21:27:38.953] [JOIN] INFO: [trust] grant hand=1,1461303680 streak=150
[21:27:38.953] [JOIN] INFO: [trust] grant hand=1,646972672 streak=150
[21:27:39.000] [JOIN] INFO: [trust] grant hand=1,1264160128 streak=150
[21:27:39.000] [JOIN] INFO: [trust] grant hand=1,3286376960 streak=150
[21:27:39.000] [JOIN] INFO: [trust] grant hand=1,3637207040 streak=150
[21:27:39.011] [JOIN] INFO: [trust] grant hand=3,1930908160 streak=150
[21:27:39.011] [JOIN] INFO: [trust] grant hand=6,2866577152 streak=150
[21:27:39.011] [JOIN] INFO: [life] hand=1,487,3947631872,1,328491200 from=HI to=PARKED reason=mid-rest
[21:27:39.023] [JOIN] INFO: [trust] grant hand=1,599487296 streak=150
[21:27:39.024] [JOIN] INFO: [trust] grant hand=2,812499968 streak=150
[21:27:39.024] [JOIN] INFO: [trust] grant hand=1,1975708032 streak=150
[21:27:39.035] [JOIN] INFO: [trust] grant hand=4,2686645504 streak=150
[21:27:39.035] [JOIN] INFO: [trust] grant hand=1,2954833920 streak=150
[21:27:39.035] [JOIN] INFO: [trust] grant hand=1,1317382784 streak=150
[21:27:39.035] [JOIN] INFO: [trust] grant hand=1,3953857536 streak=150
[21:27:39.049] [JOIN] INFO: [trust] grant hand=1,1619628928 streak=150
[21:27:39.049] [JOIN] INFO: [trust] grant hand=1,2602050816 streak=150
[21:27:39.049] [JOIN] INFO: [cell] yield hand=1,1619628928 owner=1 - the peer's stream holds this body; not authoring it while they drive it
[21:27:39.049] [JOIN] INFO: [cell] yield hand=1,3953857536 owner=1 - the peer's stream holds this body; not authoring it while they drive it
[21:27:39.081] [JOIN] INFO: [trust] grant hand=1,2834350592 streak=150
[21:27:39.081] [JOIN] INFO: [trust] grant hand=1,328491200 streak=150
[21:27:39.093] [JOIN] INFO: [trust] grant hand=1,2545043968 streak=150
[21:27:39.122] [JOIN] INFO: [life] hand=1,492,2179443456,1,1461303680 from=HI to=PARKED reason=census-local
[21:27:39.122] [JOIN] INFO: [life] hand=1,624,1734741248,1,2986694400 from=HI to=PARKED reason=census-local
[21:27:39.122] [JOIN] INFO: [life] hand=1,412,1212646528,1,1923217792 from=HI to=PARKED reason=census-local
[21:27:39.122] [JOIN] INFO: [life] hand=1,456,699707008,1,293090816 from=HI to=PARKED reason=census-local
[21:27:39.122] [JOIN] INFO: [life] hand=1,296,1253051776,1,3735351552 from=HI to=PARKED reason=census-local
[21:27:39.122] [JOIN] INFO: [life] hand=1,482,881103488,1,2374145536 from=HI to=PARKED reason=census-local
[21:27:39.122] [JOIN] INFO: [census] park hand=1,2374145536 name='Egg' d=141 local=-71390,1649,25473 host=-71481,1647,25364 (parks=1)
[21:27:39.122] [JOIN] INFO: [census] FREEZE hand=1,2374145536 name='Egg' d=141 (frozen=1)
[21:27:39.122] [JOIN] INFO: [life] hand=1,372,1663818368,1,722534208 from=HI to=PARKED reason=census-local
[21:27:39.122] [JOIN] INFO: [life] hand=1,232,2419799808,1,3443847680 from=HI to=PARKED reason=census-local
[21:27:39.145] [JOIN] INFO: [gate] hand=1,2952758784 host=36 local=1  agree=8933/12015 (74%)
[21:27:39.158] [JOIN] INFO: [cell] yield hand=1,328491200 owner=1 - the peer's stream holds this body; not authoring it while they drive it
[21:27:39.158] [JOIN] INFO: [cell] CLAIM rank=1 cell=16,37 seq=1 dwell=3 pos=-71354,25295
[21:27:39.158] [JOIN] INFO: [cell] MAP cells=1 slots=2 16,37=0
[21:27:39.191] [JOIN] INFO: [med] SEND hand=1,3070922752 npc=1 blood=107.6 bleed=0.00 fl=125.0,125.0,125.0,14.2 bd=0.0,0.0,0.0,0.0 flags=1 nparts=7 pmin=14.2 smin=0.0 ls=0,0,0,0
[21:27:39.360] [JOIN] INFO: [time] OFFSET off=0.5170gh slew=1.78 host=1039.99581 local=1039.47877
[21:27:39.362] [JOIN] INFO: [life] hand=1,404,362304672,1,207763664 from=HI to=PARKED reason=mid-rest
[21:27:39.374] [JOIN] INFO: [census] FREEZE hand=1,722534208 name='Silvershade' d=26 (frozen=2)
[21:27:39.384] [JOIN] INFO: [med] SEND hand=1,3537841920 npc=1 blood=119.2 bleed=0.00 fl=125.0,125.0,125.0,125.0 bd=0.0,0.0,0.0,0.0 flags=1 nparts=7 pmin=60.6 smin=0.0 ls=0,0,0,0
[21:27:39.477] [JOIN] INFO: [life] hand=1,649,1301513728,1,39306640 from=HI to=MID reason=drive
[21:27:39.515] [JOIN] INFO: [net] CLOCKSYNC offset=-7201555 rtt=82 n=12
[21:27:39.516] [JOIN] INFO: [net] [net] bandwidth out=9.2 KB/s in=14.2 KB/s (window 5s)
[21:27:39.516] [JOIN] INFO: [net] [net] mix out ent=39/17.4KB census=3/9.2KB inv=4/7.3KB med=10/4.6KB assign=98/3.8KB stats=4/0.8KB +spwnInf=5,evt=3,deed=1,cam=3,cell=1,spdReq=1
[21:27:39.516] [JOIN] INFO: [net] [net] mix in  ent=58/29.9KB census=5/15.4KB med=30/13.7KB inv=2/3.8KB research=11/0.6KB stats=3/0.6KB +spwnReq=5,time=5,cam=5,tpong=3,spdSet=2,cell=1,money=1
[21:27:39.627] [JOIN] INFO: [census] FREEZE hand=1,722534208 name='Silvershade' d=26 (frozen=2)
[21:27:39.862] [JOIN] INFO: [life] hand=1,390,1742065408,7,1111816448 from=HI to=PARKED reason=census-local
[21:27:39.886] [JOIN] INFO: [census] FREEZE hand=1,722534208 name='Silvershade' d=26 (frozen=2)
[21:27:40.074] [JOIN] INFO: [life] hand=1,625,262939456,1,2686523392 from=HI to=MID reason=drive
[21:27:40.137] [JOIN] INFO: [census] FREEZE hand=1,722534208 name='Silvershade' d=26 (frozen=2)
[21:27:40.152] [JOIN] INFO: [ai] suspended=5 driven=14 targets=87 rel=9 relWalk=0u/0s snapCbt=0 snapVeto=0 frzAct=160 frzHurt=0
[21:27:40.152] [JOIN] INFO: [trust] trusted=41 driven=46 grants=41 revokes=0 koRel=0 koExp=0
[21:27:40.175] [JOIN] INFO: [stage] lines=470/10s peak us: engine=431626/4439 frame-end=73481/10027 pub:sampled=24438/104 app:targets=1520/202 pub:applyStats=591/2
[21:27:40.175] [JOIN] INFO: [furn] RECV ENTER id=22 occ=1,1417358336 furn=145,1711059584 kind=1 ok=1
[21:27:40.175] [JOIN] INFO: [event] RECV id=22 ev=8 owner=0 hand=1,478,2835693312,1,1417358336 actor=145,1711059584
[21:27:40.177] [JOIN] INFO: [life] hand=1,317,2729248000,1,3452758784 from=HI to=MID reason=drive
[21:27:40.177] [JOIN] INFO: [life] hand=1,529,3288574208,1,2586425856 from=HI to=MID reason=drive
[21:27:40.189] [JOIN] INFO: [budget] pub avg=189us max=26194us apply avg=159us max=1995us frames=395 over2ms=1
[21:27:40.189] [JOIN] INFO: [q] peak evt=1 ent=4096/4096 inv=26 cen=56 stealth=0 cam=56 DROPPING ent=219 stealth=0 cam=0 (total ent=3753)
[21:27:40.213] [JOIN] INFO: [trust] grant hand=1,3814941440 streak=150
[21:27:40.213] [JOIN] INFO: [cell] yield hand=1,3814941440 owner=1 - the peer's stream holds this body; not authoring it while they drive it
[21:27:40.266] [JOIN] INFO: [life] hand=1,471,475463872,1,2640503040 from=HI to=MID reason=drive
[21:27:40.393] [JOIN] INFO: [med] SEND hand=1,3537841920 npc=1 blood=119.2 bleed=0.00 fl=125.0,125.0,125.0,125.0 bd=0.0,0.0,0.0,0.0 flags=1 nparts=7 pmin=60.6 smin=0.0 ls=0,0,0,0
[21:27:40.396] [JOIN] INFO: [census] FREEZE hand=1,722534208 name='Silvershade' d=44 (frozen=2)
[21:27:40.442] [JOIN] INFO: [snap] mid hand=1,3452758784 name='Ninja Guard' gap=24.2 gate=8.0 srcVel=1.4 cSpeed=29.5 mult=1.00 slew=2.00 dest=1 skipped=0
[21:27:40.559] [JOIN] INFO: [life] hand=1,527,1791748096,1,3988281344 from=HI to=MID reason=drive
[21:27:40.654] [JOIN] INFO: [census] FREEZE hand=1,2374145536 name='Egg' d=44 (frozen=2)
[21:27:40.765] [JOIN] INFO: [seatres] HOST task=98 npc=7,1111816448 subj=147,434936512 ok=1 npcpos=-71523.9,25337.7 subjpos=-71513.4,25328.5 d=14.0
[21:27:40.802] [JOIN] INFO: [snap] mid hand=1,2586425856 name='Firebone' gap=28.0 gate=8.0 srcVel=2.2 cSpeed=15.0 mult=1.00 slew=2.00 dest=1 skipped=0
[21:27:40.870] [JOIN] INFO: [life] hand=1,404,362304672,1,207763664 from=PARKED to=MID reason=drive
[21:27:40.881] [JOIN] INFO: [life] hand=1,404,362304672,1,207763664 from=MID to=PARKED reason=mid-rest
[21:27:40.914] [JOIN] INFO: [census] FREEZE hand=1,2374145536 name='Egg' d=44 (frozen=2)
[21:27:40.969] [JOIN] INFO: [furn] RECV ENTER id=23 occ=1,1964477568 furn=153,1637329152 kind=1 ok=1
[21:27:40.969] [JOIN] INFO: [event] RECV id=23 ev=8 owner=0 hand=1,530,2735351552,1,1964477568 actor=153,1637329152
[21:27:40.969] [JOIN] INFO: [furn] RECV ENTER id=24 occ=1,3781005824 furn=143,2392944384 kind=1 ok=1
[21:27:40.969] [JOIN] INFO: [event] RECV id=24 ev=8 owner=0 hand=1,234,1025024384,1,3781005824 actor=143,2392944384
[21:27:40.969] [JOIN] INFO: [stats] RECV hand=1,1709716736 ok=1 str=42.3 dex=33.2 tough=45.2 stealth=60.9 athl=56.8 xp=0
[21:27:40.969] [JOIN] INFO: [stats] RECV hand=2,3640503040 ok=1 str=29.7 dex=18.6 tough=45.5 stealth=33.8 athl=43.3 xp=0
[21:27:40.969] [JOIN] INFO: [stats] RECV hand=3,3548706048 ok=1 str=3.7 dex=10.1 tough=24.4 stealth=30.9 athl=24.4 xp=0
[21:27:40.970] [JOIN] INFO: [inv] APPLY hand=1,1,2172729600,1,1709716736 items=13
[21:27:40.970] [JOIN] INFO: [inv] APPLY hand=1,1,2172729600,2,3640503040 items=26
[21:27:40.970] [JOIN] INFO: [inv] APPLY hand=1,1,2172729600,3,3548706048 items=11
[21:27:41.155] [JOIN] INFO: [gate] hand=1,207763664 host=51 local=1  agree=10822/14322 (75%)
[21:27:41.167] [JOIN] INFO: [life] hand=1,97,2536010752,1,1053344704 from=HI to=MID reason=drive
[21:27:41.167] [JOIN] INFO: [snap] mid hand=1,1053344704 name='Mercenary Heavy' gap=34.4 gate=8.0 srcVel=2.2 cSpeed=14.8 mult=1.00 slew=2.00 dest=0 skipped=0
[21:27:41.167] [JOIN] INFO: [census] FREEZE hand=1,722534208 name='Silvershade' d=44 (frozen=2)
[21:27:41.190] [JOIN] INFO: [life] hand=1,522,2107666048,1,3323852544 from=HI to=PARKED reason=census-local
[21:27:41.419] [JOIN] INFO: [census] FREEZE hand=1,722534208 name='Silvershade' d=58 (frozen=2)
[21:27:41.454] [JOIN] INFO: [med] SEND hand=3,705200192 npc=0 blood=81.6 bleed=0.00 fl=100.0,100.0,100.0,100.0 bd=0.0,0.0,0.0,0.0 flags=0 nparts=7 pmin=99.9 smin=0.0 ls=0,0,0,0
[21:27:41.467] [JOIN] INFO: [pose] drift-abandon hand=1,656127936 drift=81.10 > 4.00
[21:27:41.467] [JOIN] INFO: [life] hand=1,481,3322509824,1,656127936 from=HI to=PARKED reason=mid-rest
[21:27:41.514] [JOIN] INFO: [pose] rest re-arm task 65535 -> 87
[21:27:41.514] [JOIN] INFO: [pose] applyOrder hand=1,656127936 task=87 subj=71,3287109376,0 wire=71,3287109376 det=1 r=2 try=0
[21:27:41.526] [JOIN] INFO: [med] SEND hand=1,3537841920 npc=1 blood=119.3 bleed=0.00 fl=125.0,125.0,125.0,125.0 bd=0.0,0.0,0.0,0.0 flags=1 nparts=7 pmin=60.6 smin=0.0 ls=0,0,0,0
[21:27:41.584] [JOIN] INFO: [snap] mid hand=1,3988281344 name='Ninja Guard' gap=36.2 gate=12.0 srcVel=4.8 cSpeed=13.9 mult=1.00 slew=2.00 dest=1 skipped=1
[21:27:41.681] [JOIN] INFO: [census] FREEZE hand=1,722534208 name='Silvershade' d=58 (frozen=2)
[21:27:41.860] [JOIN] INFO: [med] SEND hand=3,705200192 npc=0 blood=81.6 bleed=0.00 fl=100.0,100.0,100.0,100.0 bd=0.0,0.0,0.0,0.0 flags=0 nparts=7 pmin=99.9 smin=0.0 ls=0,0,0,0
[21:27:41.932] [JOIN] INFO: [census] FREEZE hand=1,722534208 name='Silvershade' d=58 (frozen=2)
[21:27:42.152] [JOIN] INFO: [interp] lerp=838 extrap=1373 clamp=7 seg=40 single=17428 snapSq=0 snapNpc=0 reissueSq=0 reissueNpc=23 restFlip=0 delay=413 jit=125.8 starve=58 snapMid=5 restFlipMid=0 haltDrv=0 haltCbt=0
[21:27:42.152] [JOIN] INFO: [cam] center=-71239.4,1647.3,25271.4
[21:27:42.162] [JOIN] INFO: [deed] AUDIT hand=0.2385.11111.198.830322240 isPlayer=1 set=1 sale=0 shop=0 public=1 desig=0 resident=1/0 town=0/1 interior=0 internals=0 doors=0/0/0 furn=0/0/0 canUse=1 home=0/1/0 stuff=1 wallet=10785 squads=2/0/0 cur=0/0 base=-1/-1 owner='204-gamedata.base' name='Campfire'
[21:27:42.173] [JOIN] INFO: [auth] map n=95 host=48 join=47 veto=0 vetoTotal=0 gen=6 div=0 consult=25793 recv=42 stale=0 refuse=0
[21:27:42.184] [JOIN] INFO: [census] FREEZE hand=1,722534208 name='Silvershade' d=58 (frozen=2)
[21:27:42.228] [JOIN] INFO: [audit] exist near=31 wide=93 drv=26 cen=64 hid=0 ghost=3 supp=0 census=95 fresh=1 parks=2 nearCap=0 wideCap=0 peerTrunc=0 staleMs=0 edges=0 ghostMax=338 ghostEdge=0 dorm=0 attnR=1000 dormPc=0 pcs=7 mine=0 skip=47 cells=1 truncHold=0 wdHold=0 noBody=0 lostItems=0
[21:27:42.273] [JOIN] INFO: [seatres] HOST task=87 npc=1,656127936 subj=71,3287109376 ok=1 npcpos=-71688.1,25324.0 subjpos=-71688.1,25324.0 d=0.0
[21:27:42.385] [JOIN] INFO: [life] hand=1,404,362304672,1,207763664 from=PARKED to=MID reason=drive
[21:27:42.395] [JOIN] INFO: [life] hand=1,404,362304672,1,207763664 from=MID to=PARKED reason=mid-rest
[21:27:42.428] [JOIN] INFO: [furn] RECV ENTER id=25 occ=1,2730834944 furn=151,3629882880 kind=1 ok=1
[21:27:42.428] [JOIN] INFO: [event] RECV id=25 ev=8 owner=0 hand=1,418,1020751936,1,2730834944 actor=151,3629882880
[21:27:42.429] [JOIN] INFO: [cam] hint recv=-71471.9,1646.7,25316.8
[21:27:42.439] [JOIN] INFO: [seatres] HOST task=87 npc=1,2834350592 subj=129,3737670912 ok=1 npcpos=-71660.4,25429.9 subjpos=-71660.4,25429.9 d=0.0
[21:27:42.439] [JOIN] INFO: [seatres] HOST task=87 npc=1,2954833920 subj=109,1494506880 ok=1 npcpos=-71615.2,25501.4 subjpos=-71615.2,25501.4 d=0.0
[21:27:42.439] [JOIN] INFO: [seatres] HOST task=87 npc=1,3637207040 subj=79,1582031232 ok=1 npcpos=-71624.4,25392.1 subjpos=-71624.4,25392.1 d=0.0
[21:27:42.439] [JOIN] INFO: [seatres] HOST task=98 npc=1,1964477568 subj=153,1637329152 ok=1 npcpos=-71597.4,25532.0 subjpos=-71597.4,25532.0 d=0.0
[21:27:42.439] [JOIN] INFO: [seatres] HOST task=98 npc=1,3781005824 subj=143,2392944384 ok=1 npcpos=-71565.4,25497.7 subjpos=-71565.4,25497.7 d=0.0
[21:27:42.440] [JOIN] INFO: [census] FREEZE hand=1,722534208 name='Silvershade' d=69 (frozen=2)
[21:27:42.440] [JOIN] INFO: [life] hand=1,528,2009765632,1,3596435456 from=HI to=PARKED reason=census-local
[21:27:42.440] [JOIN] INFO: [census] park hand=1,3596435456 name='Lulina' d=187 local=-71584,1644,25419 host=-71415,1648,25500 (parks=3)
[21:27:42.440] [JOIN] INFO: [life] hand=1,616,1407470720,1,3637207040 from=HI to=PARKED reason=census-local
[21:27:42.440] [JOIN] INFO: [life] hand=1,478,2835693312,1,1417358336 from=HI to=PARKED reason=census-local
[21:27:42.440] [JOIN] INFO: [life] hand=1,520,1301269504,1,1492431616 from=HI to=PARKED reason=census-local
[21:27:42.440] [JOIN] INFO: [life] hand=1,480,2276855552,1,3046630912 from=HI to=PARKED reason=census-local
[21:27:42.532] [JOIN] INFO: [med] SEND hand=1,3537841920 npc=1 blood=119.3 bleed=0.00 fl=125.0,125.0,125.0,125.0 bd=0.0,0.0,0.0,0.0 flags=1 nparts=7 pmin=60.6 smin=0.0 ls=0,0,0,0
[21:27:42.678] [JOIN] INFO: [snap] cover hand=1,1053344704 name='Mercenary Heavy' gap=40.4 gate=8.0 srcVel=2.2 cSpeed=14.8 mult=1.00 slew=2.00 dest=1 skipped=0
[21:27:42.701] [JOIN] INFO: [census] FREEZE hand=1,722534208 name='Silvershade' d=72 (frozen=4)
[21:27:42.952] [JOIN] INFO: [census] FREEZE hand=1,722534208 name='Silvershade' d=73 (frozen=4)
[21:27:42.976] [JOIN] INFO: [life] hand=1,481,3322509824,1,656127936 from=PARKED to=MID reason=drive
[21:27:42.976] [JOIN] INFO: [pose] rest re-arm task 65535 -> 87
[21:27:42.976] [JOIN] INFO: [pose] applyOrder hand=1,656127936 task=87 subj=71,3287109376,0 wire=71,3287109376 det=1 r=2 try=0
[21:27:42.976] [JOIN] INFO: [cell] yield hand=1,656127936 owner=1 - the peer's stream holds this body; not authoring it while they drive it
[21:27:43.155] [JOIN] INFO: [ai] suspended=11 driven=30 targets=87 rel=12 relWalk=106u/4s snapCbt=0 snapVeto=0 frzAct=726 frzHurt=0
[21:27:43.155] [JOIN] INFO: [trust] trusted=42 driven=45 grants=42 revokes=0 koRel=0 koExp=0
[21:27:43.166] [JOIN] INFO: [gate] hand=1,1053344704 host=65535 local=1  agree=13874/18183 (76%)
[21:27:43.166] [JOIN] INFO: [census] park hand=1,3323852544 name='Ninja Guard' d=120 local=-71059,1628,25193 host=-71025,1570,25293 (parks=5)
[21:27:43.176] [JOIN] INFO: [furn] RECV EXIT id=26 occ=1,1417358336 furn=145,1711059584 kind=1 ok=1
[21:27:43.176] [JOIN] INFO: [event] RECV id=26 ev=9 owner=0 hand=1,478,2835693312,1,1417358336 actor=145,1711059584
[21:27:43.213] [JOIN] INFO: [census] FREEZE hand=1,722534208 name='Silvershade' d=72 (frozen=5)
[21:27:43.321] [JOIN] INFO: [trust] grant hand=1,656127936 streak=150
[21:27:43.375] [JOIN] INFO: [spawn] INFO send hand=1,312,386474624,1,3778564352 found=1 dead=0 age=1.00 sid='1289-gamedata.base' fac='1214-gamedata.base'
[21:27:43.375] [JOIN] INFO: [spawn] INFO send hand=1,357,3856933632,1,2553832960 found=1 dead=0 age=1.00 sid='1227-gamedata.base' fac='1214-gamedata.base'
[21:27:43.375] [JOIN] INFO: [spawn] INFO send hand=1,358,2981689344,1,2694091776 found=1 dead=0 age=1.00 sid='1227-gamedata.base' fac='1214-gamedata.base'
[21:27:43.375] [JOIN] INFO: [spawn] INFO send hand=1,382,2239623936,1,1362182656 found=1 dead=0 age=1.00 sid='1227-gamedata.base' fac='1214-gamedata.base'
[21:27:43.375] [JOIN] INFO: [spawn] INFO send hand=1,421,837524416,1,1400268544 found=1 dead=0 age=1.00 sid='1292-gamedata.base' fac='1214-gamedata.base'
[21:27:43.468] [JOIN] INFO: [census] FREEZE hand=1,722534208 name='Silvershade' d=82 (frozen=5)
[21:27:43.548] [JOIN] INFO: [med] SEND hand=1,3070922752 npc=1 blood=107.6 bleed=0.00 fl=125.0,125.0,125.0,14.0 bd=0.0,0.0,0.0,0.0 flags=1 nparts=7 pmin=14.0 smin=0.0 ls=0,0,0,0
[21:27:43.596] [JOIN] INFO: [snap] cover hand=1,3988281344 name='Ninja Guard' gap=58.7 gate=12.0 srcVel=4.8 cSpeed=13.9 mult=1.00 slew=2.00 dest=1 skipped=0
[21:27:43.634] [JOIN] INFO: [med] SEND hand=1,3537841920 npc=1 blood=119.3 bleed=0.00 fl=125.0,125.0,125.0,125.0 bd=0.0,0.0,0.0,0.0 flags=1 nparts=7 pmin=60.7 smin=0.0 ls=0,0,0,0
[21:27:43.726] [JOIN] INFO: [census] FREEZE hand=1,722534208 name='Silvershade' d=82 (frozen=5)
[21:27:43.904] [JOIN] INFO: [life] hand=1,404,362304672,1,207763664 from=PARKED to=MID reason=drive
[21:27:43.914] [JOIN] INFO: [life] hand=1,404,362304672,1,207763664 from=MID to=PARKED reason=mid-rest
[21:27:43.978] [JOIN] INFO: [census] FREEZE hand=1,722534208 name='Silvershade' d=82 (frozen=5)
[21:27:43.997] [JOIN] INFO: [furn] RECV EXIT id=27 occ=1,3781005824 furn=143,2392944384 kind=1 ok=1
[21:27:43.997] [JOIN] INFO: [event] RECV id=27 ev=9 owner=0 hand=1,234,1025024384,1,3781005824 actor=143,2392944384
[21:27:44.169] [JOIN] INFO: [cell] MAP cells=1 slots=2 16,37=0
[21:27:44.191] [JOIN] INFO: [snap] cover hand=1,1053344704 name='Mercenary Heavy' gap=38.4 gate=8.0 srcVel=2.2 cSpeed=14.8 mult=1.00 slew=2.00 dest=1 skipped=0
[21:27:44.235] [JOIN] INFO: [census] FREEZE hand=1,722534208 name='Silvershade' d=82 (frozen=5)
[21:27:44.492] [JOIN] INFO: [census] FREEZE hand=1,2374145536 name='Egg' d=100 (frozen=5)
[21:27:44.502] [JOIN] INFO: [furn] RECV ENTER id=28 occ=1,3781005824 furn=143,2392944384 kind=1 ok=1
[21:27:44.502] [JOIN] INFO: [event] RECV id=28 ev=8 owner=0 hand=1,234,1025024384,1,3781005824 actor=143,2392944384
[21:27:44.544] [JOIN] INFO: [net] CLOCKSYNC offset=-7201559 rtt=82 n=14
[21:27:44.545] [JOIN] INFO: [net] [net] bandwidth out=12.8 KB/s in=11.3 KB/s (window 5s)
[21:27:44.545] [JOIN] INFO: [net] [net] mix out ent=76/30.7KB census=5/15.4KB med=17/7.8KB inv=4/7.3KB stats=4/0.8KB spwnInf=5/0.7KB +cam=5,spdReq=2,cell=1
[21:27:44.545] [JOIN] INFO: [net] [net] mix in  census=5/15.4KB med=30/13.7KB ent=37/12.5KB inv=3/7.8KB stats=3/0.6KB evt=7/0.4KB +spwnReq=5,time=5,deed=1,cam=4,spdSet=2,tpong=2,cell=1,money=1
[21:27:44.630] [JOIN] INFO: [life] hand=1,147,182006832,1,435791008 from=HI to=MID reason=drive
[21:27:44.751] [JOIN] INFO: [furn] RECV ENTER id=29 occ=1,1417358336 furn=145,1711059584 kind=1 ok=1
[21:27:44.751] [JOIN] INFO: [event] RECV id=29 ev=8 owner=0 hand=1,478,2835693312,1,1417358336 actor=145,1711059584
[21:27:44.752] [JOIN] INFO: [med] SEND hand=1,3537841920 npc=1 blood=119.4 bleed=0.00 fl=125.0,125.0,125.0,125.0 bd=0.0,0.0,0.0,0.0 flags=1 nparts=7 pmin=60.7 smin=0.0 ls=0,0,0,0
[21:27:44.753] [JOIN] INFO: [census] FREEZE hand=1,2374145536 name='Egg' d=100 (frozen=5)
[21:27:45.007] [JOIN] INFO: [census] FREEZE hand=1,2374145536 name='Egg' d=100 (frozen=5)
[21:27:45.108] [JOIN] INFO: [snap] cover hand=1,3988281344 name='Ninja Guard' gap=44.1 gate=12.1 srcVel=4.8 cSpeed=13.9 mult=1.00 slew=2.00 dest=1 skipped=0
[21:27:45.169] [JOIN] INFO: [gate] hand=1,1053344704 host=65535 local=1  agree=17499/22523 (77%)
[21:27:45.191] [JOIN] INFO: [budget] pub avg=192us max=381us apply avg=148us max=348us frames=423 over2ms=0
[21:27:45.191] [JOIN] INFO: [q] peak evt=2 ent=6/4096 inv=3 cen=1 stealth=0 cam=1 (dropped ent=3753 earlier)
[21:27:45.264] [JOIN] INFO: [census] FREEZE hand=1,2374145536 name='Egg' d=100 (frozen=5)
[21:27:45.300] [JOIN] INFO: [time] OFFSET off=0.4641gh slew=2.00 host=1040.05111 local=1039.58699
[21:27:45.518] [JOIN] INFO: [census] FREEZE hand=1,2374145536 name='Egg' d=114 (frozen=5)
[21:27:45.695] [JOIN] INFO: [stats] RECV hand=1,1709716736 ok=1 str=42.3 dex=33.2 tough=45.2 stealth=60.9 athl=56.8 xp=0
[21:27:45.695] [JOIN] INFO: [stats] RECV hand=2,3640503040 ok=1 str=29.7 dex=18.6 tough=45.5 stealth=33.8 athl=43.3 xp=0
[21:27:45.695] [JOIN] INFO: [stats] RECV hand=3,3548706048 ok=1 str=3.7 dex=10.1 tough=24.4 stealth=30.9 athl=24.4 xp=0
[21:27:45.697] [JOIN] INFO: [inv] APPLY hand=1,1,2172729600,1,1709716736 items=13
[21:27:45.697] [JOIN] INFO: [inv] APPLY hand=1,1,2172729600,3,3548706048 items=11
[21:27:45.708] [JOIN] INFO: [snap] cover hand=1,1053344704 name='Mercenary Heavy' gap=43.3 gate=8.0 srcVel=2.2 cSpeed=14.8 mult=1.00 slew=2.00 dest=1 skipped=0
[21:27:45.752] [JOIN] INFO: [med] SEND hand=1,3537841920 npc=1 blood=119.5 bleed=0.00 fl=125.0,125.0,125.0,125.0 bd=0.0,0.0,0.0,0.0 flags=1 nparts=7 pmin=60.7 smin=0.0 ls=0,0,0,0
[21:27:45.775] [JOIN] INFO: [census] FREEZE hand=1,2374145536 name='Egg' d=114 (frozen=5)
[21:27:45.883] [JOIN] INFO: [life] hand=1,301,292480480,1,51635744 from=HI to=MID reason=drive
[21:27:46.035] [JOIN] INFO: [census] FREEZE hand=1,2374145536 name='Egg' d=114 (frozen=5)
[21:27:46.158] [JOIN] INFO: [ai] suspended=13 driven=42 targets=87 rel=13 relWalk=106u/6s snapCbt=0 snapVeto=0 frzAct=1723 frzHurt=0
[21:27:46.158] [JOIN] INFO: [trust] trusted=43 driven=44 grants=43 revokes=0 koRel=0 koExp=0
[21:27:46.293] [JOIN] INFO: [census] FREEZE hand=1,2374145536 name='Egg' d=114 (frozen=5)
[21:27:46.314] [JOIN] INFO: [census] park hand=1,2374145536 name='Egg' d=128 local=-71483,1647,25357 host=-71389,1631,25443 (parks=6)
[21:27:46.461] [JOIN] INFO: [life] hand=1,404,362304672,1,207763664 from=PARKED to=MID reason=drive
[21:27:46.471] [JOIN] INFO: [life] hand=1,404,362304672,1,207763664 from=MID to=PARKED reason=mid-rest
[21:27:46.548] [JOIN] INFO: [census] FREEZE hand=1,722534208 name='Silvershade' d=99 (frozen=5)
[21:27:46.753] [JOIN] INFO: [med] SEND hand=1,3537841920 npc=1 blood=119.5 bleed=0.00 fl=125.0,125.0,125.0,125.0 bd=0.0,0.0,0.0,0.0 flags=1 nparts=7 pmin=60.7 smin=0.0 ls=0,0,0,0
[21:27:46.806] [JOIN] INFO: [census] FREEZE hand=1,722534208 name='Silvershade' d=99 (frozen=5)
[21:27:47.059] [JOIN] INFO: [census] FREEZE hand=1,722534208 name='Silvershade' d=99 (frozen=5)
[21:27:47.160] [JOIN] INFO: [interp] lerp=2669 extrap=3848 clamp=7 seg=73 single=28596 snapSq=0 snapNpc=0 reissueSq=55 reissueNpc=43 restFlip=0 delay=682 jit=173.8 starve=46 snapMid=11 restFlipMid=0 haltDrv=0 haltCbt=0
[21:27:47.160] [JOIN] INFO: [cam] center=-71239.4,1647.3,25271.4
[21:27:47.170] [JOIN] INFO: [gate] hand=1,435791008 host=119 local=1  agree=22085/27960 (78%)
[21:27:47.180] [JOIN] INFO: [deed] AUDIT hand=0.2385.11111.198.830322240 isPlayer=1 set=1 sale=0 shop=0 public=1 desig=0 resident=1/0 town=0/1 interior=0 internals=0 doors=0/0/0 furn=0/0/0 canUse=1 home=0/1/0 stuff=1 wallet=10785 squads=2/0/0 cur=0/0 base=-1/-1 owner='204-gamedata.base' name='Campfire'
[21:27:47.192] [JOIN] INFO: [auth] LIVENESS revoke hand=1,2863891712 (join silent 10049ms; total 1)
[21:27:47.192] [JOIN] INFO: [auth] LIVENESS revoke hand=1,2553832960 (join silent 10050ms; total 2)
[21:27:47.192] [JOIN] INFO: [auth] LIVENESS revoke hand=1,1400268544 (join silent 10050ms; total 3)
[21:27:47.192] [JOIN] INFO: [auth] LIVENESS revoke hand=1,1112304640 (join silent 10050ms; total 4)
[21:27:47.192] [JOIN] INFO: [auth] LIVENESS revoke hand=1,191040032 (join silent 10049ms; total 5)
[21:27:47.192] [JOIN] INFO: [auth] LIVENESS revoke hand=1,72143552 (join silent 10050ms; total 6)
[21:27:47.192] [JOIN] INFO: [auth] LIVENESS revoke hand=1,1975708032 (join silent 10049ms; total 7)
[21:27:47.192] [JOIN] INFO: [auth] LIVENESS revoke hand=1,1671386752 (join silent 10050ms; total 8)
[21:27:47.192] [JOIN] INFO: [auth] LIVENESS revoke hand=1,1632202112 (join silent 10050ms; total 9)
[21:27:47.192] [JOIN] INFO: [auth] LIVENESS revoke hand=1,1513671936 (join silent 10050ms; total 10)
[21:27:47.192] [JOIN] INFO: [auth] LIVENESS revoke hand=1,2663207936 (join silent 10050ms; total 11)
[21:27:47.192] [JOIN] INFO: [auth] map n=95 host=59 join=36 veto=0 vetoTotal=0 gen=11 div=0 consult=67161 recv=42 stale=0 refuse=0
[21:27:47.192] [JOIN] INFO: [census] sent n=95 radius=2000 mid=24 anchors=3 a0=loaded:8 a1=loaded:77 a2=loaded:10 enum=95 notmine=0 proxyrow=0 attnR=1000 resendSup=161 nearSup=797
[21:27:47.203] [JOIN] INFO: [life] hand=1,613,2211791872,1,1632202112 from=HI to=PARKED reason=census-local
[21:27:47.203] [JOIN] INFO: [census] park hand=1,1632202112 name='Mercenary' d=283 local=-71366,1657,25239 host=-71088,1640,25190 (parks=7)
[21:27:47.203] [JOIN] INFO: [life] hand=1,623,373779296,1,2863891712 from=HI to=PARKED reason=census-local
[21:27:47.203] [JOIN] INFO: [life] hand=1,439,922363264,1,191040032 from=HI to=PARKED reason=census-local
[21:27:47.203] [JOIN] INFO: [life] hand=1,419,1033325184,1,1975708032 from=HI to=PARKED reason=census-local
[21:27:47.203] [JOIN] INFO: [life] hand=1,385,3805297920,1,1513671936 from=HI to=PARKED reason=census-local
[21:27:47.203] [JOIN] INFO: [life] hand=1,483,585327168,1,2663207936 from=HI to=PARKED reason=census-local
[21:27:47.203] [JOIN] INFO: [life] hand=1,490,2252563456,1,3806030336 from=HI to=PARKED reason=census-wide
[21:27:47.203] [JOIN] INFO: [life] hand=1,488,593139648,1,853149440 from=HI to=PARKED reason=census-wide
[21:27:47.203] [JOIN] INFO: [life] hand=1,612,1534668032,1,3246582016 from=HI to=PARKED reason=census-wide
[21:27:47.203] [JOIN] INFO: [life] hand=1,418,1020751936,1,2730834944 from=HI to=PARKED reason=census-wide
[21:27:47.203] [JOIN] INFO: [life] hand=1,489,3635986432,1,1112304640 from=HI to=PARKED reason=census-wide
[21:27:47.203] [JOIN] INFO: [life] hand=1,518,708251968,1,646972672 from=HI to=PARKED reason=census-wide
[21:27:47.279] [JOIN] INFO: [census] recv n=95 culls=0 trunc=0
[21:27:47.306] [JOIN] INFO: [life] hand=1,306,426879872,1,3982299904 from=HI to=PARKED reason=census-wide
[21:27:47.306] [JOIN] INFO: [audit] exist near=28 wide=93 drv=19 cen=74 hid=0 ghost=0 supp=0 census=95 fresh=1 parks=11 nearCap=0 wideCap=0 peerTrunc=0 staleMs=0 edges=0 ghostMax=-1 ghostEdge=0 dorm=0 attnR=1000 dormPc=0 pcs=7 mine=0 skip=36 cells=1 truncHold=0 wdHold=0 noBody=0 lostItems=0
[21:27:47.317] [JOIN] INFO: [census] FREEZE hand=1,3982299904 name='Ninja Guard' d=0 (frozen=10)
[21:27:47.572] [JOIN] INFO: [census] FREEZE hand=1,3982299904 name='Ninja Guard' d=0 (frozen=10)
[21:27:47.617] [JOIN] INFO: [furn] BED FAST-EXIT occ=7,1111816448 ok=1 hostMoving=1
[21:27:47.617] [JOIN] INFO: [life] hand=1,390,1742065408,7,1111816448 from=PARKED to=MID reason=drive
[21:27:47.617] [JOIN] INFO: [snap] mid hand=7,1111816448 name='Ninja Guard' gap=112.8 gate=26.9 srcVel=10.8 cSpeed=14.8 mult=1.00 slew=2.00 dest=0 skipped=1
[21:27:47.733] [JOIN] INFO: [life] hand=1,466,1595458944,1,363037120 from=MID to=PARKED reason=census-wide
[21:27:47.733] [JOIN] INFO: [census] park hand=1,363037120 name='Ninja Guard' d=210 local=-71581,1644,25395 host=-71431,1713,25525 (parks=12)
[21:27:47.830] [JOIN] INFO: [census] FREEZE hand=1,3982299904 name='Ninja Guard' d=0 (frozen=11)
[21:27:47.907] [JOIN] INFO: [seatres] HOST task=87 npc=1,1053344704 subj=81,356567392 ok=1 npcpos=-71573.4,25367.1 subjpos=-71574.0,25359.1 d=8.0
[21:27:47.928] [JOIN] INFO: [med] SEND hand=1,3537841920 npc=1 blood=119.6 bleed=0.00 fl=125.0,125.0,125.0,125.0 bd=0.0,0.0,0.0,0.0 flags=1 nparts=7 pmin=60.8 smin=0.0 ls=0,0,0,0
[21:27:47.973] [JOIN] INFO: [life] hand=1,404,362304672,1,207763664 from=PARKED to=MID reason=drive
[21:27:47.983] [JOIN] INFO: [life] hand=1,404,362304672,1,207763664 from=MID to=PARKED reason=mid-rest
[21:27:48.089] [JOIN] INFO: [census] FREEZE hand=1,3982299904 name='Ninja Guard' d=0 (frozen=11)
[21:27:48.200] [JOIN] INFO: [auth] LIVENESS revoke hand=1,1619628928 (join silent 11058ms; total 12)
[21:27:48.200] [JOIN] INFO: [auth] LIVENESS revoke hand=1,3953857536 (join silent 11058ms; total 13)
[21:27:48.200] [JOIN] INFO: [auth] LIVENESS revoke hand=1,3537841920 (join silent 11058ms; total 14)
[21:27:48.200] [JOIN] INFO: [auth] LIVENESS revoke hand=1,2686523392 (join silent 11058ms; total 15)
[21:27:48.200] [JOIN] INFO: [auth] LIVENESS revoke hand=1,656127936 (join silent 11058ms; total 16)
[21:27:48.200] [JOIN] INFO: [auth] LIVENESS revoke hand=1,3452758784 (join silent 11058ms; total 17)
[21:27:48.200] [JOIN] INFO: [auth] LIVENESS revoke hand=1,3708251904 (join silent 11058ms; total 18)
[21:27:48.200] [JOIN] INFO: [auth] LIVENESS revoke hand=1,2586425856 (join silent 11058ms; total 19)
[21:27:48.200] [JOIN] INFO: [auth] LIVENESS revoke hand=1,2602050816 (join silent 11058ms; total 20)
[21:27:48.200] [JOIN] INFO: [auth] LIVENESS revoke hand=1,1317382784 (join silent 11058ms; total 21)
[21:27:48.200] [JOIN] INFO: [auth] LIVENESS revoke hand=1,1053344704 (join silent 11058ms; total 22)
[21:27:48.200] [JOIN] INFO: [auth] LIVENESS revoke hand=1,328491200 (join silent 11058ms; total 23)
[21:27:48.200] [JOIN] INFO: [auth] LIVENESS revoke hand=1,3814941440 (join silent 11058ms; total 24)
[21:27:48.200] [JOIN] INFO: [auth] LIVENESS revoke hand=1,3778564352 (join silent 10047ms; total 25)
[21:27:48.200] [JOIN] INFO: [auth] LIVENESS revoke hand=1,2694091776 (join silent 10047ms; total 26)
[21:27:48.200] [JOIN] INFO: [auth] LIVENESS revoke hand=1,1362182656 (join silent 10047ms; total 27)
[21:27:48.200] [JOIN] INFO: [auth] LIVENESS revoke hand=1,3671997184 (join silent 11058ms; total 28)
[21:27:48.200] [JOIN] INFO: [auth] LIVENESS revoke hand=1,2722656256 (join silent 11058ms; total 29)
[21:27:48.200] [JOIN] INFO: [auth] LIVENESS revoke hand=1,3409668096 (join silent 11058ms; total 30)
[21:27:48.200] [JOIN] INFO: [auth] LIVENESS revoke hand=1,2376098560 (join silent 11058ms; total 31)
[21:27:48.200] [JOIN] INFO: [auth] LIVENESS revoke hand=1,2946655232 (join silent 11058ms; total 32)
[21:27:48.200] [JOIN] INFO: [auth] LIVENESS revoke hand=1,1287963904 (join silent 11059ms; total 33)
[21:27:48.200] [JOIN] INFO: [auth] LIVENESS revoke hand=1,1461425792 (join silent 11059ms; total 34)
[21:27:48.200] [JOIN] INFO: [auth] LIVENESS revoke hand=1,1049926784 (join silent 11059ms; total 35)
[21:27:48.200] [JOIN] INFO: [auth] LIVENESS revoke hand=1,51635744 (join silent 11058ms; total 36)
[21:27:48.200] [JOIN] INFO: [auth] LIVENESS revoke hand=1,2640503040 (join silent 11059ms; total 37)
[21:27:48.200] [JOIN] INFO: [auth] LIVENESS revoke hand=1,2952758784 (join silent 11059ms; total 38)
[21:27:48.200] [JOIN] INFO: [auth] LIVENESS revoke hand=1,435791008 (join silent 11059ms; total 39)
[21:27:48.200] [JOIN] INFO: [auth] LIVENESS revoke hand=1,3202392576 (join silent 11059ms; total 40)
[21:27:48.200] [JOIN] INFO: [auth] LIVENESS revoke hand=1,905883776 (join silent 11058ms; total 41)
[21:27:48.200] [JOIN] INFO: [auth] LIVENESS revoke hand=1,3960449280 (join silent 11058ms; total 42)
[21:27:48.200] [JOIN] INFO: [auth] LIVENESS revoke hand=1,39306640 (join silent 11058ms; total 43)
[21:27:48.200] [JOIN] INFO: [auth] LIVENESS revoke hand=1,235961920 (join silent 11058ms; total 44)
[21:27:48.200] [JOIN] INFO: [auth] LIVENESS revoke hand=1,3988281344 (join silent 11058ms; total 45)
[21:27:48.200] [JOIN] INFO: [auth] LIVENESS revoke hand=1,1695800832 (join silent 11058ms; total 46)
[21:27:48.200] [JOIN] INFO: [auth] LIVENESS revoke hand=1,3070922752 (join silent 11058ms; total 47)
[21:27:48.210] [JOIN] INFO: [life] hand=1,625,262939456,1,2686523392 from=MID to=PARKED reason=census-local
[21:27:48.210] [JOIN] INFO: [census] park hand=1,2686523392 name='Rogue Trader' d=177 local=-71467,1641,25275 host=-71561,1645,25425 (parks=13)
[21:27:48.210] [JOIN] INFO: [life] hand=1,495,3866210816,1,3202392576 from=HI to=PARKED reason=census-local
[21:27:48.210] [JOIN] INFO: [life] hand=1,491,631591808,1,3960449280 from=HI to=PARKED reason=census-local
[21:27:48.210] [JOIN] INFO: [life] hand=1,649,1301513728,1,39306640 from=MID to=PARKED reason=census-local
[21:27:48.210] [JOIN] INFO: [life] hand=1,645,3273315328,1,3708251904 from=HI to=PARKED reason=census-local
[21:27:48.210] [JOIN] INFO: [life] hand=1,477,2127807616,1,1461425792 from=HI to=PARKED reason=census-local
[21:27:48.268] [JOIN] INFO: [life] hand=1,389,673217792,1,2952758784 from=HI to=PARKED reason=census-wide
[21:27:48.298] [JOIN] INFO: [cam] hint recv=-71365.5,1657.6,25199.8
[21:27:48.349] [JOIN] INFO: [census] FREEZE hand=1,3982299904 name='Ninja Guard' d=0 (frozen=15)
[21:27:48.603] [JOIN] INFO: [census] FREEZE hand=1,3982299904 name='Ninja Guard' d=0 (frozen=15)
[21:27:48.670] [JOIN] INFO: [census] park hand=1,1975708032 name='Mercenary Heavy' d=123 local=-71527,1646,25396 host=-71407,1629,25415 (parks=19)
[21:27:48.864] [JOIN] INFO: [census] FREEZE hand=1,2952758784 name='Rogue Trader' d=280 (frozen=16)
[21:27:48.931] [JOIN] INFO: [med] SEND hand=1,3537841920 npc=1 blood=119.6 bleed=0.00 fl=125.0,125.0,125.0,125.0 bd=0.0,0.0,0.0,0.0 flags=1 nparts=7 pmin=60.8 smin=0.0 ls=0,0,0,0
[21:27:49.114] [JOIN] INFO: [census] FREEZE hand=1,2952758784 name='Rogue Trader' d=280 (frozen=16)
[21:27:49.162] [JOIN] INFO: [ai] suspended=7 driven=25 targets=47 rel=16 relWalk=106u/10s snapCbt=0 snapVeto=0 frzAct=3640 frzHurt=0
[21:27:49.162] [JOIN] INFO: [trust] trusted=24 driven=23 grants=43 revokes=0 koRel=0 koExp=0
[21:27:49.173] [JOIN] INFO: [gate] hand=7,1111816448 host=1 local=65535  agree=24713/30832 (80%)
[21:27:49.174] [JOIN] INFO: [cell] MAP cells=1 slots=2 16,37=0
[21:27:49.212] [JOIN] INFO: [census] park hand=1,3708251904 name='Rogue Trader' d=133 local=-71385,1645,25462 host=-71471,1647,25360 (parks=20)
[21:27:49.365] [JOIN] INFO: [census] FREEZE hand=1,3982299904 name='Ninja Guard' d=0 (frozen=16)
[21:27:49.511] [JOIN] INFO: [spawn] INFO send hand=1,312,386474624,1,3778564352 found=1 dead=0 age=1.00 sid='1289-gamedata.base' fac='1214-gamedata.base'
[21:27:49.511] [JOIN] INFO: [spawn] INFO send hand=1,357,3856933632,1,2553832960 found=1 dead=0 age=1.00 sid='1227-gamedata.base' fac='1214-gamedata.base'
[21:27:49.511] [JOIN] INFO: [spawn] INFO send hand=1,358,2981689344,1,2694091776 found=1 dead=0 age=1.00 sid='1227-gamedata.base' fac='1214-gamedata.base'
[21:27:49.511] [JOIN] INFO: [spawn] INFO send hand=1,382,2239623936,1,1362182656 found=1 dead=0 age=1.00 sid='1227-gamedata.base' fac='1214-gamedata.base'
[21:27:49.511] [JOIN] INFO: [spawn] INFO send hand=1,421,837524416,1,1400268544 found=1 dead=0 age=1.00 sid='1292-gamedata.base' fac='1214-gamedata.base'
[21:27:49.513] [JOIN] INFO: [census] park hand=1,1632202112 name='Mercenary' d=264 local=-71351,1657,25213 host=-71089,1642,25191 (parks=22)
[21:27:49.562] [JOIN] INFO: [net] CLOCKSYNC offset=-7201559 rtt=82 n=17
[21:27:49.562] [JOIN] INFO: [net] [net] bandwidth out=12.5 KB/s in=10.2 KB/s (window 5s)
[21:27:49.562] [JOIN] INFO: [net] [net] mix out ent=73/27.5KB census=5/15.4KB med=16/7.3KB inv=4/7.3KB assign=47/1.8KB stats=4/0.8KB +spwnInf=5,cam=5,spdReq=2,cell=1
[21:27:49.562] [JOIN] INFO: [net] [net] mix in  ent=47/16.4KB census=5/15.4KB med=23/10.5KB inv=2/3.8KB assign=42/1.6KB stats=3/0.6KB +spwnReq=5,time=5,cam=5,evt=1,tpong=3,cell=1,spdSet=1,money=1
[21:27:49.624] [JOIN] INFO: [census] FREEZE hand=1,3982299904 name='Ninja Guard' d=0 (frozen=16)
[21:27:49.874] [JOIN] INFO: [census] FREEZE hand=1,3982299904 name='Ninja Guard' d=0 (frozen=17)
[21:27:49.910] [JOIN] INFO: [life] hand=1,404,362304672,1,207763664 from=PARKED to=MID reason=drive
[21:27:49.922] [JOIN] INFO: [life] hand=1,404,362304672,1,207763664 from=MID to=PARKED reason=mid-rest
[21:27:49.931] [JOIN] INFO: [med] SEND hand=1,3537841920 npc=1 blood=119.7 bleed=0.00 fl=125.0,125.0,125.0,125.0 bd=0.0,0.0,0.0,0.0 flags=1 nparts=7 pmin=60.8 smin=0.0 ls=0,0,0,0
[21:27:50.000] [JOIN] INFO: [life] hand=1,612,1534668032,1,3246582016 from=PARKED to=MID reason=drive
[21:27:50.013] [JOIN] INFO: [life] hand=1,612,1534668032,1,3246582016 from=MID to=PARKED reason=mid-rest
[21:27:50.104] [JOIN] INFO: [census] park hand=1,39306640 name='Mercenary' d=157 local=-71526,1645,25397 host=-71398,1640,25307 (parks=27)
[21:27:50.128] [JOIN] INFO: [census] FREEZE hand=1,3982299904 name='Ninja Guard' d=0 (frozen=17)
[21:27:50.187] [JOIN] INFO: [stage] lines=266/10s peak us: frame-end=20878/9989 engine=15411/1300 app:pubCensus=360/2 app:authority=233/55 app:targets=223/73
[21:27:50.199] [JOIN] INFO: [budget] pub avg=174us max=347us apply avg=126us max=448us frames=439 over2ms=0
[21:27:50.199] [JOIN] INFO: [q] peak evt=0 ent=6/4096 inv=2 cen=1 stealth=0 cam=1 (dropped ent=3753 earlier)
[21:27:50.337] [JOIN] INFO: [time] OFFSET off=0.4178gh slew=2.00 host=1040.09717 local=1039.67938
[21:27:50.385] [JOIN] INFO: [census] FREEZE hand=1,3982299904 name='Ninja Guard' d=0 (frozen=17)
[21:27:50.599] [JOIN] INFO: [census] park hand=1,1671386752 name='Truth' d=142 local=-71466,1647,25522 host=-71435,1630,25385 (parks=30)
[21:27:50.642] [JOIN] INFO: [census] FREEZE hand=1,2952758784 name='Rogue Trader' d=0 (frozen=17)
[21:27:50.695] [JOIN] INFO: [stats] RECV hand=1,1709716736 ok=1 str=42.3 dex=33.2 tough=45.2 stealth=60.9 athl=56.8 xp=0
[21:27:50.695] [JOIN] INFO: [stats] RECV hand=2,3640503040 ok=1 str=29.7 dex=18.6 tough=45.5 stealth=33.8 athl=43.3 xp=0
[21:27:50.695] [JOIN] INFO: [stats] RECV hand=3,3548706048 ok=1 str=3.8 dex=10.1 tough=24.4 stealth=30.9 athl=24.4 xp=0
[21:27:50.696] [JOIN] INFO: [inv] APPLY hand=1,1,2172729600,1,1709716736 items=13
[21:27:50.697] [JOIN] INFO: [inv] APPLY hand=1,1,2172729600,3,3548706048 items=11
[21:27:50.897] [JOIN] INFO: [census] FREEZE hand=1,2952758784 name='Rogue Trader' d=0 (frozen=17)
[21:27:50.897] [JOIN] INFO: [life] hand=1,301,292480480,1,51635744 from=MID to=PARKED reason=census-local
[21:27:50.939] [JOIN] INFO: [med] SEND hand=1,3537841920 npc=1 blood=119.7 bleed=0.00 fl=125.0,125.0,125.0,125.0 bd=0.0,0.0,0.0,0.0 flags=1 nparts=7 pmin=60.8 smin=0.0 ls=0,0,0,0
[21:27:50.993] [JOIN] INFO: [life] hand=1,527,1791748096,1,3988281344 from=MID to=PARKED reason=census-local
[21:27:50.993] [JOIN] INFO: [census] park hand=1,3988281344 name='Ninja Guard' d=203 local=-71077,1665,25134 host=-71011,1560,25296 (parks=33)
[21:27:51.146] [JOIN] INFO: [census] FREEZE hand=1,2952758784 name='Rogue Trader' d=0 (frozen=18)
[21:27:51.178] [JOIN] INFO: [gate] hand=1,3246582016 host=119 local=1  agree=27345/33873 (80%)
[21:27:51.372] [JOIN] INFO: [census] park hand=1,2952758784 name='Rogue Trader' d=280 local=-71356,1656,25162 host=-71517,1646,25390 (parks=35)
[21:27:51.404] [JOIN] INFO: [census] FREEZE hand=1,3982299904 name='Ninja Guard' d=0 (frozen=18)
[21:27:51.428] [JOIN] INFO: [life] hand=1,404,362304672,1,207763664 from=PARKED to=MID reason=drive
[21:27:51.428] [JOIN] INFO: [life] hand=1,317,2729248000,1,3452758784 from=MID to=PARKED reason=census-local
[21:27:51.438] [JOIN] INFO: [life] hand=1,404,362304672,1,207763664 from=MID to=PARKED reason=mid-rest
[21:27:51.517] [JOIN] INFO: [life] hand=1,612,1534668032,1,3246582016 from=PARKED to=MID reason=drive
[21:27:51.530] [JOIN] INFO: [life] hand=1,612,1534668032,1,3246582016 from=MID to=PARKED reason=mid-rest
[21:27:51.657] [JOIN] INFO: [census] FREEZE hand=1,3982299904 name='Ninja Guard' d=0 (frozen=18)
[21:27:51.744] [JOIN] INFO: [census] park hand=1,2686523392 name='Rogue Trader' d=135 local=-71526,1646,25394 host=-71441,1641,25289 (parks=39)
[21:27:51.917] [JOIN] INFO: [census] FREEZE hand=1,3982299904 name='Ninja Guard' d=0 (frozen=18)
[21:27:51.959] [JOIN] INFO: [life] hand=1,522,2107666048,1,3323852544 from=PARKED to=MID reason=drive
[21:27:51.968] [JOIN] INFO: [life] hand=1,522,2107666048,1,3323852544 from=MID to=PARKED reason=mid-rest
[21:27:52.053] [JOIN] INFO: [med] SEND hand=1,3537841920 npc=1 blood=119.8 bleed=0.00 fl=125.0,125.0,125.0,125.0 bd=0.0,0.0,0.0,0.0 flags=1 nparts=7 pmin=60.8 smin=0.0 ls=0,0,0,0
[21:27:52.168] [JOIN] INFO: [ai] suspended=8 driven=26 targets=47 rel=22 relWalk=217u/18s snapCbt=0 snapVeto=0 frzAct=6616 frzHurt=0
[21:27:52.168] [JOIN] INFO: [interp] lerp=4009 extrap=5384 clamp=7 seg=91 single=37565 snapSq=0 snapNpc=0 reissueSq=114 reissueNpc=46 restFlip=0 delay=397 jit=129.2 starve=2 snapMid=12 restFlipMid=0 haltDrv=0 haltCbt=0
[21:27:52.168] [JOIN] INFO: [trust] trusted=24 driven=23 grants=43 revokes=0 koRel=0 koExp=0
[21:27:52.168] [JOIN] INFO: [census] FREEZE hand=1,3982299904 name='Ninja Guard' d=0 (frozen=18)
[21:27:52.168] [JOIN] INFO: [cam] center=-71301.0,1650.3,25299.3
[21:27:52.190] [JOIN] INFO: [census] park hand=1,39306640 name='Mercenary' d=156 local=-71525,1645,25396 host=-71398,1640,25307 (parks=40)
[21:27:52.200] [JOIN] INFO: [deed] AUDIT hand=0.2385.11111.198.830322240 isPlayer=1 set=1 sale=0 shop=0 public=1 desig=0 resident=1/0 town=0/1 interior=0 internals=0 doors=0/0/0 furn=0/0/0 canUse=1 home=0/1/0 stuff=1 wallet=10785 squads=2/0/0 cur=0/0 base=-1/-1 owner='204-gamedata.base' name='Campfire'
[21:27:52.201] [JOIN] INFO: [auth] map n=95 host=95 join=0 veto=0 vetoTotal=0 gen=16 div=0 consult=98759 recv=84 stale=0 refuse=0
[21:27:52.407] [JOIN] INFO: [trust] grant hand=1,3323852544 streak=150
[21:27:52.408] [JOIN] INFO: [audit] exist near=26 wide=93 drv=26 cen=67 hid=0 ghost=0 supp=0 census=95 fresh=1 parks=43 nearCap=0 wideCap=0 peerTrunc=0 staleMs=0 edges=0 ghostMax=-1 ghostEdge=0 dorm=0 attnR=1000 dormPc=0 pcs=7 mine=0 skip=0 cells=1 truncHold=0 wdHold=0 noBody=0 lostItems=0
[21:27:52.419] [JOIN] INFO: [census] FREEZE hand=1,3982299904 name='Ninja Guard' d=0 (frozen=19)
[21:27:52.613] [JOIN] INFO: [census] park hand=1,1671386752 name='Truth' d=142 local=-71466,1647,25523 host=-71435,1630,25385 (parks=44)
[21:27:52.676] [JOIN] INFO: [census] FREEZE hand=1,3982299904 name='Ninja Guard' d=0 (frozen=19)
[21:27:52.916] [JOIN] INFO: [census] park hand=1,2863891712 name='Those who protect' d=123 local=-71639,1644,25310 host=-71578,1644,25416 (parks=47)
[21:27:52.926] [JOIN] INFO: [census] FREEZE hand=1,3982299904 name='Ninja Guard' d=0 (frozen=20)
[21:27:52.937] [JOIN] INFO: [life] hand=1,404,362304672,1,207763664 from=PARKED to=MID reason=drive
[21:27:52.949] [JOIN] INFO: [life] hand=1,404,362304672,1,207763664 from=MID to=PARKED reason=mid-rest
[21:27:53.039] [JOIN] INFO: [life] hand=1,612,1534668032,1,3246582016 from=PARKED to=MID reason=drive
[21:27:53.050] [JOIN] INFO: [life] hand=1,612,1534668032,1,3246582016 from=MID to=PARKED reason=mid-rest
[21:27:53.178] [JOIN] INFO: [census] FREEZE hand=1,3982299904 name='Ninja Guard' d=0 (frozen=20)
[21:27:53.189] [JOIN] INFO: [gate] hand=1,207763664 host=51 local=1  agree=30310/37231 (81%)
[21:27:53.199] [JOIN] INFO: [census] park hand=1,39306640 name='Mercenary' d=187 local=-71398,1640,25307 host=-71550,1645,25415 (parks=48)
[21:27:53.210] [JOIN] INFO: [med] SEND hand=1,3537841920 npc=1 blood=119.9 bleed=0.00 fl=125.0,125.0,125.0,125.0 bd=0.0,0.0,0.0,0.0 flags=1 nparts=7 pmin=60.9 smin=0.0 ls=0,0,0,0
[21:27:53.434] [JOIN] INFO: [census] FREEZE hand=1,3982299904 name='Ninja Guard' d=0 (frozen=21)
[21:27:53.495] [JOIN] INFO: [census] park hand=1,2952758784 name='Rogue Trader' d=280 local=-71356,1656,25162 host=-71517,1646,25390 (parks=50)
[21:27:53.496] [JOIN] INFO: [cam] hint recv=-71349.9,1643.4,25089.1
[21:27:53.685] [JOIN] INFO: [census] FREEZE hand=1,3982299904 name='Ninja Guard' d=0 (frozen=21)
[21:27:53.753] [JOIN] INFO: [census] park hand=1,2686523392 name='Rogue Trader' d=134 local=-71525,1646,25393 host=-71441,1641,25289 (parks=54)
[21:27:53.940] [JOIN] INFO: [census] FREEZE hand=1,3982299904 name='Ninja Guard' d=0 (frozen=21)
[21:27:54.176] [JOIN] INFO: [cell] MAP cells=1 slots=2 16,37=0
[21:27:54.195] [JOIN] INFO: [census] FREEZE hand=1,3982299904 name='Ninja Guard' d=0 (frozen=21)
[21:27:54.268] [JOIN] INFO: [med] SEND hand=1,3537841920 npc=1 blood=119.9 bleed=0.00 fl=125.0,125.0,125.0,125.0 bd=0.0,0.0,0.0,0.0 flags=1 nparts=7 pmin=60.9 smin=0.0 ls=0,0,0,0
[21:27:54.450] [JOIN] INFO: [census] FREEZE hand=1,3982299904 name='Ninja Guard' d=0 (frozen=21)
[21:27:54.495] [JOIN] INFO: [census] park hand=1,2952758784 name='Rogue Trader' d=280 local=-71517,1646,25390 host=-71356,1656,25162 (parks=55)
[21:27:54.559] [JOIN] INFO: [life] hand=1,471,475463872,1,2640503040 from=MID to=PARKED reason=census-local
[21:27:54.642] [JOIN] INFO: [net] CLOCKSYNC offset=-7201559 rtt=82 n=19
[21:27:54.642] [JOIN] INFO: [net] [net] bandwidth out=11.4 KB/s in=8.5 KB/s (window 5s)
[21:27:54.642] [JOIN] INFO: [net] [net] mix out ent=80/25.8KB census=5/15.4KB inv=4/7.3KB med=13/5.9KB stats=4/0.8KB cam=5/0.1KB +deed=1,cell=1,spdReq=1
[21:27:54.642] [JOIN] INFO: [net] [net] mix in  census=5/15.4KB ent=32/10.5KB med=22/10.0KB inv=2/3.8KB research=11/0.6KB stats=3/0.6KB +time=5,cam=4,spdSet=2,tpong=2,cell=1,money=1
[21:27:54.705] [JOIN] INFO: [census] FREEZE hand=1,3982299904 name='Ninja Guard' d=0 (frozen=22)
[21:27:54.762] [JOIN] INFO: [census] park hand=1,2686523392 name='Rogue Trader' d=140 local=-71441,1641,25289 host=-71530,1645,25397 (parks=60)
[21:27:54.955] [JOIN] INFO: [census] FREEZE hand=1,3982299904 name='Ninja Guard' d=0 (frozen=22)
[21:27:55.171] [JOIN] INFO: [ai] suspended=8 driven=25 targets=47 rel=24 relWalk=220u/21s snapCbt=0 snapVeto=0 frzAct=9985 frzHurt=0
[21:27:55.171] [JOIN] INFO: [trust] trusted=25 driven=22 grants=44 revokes=0 koRel=0 koExp=0
[21:27:55.195] [JOIN] INFO: [gate] hand=7,1111816448 host=1 local=65535  agree=33061/40159 (82%)
[21:27:55.203] [JOIN] INFO: [budget] pub avg=166us max=425us apply avg=125us max=341us frames=465 over2ms=0
[21:27:55.203] [JOIN] INFO: [q] peak evt=0 ent=6/4096 inv=2 cen=1 stealth=0 cam=1 (dropped ent=3753 earlier)
[21:27:55.211] [JOIN] INFO: [census] FREEZE hand=1,3982299904 name='Ninja Guard' d=0 (frozen=22)
[21:27:55.228] [JOIN] INFO: [life] hand=1,97,2536010752,1,1053344704 from=MID to=PARKED reason=census-wide
[21:27:55.245] [JOIN] INFO: [life] hand=1,529,3288574208,1,2586425856 from=MID to=PARKED reason=census-local
[21:27:55.245] [JOIN] INFO: [census] park hand=1,2586425856 name='Firebone' d=158 local=-71541,1711,25353 host=-71652,1656,25450 (parks=61)
[21:27:55.335] [JOIN] INFO: [life] hand=1,481,3322509824,1,656127936 from=MID to=PARKED reason=census-wide
[21:27:55.335] [JOIN] INFO: [life] hand=1,147,182006832,1,435791008 from=MID to=PARKED reason=census-wide
[21:27:55.335] [JOIN] INFO: [life] hand=1,621,3230590720,1,2602050816 from=HI to=PARKED reason=census-wide
[21:27:55.335] [JOIN] INFO: [life] hand=1,485,1927612288,1,1317382784 from=HI to=PARKED reason=census-wide
[21:27:55.335] [JOIN] INFO: [life] hand=1,525,2475219712,1,3671997184 from=HI to=PARKED reason=census-wide
[21:27:55.335] [JOIN] INFO: [life] hand=1,355,2041259776,1,2722656256 from=HI to=PARKED reason=census-wide
[21:27:55.335] [JOIN] INFO: [life] hand=1,475,1583496064,1,2376098560 from=HI to=PARKED reason=census-wide
[21:27:55.335] [JOIN] INFO: [life] hand=1,533,2564941312,1,1287963904 from=HI to=PARKED reason=census-wide
[21:27:55.335] [JOIN] INFO: [life] hand=1,517,210937504,1,235961920 from=HI to=PARKED reason=census-wide
[21:27:55.360] [JOIN] INFO: [med] SEND hand=1,3537841920 npc=1 blood=120.0 bleed=0.00 fl=125.0,125.0,125.0,125.0 bd=0.0,0.0,0.0,0.0 flags=1 nparts=7 pmin=60.9 smin=0.0 ls=0,0,0,0
[21:27:55.455] [JOIN] INFO: [spawn] INFO send hand=1,312,386474624,1,3778564352 found=1 dead=0 age=1.00 sid='1289-gamedata.base' fac='1214-gamedata.base'
[21:27:55.455] [JOIN] INFO: [spawn] INFO send hand=1,357,3856933632,1,2553832960 found=1 dead=0 age=1.00 sid='1227-gamedata.base' fac='1214-gamedata.base'
[21:27:55.455] [JOIN] INFO: [spawn] INFO send hand=1,358,2981689344,1,2694091776 found=1 dead=0 age=1.00 sid='1227-gamedata.base' fac='1214-gamedata.base'
[21:27:55.455] [JOIN] INFO: [spawn] INFO send hand=1,382,2239623936,1,1362182656 found=1 dead=0 age=1.00 sid='1227-gamedata.base' fac='1214-gamedata.base'
[21:27:55.455] [JOIN] INFO: [spawn] INFO send hand=1,421,837524416,1,1400268544 found=1 dead=0 age=1.00 sid='1292-gamedata.base' fac='1214-gamedata.base'
[21:27:55.465] [JOIN] INFO: [census] FREEZE hand=1,3982299904 name='Ninja Guard' d=0 (frozen=23)
[21:27:55.497] [JOIN] INFO: [census] park hand=1,2952758784 name='Rogue Trader' d=280 local=-71356,1656,25162 host=-71517,1646,25390 (parks=62)
[21:27:55.703] [JOIN] INFO: [stats] RECV hand=1,1709716736 ok=1 str=42.3 dex=33.2 tough=45.2 stealth=60.9 athl=56.8 xp=0
[21:27:55.703] [JOIN] INFO: [stats] RECV hand=2,3640503040 ok=1 str=29.7 dex=18.6 tough=45.5 stealth=33.8 athl=43.3 xp=0
[21:27:55.703] [JOIN] INFO: [stats] RECV hand=3,3548706048 ok=1 str=3.8 dex=10.1 tough=24.4 stealth=30.9 athl=24.4 xp=0
[21:27:55.704] [JOIN] INFO: [inv] APPLY hand=1,1,2172729600,1,1709716736 items=13
[21:27:55.704] [JOIN] INFO: [inv] APPLY hand=1,1,2172729600,3,3548706048 items=11
[21:27:55.722] [JOIN] INFO: [census] FREEZE hand=1,3982299904 name='Ninja Guard' d=0 (frozen=23)
[21:27:55.851] [JOIN] INFO: [census] park hand=1,2686523392 name='Rogue Trader' d=140 local=-71530,1645,25397 host=-71441,1641,25289 (parks=66)
[21:27:55.977] [JOIN] INFO: [census] FREEZE hand=1,3982299904 name='Ninja Guard' d=0 (frozen=23)
[21:27:56.229] [JOIN] INFO: [census] FREEZE hand=1,3982299904 name='Ninja Guard' d=0 (frozen=23)
[21:27:56.368] [JOIN] INFO: [med] SEND hand=1,3537841920 npc=1 blood=120.0 bleed=0.00 fl=125.0,125.0,125.0,125.0 bd=0.0,0.0,0.0,0.0 flags=1 nparts=7 pmin=60.9 smin=0.0 ls=0,0,0,0
[21:27:56.463] [JOIN] INFO: [time] OFFSET off=0.3608gh slew=2.00 host=1040.15257 local=1039.79177
[21:27:56.484] [JOIN] INFO: [census] FREEZE hand=1,3982299904 name='Ninja Guard' d=0 (frozen=23)
[21:27:56.504] [JOIN] INFO: [census] park hand=1,2952758784 name='Rogue Trader' d=280 local=-71517,1646,25390 host=-71356,1656,25162 (parks=67)
[21:27:56.571] [JOIN] INFO: [med] SEND hand=1,3070922752 npc=1 blood=107.6 bleed=0.00 fl=125.0,125.0,125.0,13.5 bd=0.0,0.0,0.0,0.0 flags=1 nparts=7 pmin=13.5 smin=0.0 ls=0,0,0,0
[21:27:56.737] [JOIN] INFO: [census] FREEZE hand=1,3982299904 name='Ninja Guard' d=0 (frozen=23)
[21:27:56.779] [JOIN] INFO: [census] park hand=1,1671386752 name='Truth' d=143 local=-71466,1647,25523 host=-71435,1630,25385 (parks=69)
[21:27:56.995] [JOIN] INFO: [census] FREEZE hand=1,3982299904 name='Ninja Guard' d=0 (frozen=23)
[21:27:57.175] [JOIN] INFO: [interp] lerp=5800 extrap=6674 clamp=7 seg=91 single=47561 snapSq=0 snapNpc=0 reissueSq=114 reissueNpc=49 restFlip=0 delay=596 jit=173.1 starve=4 snapMid=12 restFlipMid=0 haltDrv=0 haltCbt=0
[21:27:57.175] [JOIN] INFO: [cam] center=-71390.0,1658.2,25256.1
[21:27:57.205] [JOIN] INFO: [gate] hand=1,207763664 host=51 local=1  agree=36076/43459 (83%)
[21:27:57.223] [JOIN] INFO: [deed] AUDIT hand=0.2385.11111.198.830322240 isPlayer=1 set=1 sale=0 shop=0 public=1 desig=0 resident=1/0 town=0/1 interior=0 internals=0 doors=0/0/0 furn=0/0/0 canUse=1 home=0/1/0 stuff=1 wallet=10785 squads=2/0/0 cur=0/0 base=-1/-1 owner='204-gamedata.base' name='Campfire'
[21:27:57.225] [JOIN] INFO: [auth] map n=95 host=95 join=0 veto=0 vetoTotal=0 gen=21 div=0 consult=133165 recv=84 stale=0 refuse=0
[21:27:57.225] [JOIN] INFO: [census] sent n=95 radius=2000 mid=0 anchors=2 a0=loaded:10 a1=loaded:85 enum=95 notmine=0 proxyrow=0 attnR=1000 resendSup=177 nearSup=797
[21:27:57.247] [JOIN] INFO: [census] FREEZE hand=1,3982299904 name='Ninja Guard' d=0 (frozen=23)
[21:27:57.407] [JOIN] INFO: [audit] exist near=24 wide=93 drv=23 cen=67 hid=0 ghost=3 supp=0 census=95 fresh=1 parks=71 nearCap=0 wideCap=0 peerTrunc=0 staleMs=0 edges=0 ghostMax=330 ghostEdge=0 dorm=0 attnR=1000 dormPc=0 pcs=7 mine=0 skip=0 cells=1 truncHold=0 wdHold=0 noBody=0 lostItems=0
[21:27:57.428] [JOIN] INFO: [census] recv n=95 culls=0 trunc=0
[21:27:57.438] [JOIN] INFO: [life] hand=1,613,2211791872,1,1632202112 from=PARKED to=HI reason=drive
[21:27:57.508] [JOIN] INFO: [census] FREEZE hand=1,3982299904 name='Ninja Guard' d=0 (frozen=23)
[21:27:57.508] [JOIN] INFO: [census] park hand=1,2952758784 name='Rogue Trader' d=280 local=-71356,1656,25162 host=-71517,1646,25390 (parks=72)
[21:27:57.767] [JOIN] INFO: [census] FREEZE hand=1,3982299904 name='Ninja Guard' d=0 (frozen=23)
[21:27:57.785] [JOIN] INFO: [census] park hand=1,1671386752 name='Truth' d=143 local=-71435,1630,25385 host=-71466,1647,25523 (parks=74)
[21:27:58.023] [JOIN] INFO: [census] FREEZE hand=1,3982299904 name='Ninja Guard' d=0 (frozen=23)
[21:27:58.179] [JOIN] INFO: [ai] suspended=8 driven=25 targets=48 rel=24 relWalk=220u/21s snapCbt=0 snapVeto=0 frzAct=13597 frzHurt=0
[21:27:58.179] [JOIN] INFO: [trust] trusted=25 driven=23 grants=44 revokes=0 koRel=0 koExp=0
[21:27:58.276] [JOIN] INFO: [census] FREEZE hand=1,3982299904 name='Ninja Guard' d=0 (frozen=23)
[21:27:58.285] [JOIN] INFO: [life] hand=1,404,362304672,1,207763664 from=PARKED to=MID reason=drive
[21:27:58.295] [JOIN] INFO: [life] hand=1,404,362304672,1,207763664 from=MID to=PARKED reason=mid-rest
[21:27:58.392] [JOIN] INFO: [life] hand=1,317,2729248000,1,3452758784 from=PARKED to=HI reason=drive
[21:27:58.411] [JOIN] INFO: [life] hand=1,612,1534668032,1,3246582016 from=PARKED to=MID reason=drive
[21:27:58.420] [JOIN] INFO: [life] hand=1,612,1534668032,1,3246582016 from=MID to=PARKED reason=mid-rest
[21:27:58.520] [JOIN] INFO: [life] hand=1,471,475463872,1,2640503040 from=PARKED to=HI reason=drive
[21:27:58.528] [JOIN] INFO: [census] FREEZE hand=1,3982299904 name='Ninja Guard' d=0 (frozen=23)
[21:27:58.576] [JOIN] INFO: [life] hand=1,361,712524416,1,1671386752 from=PARKED to=HI reason=drive
[21:27:58.705] [JOIN] INFO: [life] hand=1,233,504028320,1,2946655232 from=PARKED to=HI reason=drive
[21:27:58.782] [JOIN] INFO: [census] FREEZE hand=1,3982299904 name='Ninja Guard' d=0 (frozen=23)
[21:27:59.032] [JOIN] INFO: [census] FREEZE hand=1,3982299904 name='Ninja Guard' d=0 (frozen=23)
[21:27:59.180] [JOIN] INFO: [life] hand=1,527,1791748096,1,3988281344 from=PARKED to=HI reason=drive
[21:27:59.180] [JOIN] INFO: [cell] MAP cells=1 slots=2 16,37=0
[21:27:59.210] [JOIN] INFO: [gate] hand=1,3452758784 host=65535 local=1  agree=39233/47103 (83%)
[21:27:59.288] [JOIN] INFO: [census] FREEZE hand=1,3982299904 name='Ninja Guard' d=0 (frozen=23)
[21:27:59.299] [JOIN] INFO: [life] hand=1,611,2146972672,1,1619628928 from=PARKED to=HI reason=drive
[21:27:59.299] [JOIN] INFO: [pose] rest re-arm task 65535 -> 87
[21:27:59.299] [JOIN] INFO: [pose] applyOrder hand=1,1619628928 task=87 subj=73,3275756800,0 wire=73,3275756800 det=1 r=2 try=0
[21:27:59.361] [JOIN] INFO: [census] park hand=1,191040032 name='Sparks' d=125 local=-71436,1632,25371 host=-71409,1648,25492 (parks=76)
[21:27:59.361] [JOIN] INFO: [cam] hint recv=-71349.9,1643.4,25089.1
[21:27:59.497] [JOIN] INFO: [life] hand=1,537,1485229440,1,3814941440 from=PARKED to=HI reason=drive
[21:27:59.497] [JOIN] INFO: [pose] rest re-arm task 65535 -> 87
[21:27:59.497] [JOIN] INFO: [pose] applyOrder hand=1,3814941440 task=87 subj=107,3124633856,0 wire=107,3124633856 det=1 r=2 try=0
[21:27:59.540] [JOIN] INFO: [census] FREEZE hand=1,3982299904 name='Ninja Guard' d=0 (frozen=23)
[21:27:59.604] [JOIN] INFO: [life] hand=1,489,3635986432,1,1112304640 from=PARKED to=HI reason=drive
[21:27:59.653] [JOIN] INFO: [net] CLOCKSYNC offset=-7201558 rtt=82 n=22
[21:27:59.654] [JOIN] INFO: [net] [net] bandwidth out=11.8 KB/s in=8.7 KB/s (window 5s)
[21:27:59.654] [JOIN] INFO: [net] [net] mix out ent=84/27.1KB census=5/15.4KB inv=4/7.3KB med=12/5.5KB stats=4/0.8KB spwnInf=5/0.7KB +cam=5,spdReq=2,cell=1
[21:27:59.654] [JOIN] INFO: [net] [net] mix in  census=5/15.4KB ent=33/10.9KB med=19/8.7KB inv=2/3.8KB assign=42/1.6KB stats=3/0.6KB +spwnReq=5,time=5,cam=5,deed=1,tpong=3,spdSet=2,cell=1,money=1
[21:27:59.791] [JOIN] INFO: [census] FREEZE hand=1,3982299904 name='Ninja Guard' d=0 (frozen=23)
[21:27:59.800] [JOIN] INFO: [life] hand=1,404,362304672,1,207763664 from=PARKED to=MID reason=drive
[21:27:59.809] [JOIN] INFO: [life] hand=1,404,362304672,1,207763664 from=MID to=PARKED reason=mid-rest
[21:27:59.924] [JOIN] INFO: [life] hand=1,612,1534668032,1,3246582016 from=PARKED to=MID reason=drive
[21:27:59.933] [JOIN] INFO: [life] hand=1,612,1534668032,1,3246582016 from=MID to=PARKED reason=mid-rest
[21:28:00.048] [JOIN] INFO: [life] hand=1,475,1583496064,1,2376098560 from=PARKED to=HI reason=drive
[21:28:00.048] [JOIN] INFO: [pose] rest re-arm task 65535 -> 98
[21:28:00.048] [JOIN] INFO: [pose] applyOrder hand=1,2376098560 task=98 subj=182,1649414016,0 wire=182,1649414016 det=1 r=2 try=0
[21:28:00.048] [JOIN] INFO: [census] FREEZE hand=1,3982299904 name='Ninja Guard' d=0 (frozen=23)
[21:28:00.157] [JOIN] INFO: [trust] grant hand=1,2946655232 streak=150
[21:28:00.189] [JOIN] INFO: [stage] lines=174/10s peak us: frame-end=14865/8704 engine=6258/1195 app:targets=227/67 pub:owned=212/54 app:authority=203/56
[21:28:00.211] [JOIN] INFO: [budget] pub avg=155us max=345us apply avg=136us max=330us frames=517 over2ms=0
[21:28:00.211] [JOIN] INFO: [q] peak evt=0 ent=6/4096 inv=2 cen=1 stealth=0 cam=1 (dropped ent=3753 earlier)
[21:28:00.238] [JOIN] INFO: [life] hand=1,471,475463872,1,2640503040 from=HI to=PARKED reason=mid-rest
[21:28:00.307] [JOIN] INFO: [census] FREEZE hand=1,3982299904 name='Ninja Guard' d=0 (frozen=23)
[21:28:00.344] [JOIN] INFO: [furn] RECV EXIT id=30 occ=1,1417358336 furn=145,1711059584 kind=1 ok=1
[21:28:00.344] [JOIN] INFO: [event] RECV id=30 ev=9 owner=0 hand=1,478,2835693312,1,1417358336 actor=145,1711059584
[21:28:00.345] [JOIN] INFO: [life] hand=1,227,3558838016,1,3409668096 from=PARKED to=HI reason=drive
[21:28:00.396] [JOIN] INFO: [life] hand=1,317,2729248000,1,3452758784 from=HI to=PARKED reason=census-local
[21:28:00.435] [JOIN] INFO: [life] hand=1,617,2473510656,1,3953857536 from=PARKED to=HI reason=drive
[21:28:00.435] [JOIN] INFO: [pose] rest re-arm task 65535 -> 87
[21:28:00.435] [JOIN] INFO: [pose] applyOrder hand=1,3953857536 task=87 subj=72,713500992,0 wire=72,713500992 det=1 r=2 try=0
[21:28:00.543] [JOIN] INFO: [life] hand=1,621,3230590720,1,2602050816 from=PARKED to=HI reason=drive
[21:28:00.543] [JOIN] INFO: [pose] rest re-arm task 65535 -> 87
[21:28:00.543] [JOIN] INFO: [pose] applyOrder hand=1,2602050816 task=87 subj=122,307861344,0 wire=122,307861344 det=1 r=2 try=0
[21:28:00.564] [JOIN] INFO: [census] FREEZE hand=1,3982299904 name='Ninja Guard' d=0 (frozen=23)
[21:28:00.575] [JOIN] INFO: [life] hand=1,361,712524416,1,1671386752 from=HI to=PARKED reason=census-local
[21:28:00.604] [JOIN] INFO: [life] hand=1,361,712524416,1,1671386752 from=PARKED to=MID reason=drive
[21:28:00.658] [JOIN] INFO: [trust] grant hand=1,3988281344 streak=150
[21:28:00.734] [JOIN] INFO: [fac] AFFECT-EV me='1233-gamedata.base' whom='56128-rebirth.mod' event=1 mult=0.025 after=-5.33 skipped=0
[21:28:00.742] [JOIN] INFO: [stats] RECV hand=1,1709716736 ok=1 str=42.3 dex=33.2 tough=45.2 stealth=60.9 athl=56.8 xp=0
[21:28:00.742] [JOIN] INFO: [stats] RECV hand=2,3640503040 ok=1 str=29.7 dex=18.6 tough=45.5 stealth=33.8 athl=43.3 xp=0
[21:28:00.742] [JOIN] INFO: [stats] RECV hand=3,3548706048 ok=1 str=3.8 dex=10.1 tough=24.4 stealth=30.9 athl=24.4 xp=0
[21:28:00.743] [JOIN] INFO: [life] hand=1,517,210937504,1,235961920 from=PARKED to=HI reason=drive
[21:28:00.743] [JOIN] INFO: [inv] APPLY hand=1,1,2172729600,1,1709716736 items=13
[21:28:00.743] [JOIN] INFO: [inv] APPLY hand=1,1,2172729600,3,3548706048 items=11
[21:28:00.773] [JOIN] INFO: [trust] grant hand=1,1619628928 streak=150
[21:28:00.821] [JOIN] INFO: [census] FREEZE hand=1,3982299904 name='Ninja Guard' d=0 (frozen=23)
[21:28:00.851] [JOIN] INFO: [furn] RECV EXIT id=31 occ=1,2730834944 furn=151,3629882880 kind=1 ok=1
[21:28:00.851] [JOIN] INFO: [event] RECV id=31 ev=9 owner=0 hand=1,418,1020751936,1,2730834944 actor=151,3629882880
[21:28:00.965] [JOIN] INFO: [trust] grant hand=1,3814941440 streak=150
[21:28:00.985] [JOIN] INFO: [life] hand=1,533,2564941312,1,1287963904 from=PARKED to=HI reason=drive
[21:28:00.985] [JOIN] INFO: [pose] rest re-arm task 65535 -> 98
[21:28:00.985] [JOIN] INFO: [pose] applyOrder hand=1,1287963904 task=98 subj=142,515624992,0 wire=142,515624992 det=1 r=2 try=0
[21:28:01.078] [JOIN] INFO: [trust] grant hand=1,1112304640 streak=150
[21:28:01.078] [JOIN] INFO: [census] FREEZE hand=1,3982299904 name='Ninja Guard' d=0 (frozen=23)
[21:28:01.173] [JOIN] INFO: [furn] RECV ENTER id=32 occ=1,2730834944 furn=151,3629882880 kind=1 ok=1
[21:28:01.173] [JOIN] INFO: [event] RECV id=32 ev=8 owner=0 hand=1,418,1020751936,1,2730834944 actor=151,3629882880
[21:28:01.183] [JOIN] INFO: [ai] suspended=14 driven=32 targets=63 rel=29 relWalk=257u/34s snapCbt=0 snapVeto=0 frzAct=16734 frzHurt=0
[21:28:01.184] [JOIN] INFO: [trust] trusted=30 driven=33 grants=49 revokes=0 koRel=0 koExp=0
[21:28:01.212] [JOIN] INFO: [gate] hand=1,207763664 host=51 local=1  agree=43709/52149 (83%)
[21:28:01.331] [JOIN] INFO: [census] FREEZE hand=1,3982299904 name='Ninja Guard' d=0 (frozen=23)
[21:28:01.466] [JOIN] INFO: [time] OFFSET off=0.3151gh slew=2.00 host=1040.19860 local=1039.88349
[21:28:01.467] [JOIN] INFO: [spawn] INFO send hand=1,312,386474624,1,3778564352 found=1 dead=0 age=1.00 sid='1289-gamedata.base' fac='1214-gamedata.base'
[21:28:01.467] [JOIN] INFO: [spawn] INFO send hand=1,357,3856933632,1,2553832960 found=1 dead=0 age=1.00 sid='1227-gamedata.base' fac='1214-gamedata.base'
[21:28:01.467] [JOIN] INFO: [spawn] INFO send hand=1,358,2981689344,1,2694091776 found=1 dead=0 age=1.00 sid='1227-gamedata.base' fac='1214-gamedata.base'
[21:28:01.467] [JOIN] INFO: [spawn] INFO send hand=1,382,2239623936,1,1362182656 found=1 dead=0 age=1.00 sid='1227-gamedata.base' fac='1214-gamedata.base'
[21:28:01.467] [JOIN] INFO: [spawn] INFO send hand=1,421,837524416,1,1400268544 found=1 dead=0 age=1.00 sid='1292-gamedata.base' fac='1214-gamedata.base'
[21:28:01.477] [JOIN] INFO: [life] hand=1,234,1025024384,1,3781005824 from=HI to=PARKED reason=census-local
[21:28:01.526] [JOIN] INFO: [trust] grant hand=1,2376098560 streak=150
[21:28:01.585] [JOIN] INFO: [census] FREEZE hand=1,3982299904 name='Ninja Guard' d=0 (frozen=23)
[21:28:01.680] [JOIN] INFO: [inv] APPLY hand=0,2385,11111,172,1222778368 items=1
[21:28:01.680] [JOIN] INFO: [inv] APPLY hand=0,2385,11111,191,134765632 items=0
[21:28:01.738] [JOIN] INFO: [life] hand=1,471,475463872,1,2640503040 from=PARKED to=MID reason=drive
[21:28:01.748] [JOIN] INFO: [life] hand=1,471,475463872,1,2640503040 from=MID to=PARKED reason=mid-rest
[21:28:01.817] [JOIN] INFO: [trust] grant hand=1,3409668096 streak=150
[21:28:01.836] [JOIN] INFO: [census] FREEZE hand=1,3982299904 name='Ninja Guard' d=0 (frozen=23)
[21:28:01.902] [JOIN] INFO: [trust] grant hand=1,3953857536 streak=150
[21:28:01.988] [JOIN] INFO: [life] hand=1,612,1534668032,1,3246582016 from=PARKED to=MID reason=drive
[21:28:01.998] [JOIN] INFO: [life] hand=1,612,1534668032,1,3246582016 from=MID to=PARKED reason=mid-rest
[21:28:01.998] [JOIN] INFO: [trust] grant hand=1,2602050816 streak=150
[21:28:02.097] [JOIN] INFO: [census] FREEZE hand=1,3982299904 name='Ninja Guard' d=0 (frozen=23)
[21:28:02.181] [JOIN] INFO: [interp] lerp=7614 extrap=7993 clamp=7 seg=156 single=60714 snapSq=0 snapNpc=0 reissueSq=120 reissueNpc=52 restFlip=0 delay=646 jit=176.7 starve=14 snapMid=12 restFlipMid=0 haltDrv=0 haltCbt=0
[21:28:02.181] [JOIN] INFO: [cam] center=-71354.9,1645.0,25337.8
[21:28:02.191] [JOIN] INFO: [trust] grant hand=1,235961920 streak=150
[21:28:02.238] [JOIN] INFO: [deed] AUDIT hand=0.2385.11111.198.830322240 isPlayer=1 set=1 sale=0 shop=0 public=1 desig=0 resident=1/0 town=0/1 interior=0 internals=0 doors=0/0/0 furn=0/0/0 canUse=1 home=0/1/0 stuff=1 wallet=10785 squads=2/0/0 cur=0/0 base=-1/-1 owner='204-gamedata.base' name='Campfire'
[21:28:02.240] [JOIN] INFO: [auth] map n=95 host=95 join=0 veto=0 vetoTotal=0 gen=26 div=0 consult=170144 recv=126 stale=0 refuse=0
[21:28:02.354] [JOIN] INFO: [census] FREEZE hand=1,3982299904 name='Ninja Guard' d=0 (frozen=23)
[21:28:02.410] [JOIN] INFO: [furn] RECV ENTER id=33 occ=1,1417358336 furn=145,1711059584 kind=1 ok=1
[21:28:02.410] [JOIN] INFO: [event] RECV id=33 ev=8 owner=0 hand=1,478,2835693312,1,1417358336 actor=145,1711059584
[21:28:02.431] [JOIN] INFO: [trust] grant hand=1,1287963904 streak=150
[21:28:02.441] [JOIN] INFO: [life] hand=1,404,362304672,1,207763664 from=PARKED to=MID reason=drive
[21:28:02.451] [JOIN] INFO: [life] hand=1,404,362304672,1,207763664 from=MID to=PARKED reason=mid-rest
[21:28:02.470] [JOIN] INFO: [audit] exist near=21 wide=93 drv=30 cen=62 hid=0 ghost=1 supp=0 census=95 fresh=1 parks=77 nearCap=0 wideCap=0 peerTrunc=0 staleMs=0 edges=0 ghostMax=311 ghostEdge=0 dorm=0 attnR=1000 dormPc=0 pcs=7 mine=0 skip=0 cells=1 truncHold=0 wdHold=0 noBody=0 lostItems=0
[21:28:02.574] [JOIN] INFO: [inv] SEND hand=0,2385,11111,172,1222778368 kind=0 key=0,2385,11111,172,1222778368 items=1 hash=2018655135
[21:28:02.574] [JOIN] INFO: [inv] SEND hand=0,2385,11111,191,134765632 kind=0 key=0,2385,11111,191,134765632 items=0 hash=0
[21:28:02.605] [JOIN] INFO: [census] FREEZE hand=1,3982299904 name='Ninja Guard' d=0 (frozen=21)
[21:28:02.858] [JOIN] INFO: [census] FREEZE hand=1,3982299904 name='Ninja Guard' d=0 (frozen=21)
[21:28:03.052] [JOIN] INFO: [furn] RECV EXIT id=34 occ=1,3781005824 furn=143,2392944384 kind=1 ok=1
[21:28:03.052] [JOIN] INFO: [event] RECV id=34 ev=9 owner=0 hand=1,234,1025024384,1,3781005824 actor=143,2392944384
[21:28:03.109] [JOIN] INFO: [census] FREEZE hand=1,3982299904 name='Ninja Guard' d=0 (frozen=21)
[21:28:03.129] [JOIN] INFO: [life] hand=1,613,2211791872,1,1632202112 from=HI to=PARKED reason=census-local
[21:28:03.129] [JOIN] INFO: [census] park hand=1,1632202112 name='Mercenary' d=150 local=-71224,1641,25116 host=-71085,1647,25172 (parks=78)
[21:28:03.217] [JOIN] INFO: [gate] hand=1,3452758784 host=65535 local=1  agree=47874/56707 (84%)
[21:28:03.257] [JOIN] INFO: [life] hand=1,471,475463872,1,2640503040 from=PARKED to=MID reason=drive
[21:28:03.267] [JOIN] INFO: [life] hand=1,471,475463872,1,2640503040 from=MID to=PARKED reason=mid-rest
[21:28:03.367] [JOIN] INFO: [census] FREEZE hand=1,3982299904 name='Ninja Guard' d=0 (frozen=21)
[21:28:03.501] [JOIN] INFO: [life] hand=1,612,1534668032,1,3246582016 from=PARKED to=MID reason=drive
[21:28:03.511] [JOIN] INFO: [life] hand=1,612,1534668032,1,3246582016 from=MID to=PARKED reason=mid-rest
[21:28:03.621] [JOIN] INFO: [census] FREEZE hand=1,3982299904 name='Ninja Guard' d=0 (frozen=21)
[21:28:03.724] [JOIN] INFO: [med] SEND hand=1,2916870144 npc=0 blood=91.9 bleed=0.00 fl=100.0,100.0,125.4,100.0 bd=0.0,0.0,0.0,0.0 flags=0 nparts=7 pmin=100.0 smin=0.0 ls=0,0,2,0
[21:28:03.744] [JOIN] INFO: [taskkey] key=29 desc='Move order' repro=0 subject=1
[21:28:03.820] [JOIN] INFO: [life] hand=1,361,712524416,1,1671386752 from=MID to=PARKED reason=census-local
[21:28:03.877] [JOIN] INFO: [census] FREEZE hand=1,3982299904 name='Ninja Guard' d=0 (frozen=21)
[21:28:04.063] [JOIN] INFO: [life] hand=1,317,2729248000,1,3452758784 from=PARKED to=MID reason=drive
[21:28:04.072] [JOIN] INFO: [life] hand=1,317,2729248000,1,3452758784 from=MID to=PARKED reason=mid-rest
[21:28:04.110] [JOIN] INFO: [life] hand=1,485,1927612288,1,1317382784 from=PARKED to=HI reason=drive
[21:28:04.110] [JOIN] INFO: [pose] rest re-arm task 65535 -> 87
[21:28:04.110] [JOIN] INFO: [pose] applyOrder hand=1,1317382784 task=87 subj=123,2040161152,0 wire=123,2040161152 det=1 r=2 try=0
[21:28:04.130] [JOIN] INFO: [census] FREEZE hand=1,3982299904 name='Ninja Guard' d=0 (frozen=21)
[21:28:04.178] [JOIN] INFO: [life] hand=1,404,362304672,1,207763664 from=PARKED to=MID reason=drive
[21:28:04.187] [JOIN] INFO: [life] hand=1,404,362304672,1,207763664 from=MID to=PARKED reason=mid-rest
[21:28:04.187] [JOIN] INFO: [ai] suspended=8 driven=28 targets=66 rel=37 relWalk=465u/47s snapCbt=0 snapVeto=0 frzAct=19928 frzHurt=0
[21:28:04.187] [JOIN] INFO: [trust] trusted=36 driven=30 grants=55 revokes=0 koRel=0 koExp=0
[21:28:04.187] [JOIN] INFO: [life] hand=1,227,3558838016,1,3409668096 from=HI to=PARKED reason=census-local
[21:28:04.187] [JOIN] INFO: [cell] MAP cells=1 slots=2 16,37=0
[21:28:04.235] [JOIN] INFO: [furn] RECV EXIT id=35 occ=1,2730834944 furn=151,3629882880 kind=1 ok=1
[21:28:04.235] [JOIN] INFO: [event] RECV id=35 ev=9 owner=0 hand=1,418,1020751936,1,2730834944 actor=151,3629882880
[21:28:04.324] [JOIN] INFO: [life] hand=1,611,2146972672,1,1619628928 from=HI to=PARKED reason=census-local
[21:28:04.372] [JOIN] INFO: [furn] RECV ENTER id=36 occ=1,3781005824 furn=143,2392944384 kind=1 ok=1
[21:28:04.372] [JOIN] INFO: [event] RECV id=36 ev=8 owner=0 hand=1,234,1025024384,1,3781005824 actor=143,2392944384
[21:28:04.374] [JOIN] INFO: [cam] hint recv=-71363.0,1640.1,25398.7
[21:28:04.383] [JOIN] INFO: [census] FREEZE hand=1,3982299904 name='Ninja Guard' d=0 (frozen=21)
[21:28:04.430] [JOIN] INFO: [life] hand=1,533,2564941312,1,1287963904 from=HI to=PARKED reason=census-local
[21:28:04.494] [JOIN] INFO: [life] hand=1,489,3635986432,1,1112304640 from=HI to=PARKED reason=census-local
[21:28:04.506] [JOIN] INFO: [life] hand=1,617,2473510656,1,3953857536 from=HI to=PARKED reason=census-local
[21:28:04.590] [JOIN] INFO: [seatres] HOST task=98 npc=1,2730834944 subj=151,3629882880 ok=1 npcpos=-71666.2,25532.4 subjpos=-71666.2,25532.4 d=0.0
[21:28:04.626] [JOIN] INFO: [life] hand=1,621,3230590720,1,2602050816 from=HI to=PARKED reason=census-local
[21:28:04.636] [JOIN] INFO: [census] FREEZE hand=1,3982299904 name='Ninja Guard' d=0 (frozen=20)
[21:28:04.696] [JOIN] INFO: [net] CLOCKSYNC offset=-7201557 rtt=82 n=24
[21:28:04.696] [JOIN] INFO: [net] [net] bandwidth out=10.7 KB/s in=9.7 KB/s (window 5s)
[21:28:04.696] [JOIN] INFO: [net] [net] mix out ent=73/23.5KB census=5/15.4KB inv=6/7.5KB med=8/3.6KB stats=4/0.8KB spwnInf=5/0.7KB +cam=5,spdReq=2,cell=1
[21:28:04.696] [JOIN] INFO: [net] [net] mix in  ent=50/16.7KB census=5/15.4KB med=20/9.1KB inv=4/4.0KB stats=3/0.6KB evt=7/0.4KB +spwnReq=5,time=5,cam=5,tpong=2,cell=1,spdSet=1,money=1
[21:28:04.889] [JOIN] INFO: [census] FREEZE hand=1,3982299904 name='Ninja Guard' d=0 (frozen=20)
[21:28:04.901] [JOIN] INFO: [furn] RECV ENTER id=37 occ=1,2730834944 furn=151,3629882880 kind=1 ok=1
[21:28:04.901] [JOIN] INFO: [event] RECV id=37 ev=8 owner=0 hand=1,418,1020751936,1,2730834944 actor=151,3629882880
[21:28:04.946] [JOIN] INFO: [life] hand=1,382,2239623936,1,1362182656 from=UNKNOWN to=CULLED reason=suppress
[21:28:04.946] [JOIN] INFO: [authority] suppress NPC hand=1,1362182656 name='Mercenary' (streamed=33 local=65 supp=1 churn=1/0)
[21:28:05.010] [JOIN] INFO: [authority] restore NPC hand=1,1362182656 (proxy/driven exemption; supp=0)
[21:28:05.021] [JOIN] INFO: [life] hand=1,612,1534668032,1,3246582016 from=PARKED to=MID reason=drive
[21:28:05.029] [JOIN] INFO: [life] hand=1,612,1534668032,1,3246582016 from=MID to=PARKED reason=mid-rest
[21:28:05.141] [JOIN] INFO: [census] FREEZE hand=1,3982299904 name='Ninja Guard' d=0 (frozen=20)
[21:28:05.214] [JOIN] INFO: [budget] pub avg=168us max=307us apply avg=151us max=565us frames=501 over2ms=0
[21:28:05.214] [JOIN] INFO: [q] peak evt=1 ent=7/4096 inv=2 cen=1 stealth=0 cam=1 (dropped ent=3753 earlier)
[21:28:05.224] [JOIN] INFO: [gate] hand=1,3452758784 host=65535 local=1  agree=51075/60695 (84%)
[21:28:05.255] [JOIN] INFO: [life] hand=1,471,475463872,1,2640503040 from=PARKED to=MID reason=drive
[21:28:05.266] [JOIN] INFO: [life] hand=1,471,475463872,1,2640503040 from=MID to=PARKED reason=mid-rest
[21:28:05.395] [JOIN] INFO: [census] FREEZE hand=1,3982299904 name='Ninja Guard' d=0 (frozen=20)
[21:28:05.395] [JOIN] INFO: [census] park hand=1,2686523392 name='Rogue Trader' d=120 local=-71441,1641,25289 host=-71402,1630,25402 (parks=79)
[21:28:05.524] [JOIN] INFO: [inv] SEND hand=1,2,2989257728,2,3233642496 kind=0 key=1,2,2989257728,2,3233642496 items=17 hash=465556053
[21:28:05.580] [JOIN] INFO: [life] hand=1,317,2729248000,1,3452758784 from=PARKED to=MID reason=drive
[21:28:05.591] [JOIN] INFO: [life] hand=1,317,2729248000,1,3452758784 from=MID to=PARKED reason=mid-rest
[21:28:05.645] [JOIN] INFO: [census] FREEZE hand=1,3982299904 name='Ninja Guard' d=0 (frozen=20)
[21:28:05.676] [JOIN] INFO: [dlg] SEND 'Come in, have a browse!'
[21:28:05.701] [JOIN] INFO: [trust] grant hand=1,1317382784 streak=150
[21:28:05.724] [JOIN] INFO: [stats] RECV hand=1,1709716736 ok=1 str=42.3 dex=33.2 tough=45.2 stealth=60.9 athl=56.8 xp=0
[21:28:05.724] [JOIN] INFO: [stats] RECV hand=2,3640503040 ok=1 str=29.7 dex=18.6 tough=45.5 stealth=33.8 athl=43.3 xp=0
[21:28:05.724] [JOIN] INFO: [stats] RECV hand=3,3548706048 ok=1 str=3.8 dex=10.1 tough=24.4 stealth=30.9 athl=24.4 xp=0
[21:28:05.725] [JOIN] INFO: [inv] APPLY hand=1,1,2172729600,1,1709716736 items=13
[21:28:05.725] [JOIN] INFO: [inv] APPLY hand=1,1,2172729600,3,3548706048 items=11
[21:28:05.906] [JOIN] INFO: [census] FREEZE hand=1,3982299904 name='Ninja Guard' d=0 (frozen=20)
[21:28:05.941] [JOIN] INFO: [census] park hand=1,3046630912 name='Hungry bandit' d=120 local=-71414,1630,25402 host=-71417,1647,25521 (parks=80)
[21:28:06.112] [JOIN] INFO: [life] hand=1,485,1927612288,1,1317382784 from=HI to=PARKED reason=census-local
[21:28:06.161] [JOIN] INFO: [census] FREEZE hand=1,3982299904 name='Ninja Guard' d=0 (frozen=21)
[21:28:06.236] [JOIN] INFO: [life] hand=1,390,1742065408,7,1111816448 from=MID to=PARKED reason=census-local
[21:28:06.311] [JOIN] INFO: [fac] AFFECT-EV me='56128-rebirth.mod' whom='1233-gamedata.base' event=0 mult=0.000 after=0.00 skipped=0
[21:28:06.395] [JOIN] INFO: [dlg] RECV 'Ah, a new buyer. Welcome.'
[21:28:06.408] [JOIN] INFO: [life] hand=1,404,362304672,1,207763664 from=PARKED to=MID reason=drive
[21:28:06.418] [JOIN] INFO: [life] hand=1,404,362304672,1,207763664 from=MID to=PARKED reason=mid-rest
[21:28:06.418] [JOIN] INFO: [census] FREEZE hand=1,3982299904 name='Ninja Guard' d=0 (frozen=20)
[21:28:06.664] [JOIN] INFO: [census] park hand=1,2663207936 name='Planito' d=123 local=-71426,1630,25389 host=-71406,1648,25509 (parks=81)
[21:28:06.675] [JOIN] INFO: [census] FREEZE hand=1,3982299904 name='Ninja Guard' d=0 (frozen=21)
[21:28:06.688] [JOIN] INFO: [inv] APPLY hand=0,2385,11111,172,1222778368 items=1
[21:28:06.688] [JOIN] INFO: [inv] APPLY hand=0,2385,11111,191,134765632 items=0
[21:28:06.773] [JOIN] INFO: [life] hand=1,471,475463872,1,2640503040 from=PARKED to=MID reason=drive
[21:28:06.784] [JOIN] INFO: [life] hand=1,471,475463872,1,2640503040 from=MID to=PARKED reason=mid-rest
[21:28:06.929] [JOIN] INFO: [census] FREEZE hand=1,3982299904 name='Ninja Guard' d=0 (frozen=22)
[21:28:06.973] [JOIN] INFO: [life] hand=1,233,504028320,1,2946655232 from=HI to=PARKED reason=census-local
[21:28:06.993] [JOIN] INFO: [life] hand=1,613,2211791872,1,1632202112 from=PARKED to=MID reason=drive
[21:28:07.004] [JOIN] INFO: [life] hand=1,613,2211791872,1,1632202112 from=MID to=PARKED reason=mid-rest
[21:28:07.091] [JOIN] INFO: [life] hand=1,317,2729248000,1,3452758784 from=PARKED to=MID reason=drive
[21:28:07.103] [JOIN] INFO: [life] hand=1,317,2729248000,1,3452758784 from=MID to=PARKED reason=mid-rest
[21:28:07.124] [JOIN] INFO: [door] rollup sent=0 (resend=0) recv=0 applied=0 nohand=0 converged=0 over=30s
[21:28:07.184] [JOIN] INFO: [interp] lerp=9424 extrap=8349 clamp=7 seg=156 single=74386 snapSq=0 snapNpc=0 reissueSq=142 reissueNpc=55 restFlip=0 delay=461 jit=146.8 starve=16 snapMid=12 restFlipMid=0 haltDrv=0 haltCbt=0
[21:28:07.184] [JOIN] INFO: [census] FREEZE hand=1,3982299904 name='Ninja Guard' d=0 (frozen=21)
[21:28:07.184] [JOIN] INFO: [cam] center=-71550.8,1645.1,25384.9
[21:28:07.194] [JOIN] INFO: [ai] suspended=6 driven=28 targets=52 rel=45 relWalk=739u/58s snapCbt=0 snapVeto=0 frzAct=23792 frzHurt=0
[21:28:07.194] [JOIN] INFO: [trust] trusted=33 driven=19 grants=56 revokes=0 koRel=0 koExp=0
[21:28:07.226] [JOIN] INFO: [gate] hand=1,3452758784 host=65535 local=1  agree=54364/64821 (83%)
[21:28:07.268] [JOIN] INFO: [deed] AUDIT hand=0.2385.11111.198.830322240 isPlayer=1 set=1 sale=0 shop=0 public=1 desig=0 resident=1/0 town=0/1 interior=0 internals=0 doors=0/0/0 furn=0/0/0 canUse=1 home=0/1/0 stuff=1 wallet=10785 squads=2/0/0 cur=0/0 base=-1/-1 owner='204-gamedata.base' name='Campfire'
[21:28:07.269] [JOIN] INFO: [auth] map n=95 host=95 join=0 veto=0 vetoTotal=0 gen=31 div=0 consult=220854 recv=126 stale=0 refuse=0
[21:28:07.270] [JOIN] INFO: [census] sent n=95 radius=2000 mid=0 anchors=3 a0=loaded:10 a1=loaded:54 a2=loaded:31 enum=95 notmine=0 proxyrow=0 attnR=1000 resendSup=177 nearSup=797
[21:28:07.333] [JOIN] INFO: [life] hand=1,544,1186523392,1,2545043968 from=HI to=PARKED reason=census-local
[21:28:07.440] [JOIN] INFO: [census] FREEZE hand=1,2586425856 name='Firebone' d=0 (frozen=17)
[21:28:07.504] [JOIN] INFO: [furn] RECV EXIT id=38 occ=1,1417358336 furn=145,1711059584 kind=1 ok=1
[21:28:07.504] [JOIN] INFO: [event] RECV id=38 ev=9 owner=0 hand=1,478,2835693312,1,1417358336 actor=145,1711059584
[21:28:07.504] [JOIN] INFO: [furn] RECV EXIT id=39 occ=1,3781005824 furn=143,2392944384 kind=1 ok=1
[21:28:07.504] [JOIN] INFO: [event] RECV id=39 ev=9 owner=0 hand=1,234,1025024384,1,3781005824 actor=143,2392944384
[21:28:07.504] [JOIN] INFO: [time] OFFSET off=0.2598gh slew=2.00 host=1040.25390 local=1039.99414
[21:28:07.504] [JOIN] INFO: [spawn] INFO send hand=1,312,386474624,1,3778564352 found=1 dead=0 age=1.00 sid='1289-gamedata.base' fac='1214-gamedata.base'
[21:28:07.504] [JOIN] INFO: [spawn] INFO send hand=1,357,3856933632,1,2553832960 found=1 dead=0 age=1.00 sid='1227-gamedata.base' fac='1214-gamedata.base'
[21:28:07.504] [JOIN] INFO: [spawn] INFO send hand=1,358,2981689344,1,2694091776 found=1 dead=0 age=1.00 sid='1227-gamedata.base' fac='1214-gamedata.base'
[21:28:07.504] [JOIN] INFO: [spawn] INFO send hand=1,382,2239623936,1,1362182656 found=1 dead=0 age=1.00 sid='1227-gamedata.base' fac='1214-gamedata.base'
[21:28:07.504] [JOIN] INFO: [spawn] INFO send hand=1,421,837524416,1,1400268544 found=1 dead=0 age=1.00 sid='1292-gamedata.base' fac='1214-gamedata.base'
[21:28:07.506] [JOIN] INFO: [census] recv n=95 culls=0 trunc=0
[21:28:07.506] [JOIN] INFO: [census] park hand=1,39306640 name='Mercenary' d=121 local=-71547,1645,25416 host=-71434,1631,25374 (parks=83)
[21:28:07.550] [JOIN] INFO: [audit] exist near=76 wide=95 drv=29 cen=65 hid=0 ghost=1 supp=0 census=95 fresh=1 parks=83 nearCap=0 wideCap=0 peerTrunc=0 staleMs=0 edges=0 ghostMax=118 ghostEdge=0 dorm=0 attnR=1000 dormPc=0 pcs=7 mine=0 skip=0 cells=1 truncHold=0 wdHold=0 noBody=0 lostItems=0
[21:28:07.617] [JOIN] INFO: [furn] RECV EXIT id=40 occ=1,1964477568 furn=153,1637329152 kind=1 ok=1
[21:28:07.617] [JOIN] INFO: [event] RECV id=40 ev=9 owner=0 hand=1,530,2735351552,1,1964477568 actor=153,1637329152
[21:28:07.690] [JOIN] INFO: [census] FREEZE hand=1,2586425856 name='Firebone' d=0 (frozen=16)
[21:28:07.823] [JOIN] INFO: [census] park hand=1,2374145536 name='Egg' d=123 local=-71439,1630,25372 host=-71419,1648,25493 (parks=84)
[21:28:07.865] [JOIN] INFO: [life] hand=1,357,3856933632,1,2553832960 from=UNKNOWN to=CULLED reason=suppress
[21:28:07.865] [JOIN] INFO: [authority] suppress NPC hand=1,2553832960 name='Mercenary' (streamed=32 local=76 supp=1 churn=2/1)
[21:28:07.919] [JOIN] INFO: [life] hand=1,404,362304672,1,207763664 from=PARKED to=MID reason=drive
[21:28:07.932] [JOIN] INFO: [life] hand=1,404,362304672,1,207763664 from=MID to=PARKED reason=mid-rest
[21:28:07.942] [JOIN] INFO: [census] FREEZE hand=1,2374145536 name='Egg' d=123 (frozen=16)
[21:28:08.201] [JOIN] INFO: [census] FREEZE hand=1,2374145536 name='Egg' d=17 (frozen=16)
[21:28:08.215] [JOIN] INFO: [fac] AFFECT-EV me='1233-gamedata.base' whom='56128-rebirth.mod' event=1 mult=0.025 after=-5.34 skipped=0
[21:28:08.265] [JOIN] INFO: [furn] RECV EXIT id=41 occ=1,2730834944 furn=151,3629882880 kind=1 ok=1
[21:28:08.265] [JOIN] INFO: [event] RECV id=41 ev=9 owner=0 hand=1,418,1020751936,1,2730834944 actor=151,3629882880
[21:28:08.267] [JOIN] INFO: [inv] APPLY hand=0,2385,11111,171,2519897344 items=1
[21:28:08.267] [JOIN] INFO: [inv] APPLY hand=0,2385,11111,189,1981323264 items=0
[21:28:08.267] [JOIN] INFO: [inv] APPLY hand=0,2385,11111,190,1572265600 items=0
[21:28:08.289] [JOIN] INFO: [life] hand=1,471,475463872,1,2640503040 from=PARKED to=MID reason=drive
[21:28:08.299] [JOIN] INFO: [life] hand=1,471,475463872,1,2640503040 from=MID to=PARKED reason=mid-rest
[21:28:08.462] [JOIN] INFO: [census] FREEZE hand=1,2586425856 name='Firebone' d=0 (frozen=16)
[21:28:08.609] [JOIN] INFO: [inv] SEND hand=0,2385,11111,171,2519897344 kind=0 key=0,2385,11111,171,2519897344 items=1 hash=2303464973
[21:28:08.609] [JOIN] INFO: [inv] SEND hand=0,2385,11111,189,1981323264 kind=0 key=0,2385,11111,189,1981323264 items=0 hash=0
[21:28:08.609] [JOIN] INFO: [inv] SEND hand=0,2385,11111,190,1572265600 kind=0 key=0,2385,11111,190,1572265600 items=0 hash=0
[21:28:08.713] [JOIN] INFO: [inv] APPLY hand=0,2385,11111,178,3473876992 items=0
[21:28:08.713] [JOIN] INFO: [census] FREEZE hand=1,3452758784 name='Ninja Guard' d=25 (frozen=16)
[21:28:08.801] [JOIN] INFO: [life] hand=1,530,2735351552,1,1964477568 from=HI to=PARKED reason=census-local
[21:28:08.970] [JOIN] INFO: [census] FREEZE hand=1,3452758784 name='Ninja Guard' d=25 (frozen=15)
[21:28:09.188] [JOIN] INFO: [cell] MAP cells=1 slots=2 16,37=0
[21:28:09.228] [JOIN] INFO: [gate] hand=1,207763664 host=51 local=1  agree=57381/68330 (83%)
[21:28:09.228] [JOIN] INFO: [census] FREEZE hand=1,3452758784 name='Ninja Guard' d=25 (frozen=15)
[21:28:09.437] [JOIN] INFO: [life] hand=1,404,362304672,1,207763664 from=PARKED to=MID reason=drive
[21:28:09.448] [JOIN] INFO: [life] hand=1,404,362304672,1,207763664 from=MID to=PARKED reason=mid-rest
[21:28:09.480] [JOIN] INFO: [census] FREEZE hand=1,3452758784 name='Ninja Guard' d=25 (frozen=15)
[21:28:09.531] [JOIN] INFO: [cam] hint recv=-71417.7,1648.4,25475.6
[21:28:09.618] [JOIN] INFO: [inv] SEND hand=0,2385,11111,178,3473876992 kind=0 key=0,2385,11111,178,3473876992 items=0 hash=0
[21:28:09.660] [JOIN] INFO: [life] hand=1,360,2454467840,1,2834350592 from=HI to=PARKED reason=census-local
[21:28:09.704] [JOIN] INFO: [net] CLOCKSYNC offset=-7201557 rtt=82 n=27
[21:28:09.704] [JOIN] INFO: [net] [net] bandwidth out=10.9 KB/s in=9.1 KB/s (window 5s)
[21:28:09.704] [JOIN] INFO: [net] [net] mix out ent=78/25.1KB census=5/15.4KB inv=10/7.6KB med=5/2.3KB stats=4/0.8KB spwnInf=5/0.7KB +dlg=1,cam=5,deed=1,cell=1,spdReq=1
[21:28:09.704] [JOIN] INFO: [net] [net] mix in  census=5/15.4KB ent=37/11.7KB med=23/10.5KB inv=8/4.3KB research=11/0.6KB stats=3/0.6KB +evt=5,dlg=1,spwnReq=5,time=5,cam=5,spdSet=3,tpong=3,cell=1,money=1
[21:28:09.738] [JOIN] INFO: [census] FREEZE hand=1,3452758784 name='Ninja Guard' d=25 (frozen=14)
[21:28:09.989] [JOIN] INFO: [census] FREEZE hand=1,3452758784 name='Ninja Guard' d=25 (frozen=14)
[21:28:09.989] [JOIN] INFO: [life] hand=1,537,1485229440,1,3814941440 from=HI to=PARKED reason=census-local
[21:28:10.021] [JOIN] INFO: [life] hand=1,613,2211791872,1,1632202112 from=PARKED to=MID reason=drive
[21:28:10.031] [JOIN] INFO: [life] hand=1,613,2211791872,1,1632202112 from=MID to=PARKED reason=mid-rest
[21:28:10.102] [JOIN] INFO: [census] park hand=1,435791008 name='Pan' d=122 local=-71659,1689,25492 host=-71569,1644,25423 (parks=85)
[21:28:10.192] [JOIN] INFO: [stage] lines=242/10s peak us: frame-end=17055/8917 engine=3838/1200 app:targets=291/76 app:authority=262/76 pub:owned=203/72
[21:28:10.205] [JOIN] INFO: [ai] suspended=5 driven=26 targets=50 rel=49 relWalk=862u/66s snapCbt=0 snapVeto=0 frzAct=26929 frzHurt=0
[21:28:10.205] [JOIN] INFO: [trust] trusted=33 driven=17 grants=56 revokes=0 koRel=0 koExp=0
[21:28:10.215] [JOIN] INFO: [budget] pub avg=193us max=365us apply avg=172us max=384us frames=455 over2ms=0
[21:28:10.215] [JOIN] INFO: [q] peak evt=2 ent=6/4096 inv=3 cen=1 stealth=0 cam=1 (dropped ent=3753 earlier)
[21:28:10.243] [JOIN] INFO: [census] FREEZE hand=1,2686523392 name='Rogue Trader' d=130 (frozen=17)
[21:28:10.437] [JOIN] INFO: [life] hand=1,475,1583496064,1,2376098560 from=HI to=PARKED reason=census-local
[21:28:10.502] [JOIN] INFO: [census] FREEZE hand=1,2986694400 name='Ulifia' d=0 (frozen=16)
[21:28:10.502] [JOIN] INFO: [life] hand=1,484,2812622080,1,2954833920 from=HI to=PARKED reason=census-local
[21:28:10.502] [JOIN] INFO: [census] park hand=1,722534208 name='Silvershade' d=120 local=-71428,1630,25392 host=-71410,1648,25510 (parks=88)
[21:28:10.586] [JOIN] INFO: [life] hand=1,300,1368896512,1,3231933696 from=HI to=PARKED reason=census-wide
[21:28:10.721] [JOIN] INFO: [stats] RECV hand=1,1709716736 ok=1 str=42.3 dex=33.2 tough=45.2 stealth=60.9 athl=56.8 xp=0
[21:28:10.721] [JOIN] INFO: [stats] RECV hand=2,3640503040 ok=1 str=29.7 dex=18.6 tough=45.5 stealth=33.8 athl=43.3 xp=0
[21:28:10.721] [JOIN] INFO: [stats] RECV hand=3,3548706048 ok=1 str=3.8 dex=10.1 tough=24.4 stealth=30.9 athl=24.4 xp=0
[21:28:10.723] [JOIN] INFO: [inv] APPLY hand=0,2385,11111,177,1700805632 items=0
[21:28:10.723] [JOIN] INFO: [inv] APPLY hand=0,2385,11111,188,3623412992 items=1
[21:28:10.723] [JOIN] INFO: [inv] APPLY hand=1,1,2172729600,1,1709716736 items=13
[21:28:10.723] [JOIN] INFO: [inv] APPLY hand=1,1,2172729600,2,3640503040 items=26
[21:28:10.723] [JOIN] INFO: [inv] APPLY hand=1,1,2172729600,3,3548706048 items=11
[21:28:10.762] [JOIN] INFO: [census] FREEZE hand=1,2986694400 name='Ulifia' d=0 (frozen=18)
[21:28:10.863] [JOIN] INFO: [census] park hand=7,1111816448 name='Ninja Guard' d=120 local=-71504,1646,25382 host=-71606,1644,25444 (parks=90)
[21:28:10.939] [JOIN] INFO: [seatres] HOST task=87 npc=1,1975708032 subj=106,320190432 ok=1 npcpos=-71589.5,25487.9 subjpos=-71594.4,25491.7 d=6.3
[21:28:11.020] [JOIN] INFO: [census] FREEZE hand=1,2986694400 name='Ulifia' d=0 (frozen=19)
[21:28:11.233] [JOIN] INFO: [gate] hand=1,1632202112 host=36 local=1  agree=59817/71095 (84%)
[21:28:11.278] [JOIN] INFO: [census] FREEZE hand=1,2986694400 name='Ulifia' d=0 (frozen=19)
[21:28:11.530] [JOIN] INFO: [census] FREEZE hand=1,2952758784 name='Rogue Trader' d=1 (frozen=19)
[21:28:11.545] [JOIN] INFO: [life] hand=1,613,2211791872,1,1632202112 from=PARKED to=MID reason=drive
[21:28:11.555] [JOIN] INFO: [life] hand=1,613,2211791872,1,1632202112 from=MID to=PARKED reason=mid-rest
[21:28:11.556] [JOIN] INFO: [fac] AFFECT-EV me='56128-rebirth.mod' whom='1233-gamedata.base' event=0 mult=0.000 after=0.00 skipped=7
[21:28:11.625] [JOIN] INFO: [inv] SEND hand=0,2385,11111,177,1700805632 kind=0 key=0,2385,11111,177,1700805632 items=0 hash=0
[21:28:11.626] [JOIN] INFO: [inv] SEND hand=0,2385,11111,188,3623412992 kind=0 key=0,2385,11111,188,3623412992 items=1 hash=2551637756
[21:28:11.702] [JOIN] INFO: [inv] APPLY hand=0,2385,11111,172,1222778368 items=1
[21:28:11.702] [JOIN] INFO: [inv] APPLY hand=0,2385,11111,191,134765632 items=0
[21:28:11.714] [JOIN] INFO: [census] park hand=1,2863891712 name='Those who protect' d=120 local=-71635,1644,25312 host=-71573,1644,25415 (parks=92)
[21:28:11.789] [JOIN] INFO: [census] FREEZE hand=1,2952758784 name='Rogue Trader' d=1 (frozen=19)
[21:28:12.050] [JOIN] INFO: [census] FREEZE hand=1,2952758784 name='Rogue Trader' d=1 (frozen=16)
[21:28:12.186] [JOIN] INFO: [interp] lerp=10700 extrap=8450 clamp=7 seg=156 single=85336 snapSq=0 snapNpc=0 reissueSq=163 reissueNpc=55 restFlip=0 delay=321 jit=104.9 starve=23 snapMid=12 restFlipMid=0 haltDrv=0 haltCbt=0
[21:28:12.187] [JOIN] INFO: [cam] center=-71576.2,1644.5,25394.3
[21:28:12.295] [JOIN] INFO: [deed] AUDIT hand=0.2385.11111.198.830322240 isPlayer=1 set=1 sale=0 shop=0 public=1 desig=0 resident=1/0 town=0/1 interior=0 internals=0 doors=0/0/0 furn=0/0/0 canUse=1 home=0/1/0 stuff=1 wallet=10785 squads=2/0/0 cur=0/0 base=-1/-1 owner='204-gamedata.base' name='Campfire'
[21:28:12.297] [JOIN] INFO: [auth] map n=95 host=95 join=0 veto=0 vetoTotal=0 gen=36 div=0 consult=290627 recv=128 stale=0 refuse=0
[21:28:12.307] [JOIN] INFO: [census] FREEZE hand=1,2952758784 name='Rogue Trader' d=1 (frozen=16)
[21:28:12.429] [JOIN] INFO: [census] park hand=1,3246582016 name='Mercenary' d=120 local=-71456,1647,25359 host=-71559,1645,25421 (parks=93)
[21:28:12.561] [JOIN] INFO: [census] FREEZE hand=1,2952758784 name='Rogue Trader' d=0 (frozen=17)
[21:28:12.574] [JOIN] INFO: [audit] exist near=76 wide=95 drv=19 cen=75 hid=1 ghost=0 supp=1 census=95 fresh=1 parks=94 nearCap=0 wideCap=0 peerTrunc=0 staleMs=0 edges=0 ghostMax=-1 ghostEdge=0 dorm=0 attnR=1000 dormPc=0 pcs=7 mine=0 skip=0 cells=1 truncHold=0 wdHold=0 noBody=0 lostItems=0
[21:28:12.726] [JOIN] INFO: [inv] APPLY hand=0,2385,11111,171,2519897344 items=1
[21:28:12.726] [JOIN] INFO: [inv] APPLY hand=0,2385,11111,189,1981323264 items=0
[21:28:12.726] [JOIN] INFO: [inv] APPLY hand=0,2385,11111,190,1572265600 items=0
[21:28:12.819] [JOIN] INFO: [census] FREEZE hand=1,2952758784 name='Rogue Trader' d=0 (frozen=17)
[21:28:13.056] [JOIN] INFO: [life] hand=1,613,2211791872,1,1632202112 from=PARKED to=MID reason=drive
[21:28:13.069] [JOIN] INFO: [life] hand=1,613,2211791872,1,1632202112 from=MID to=PARKED reason=mid-rest
[21:28:13.069] [JOIN] INFO: [census] FREEZE hand=1,2952758784 name='Rogue Trader' d=0 (frozen=17)
[21:28:13.210] [JOIN] INFO: [ai] suspended=3 driven=20 targets=50 rel=51 relWalk=862u/69s snapCbt=0 snapVeto=0 frzAct=30634 frzHurt=0
[21:28:13.210] [JOIN] INFO: [trust] trusted=33 driven=17 grants=56 revokes=0 koRel=0 koExp=0
[21:28:13.245] [JOIN] INFO: [gate] hand=1,1632202112 host=36 local=1  agree=61613/73064 (84%)
[21:28:13.331] [JOIN] INFO: [census] FREEZE hand=1,2952758784 name='Rogue Trader' d=0 (frozen=15)
[21:28:13.437] [JOIN] INFO: [time] OFFSET off=0.2065gh slew=2.00 host=1040.30927 local=1040.10282
[21:28:13.437] [JOIN] INFO: [spawn] INFO send hand=1,312,386474624,1,3778564352 found=1 dead=0 age=1.00 sid='1289-gamedata.base' fac='1214-gamedata.base'
[21:28:13.437] [JOIN] INFO: [spawn] INFO send hand=1,357,3856933632,1,2553832960 found=1 dead=0 age=1.00 sid='1227-gamedata.base' fac='1214-gamedata.base'
[21:28:13.437] [JOIN] INFO: [spawn] INFO send hand=1,358,2981689344,1,2694091776 found=1 dead=0 age=1.00 sid='1227-gamedata.base' fac='1214-gamedata.base'
[21:28:13.437] [JOIN] INFO: [spawn] INFO send hand=1,382,2239623936,1,1362182656 found=1 dead=0 age=1.00 sid='1227-gamedata.base' fac='1214-gamedata.base'
[21:28:13.437] [JOIN] INFO: [spawn] INFO send hand=1,421,837524416,1,1400268544 found=1 dead=0 age=1.00 sid='1292-gamedata.base' fac='1214-gamedata.base'
[21:28:13.593] [JOIN] INFO: [census] FREEZE hand=1,2952758784 name='Rogue Trader' d=0 (frozen=14)
[21:28:13.812] [JOIN] INFO: [census] park hand=1,2686523392 name='Rogue Trader' d=120 local=-71417,1636,25357 host=-71396,1649,25475 (parks=95)
[21:28:13.845] [JOIN] INFO: [census] FREEZE hand=1,2952758784 name='Rogue Trader' d=0 (frozen=14)
[21:28:14.092] [JOIN] INFO: [inv] APPLY hand=0,2385,11111,178,3473876992 items=0
[21:28:14.102] [JOIN] INFO: [census] FREEZE hand=1,2952758784 name='Rogue Trader' d=0 (frozen=15)
[21:28:14.193] [JOIN] INFO: [cell] MAP cells=1 slots=2 16,37=0
[21:28:14.357] [JOIN] INFO: [census] FREEZE hand=1,2952758784 name='Rogue Trader' d=0 (frozen=15)
[21:28:14.564] [JOIN] INFO: [authority] suppress NPC hand=1,1362182656 name='Mercenary' (streamed=18 local=76 supp=2 churn=3/1)
[21:28:14.612] [JOIN] INFO: [census] FREEZE hand=1,2952758784 name='Rogue Trader' d=2 (frozen=15)
[21:28:14.751] [JOIN] INFO: [net] CLOCKSYNC offset=-7201557 rtt=82 n=29
[21:28:14.751] [JOIN] INFO: [net] [net] bandwidth out=11.1 KB/s in=9.3 KB/s (window 5s)
[21:28:14.751] [JOIN] INFO: [net] [net] mix out ent=80/25.8KB census=5/15.4KB inv=12/7.8KB med=7/3.2KB stats=4/0.8KB spwnInf=5/0.7KB +cam=5,spdReq=2,cell=1
[21:28:14.751] [JOIN] INFO: [net] [net] mix in  census=5/15.5KB med=22/10.0KB ent=34/10.0KB inv=11/8.5KB stats=3/0.6KB spwnReq=5/0.1KB +time=5,assign=2,deed=1,cam=4,tpong=2,cell=1,spdSet=1,money=1
[21:28:14.872] [JOIN] INFO: [census] FREEZE hand=1,2952758784 name='Rogue Trader' d=2 (frozen=14)
[21:28:14.942] [JOIN] INFO: [life] hand=1,613,2211791872,1,1632202112 from=PARKED to=MID reason=drive
[21:28:14.955] [JOIN] INFO: [life] hand=1,613,2211791872,1,1632202112 from=MID to=PARKED reason=mid-rest
[21:28:15.123] [JOIN] INFO: [census] FREEZE hand=1,2952758784 name='Rogue Trader' d=2 (frozen=14)
[21:28:15.215] [JOIN] INFO: [budget] pub avg=193us max=427us apply avg=166us max=435us frames=429 over2ms=0
[21:28:15.215] [JOIN] INFO: [q] peak evt=0 ent=6/4096 inv=5 cen=1 stealth=0 cam=1 (dropped ent=3753 earlier)
[21:28:15.257] [JOIN] INFO: [gate] hand=1,1632202112 host=36 local=1  agree=63178/74803 (84%)
[21:28:15.375] [JOIN] INFO: [census] FREEZE hand=1,2952758784 name='Rogue Trader' d=2 (frozen=14)
[21:28:15.454] [JOIN] INFO: [authority] restore NPC hand=1,2553832960 (proxy/driven exemption; supp=1)
[21:28:15.454] [JOIN] INFO: [authority] restore NPC hand=1,1362182656 (proxy/driven exemption; supp=0)
[21:28:15.454] [JOIN] INFO: [cam] hint recv=-71437.2,1647.6,25502.9
[21:28:15.562] [JOIN] INFO: [census] park hand=1,191040032 name='Sparks' d=121 local=-71437,1631,25374 host=-71403,1648,25488 (parks=97)
[21:28:15.633] [JOIN] INFO: [census] FREEZE hand=1,2863891712 name='Those who protect' d=0 (frozen=15)
[21:28:15.775] [JOIN] INFO: [stats] RECV hand=1,1709716736 ok=1 str=42.3 dex=33.2 tough=45.2 stealth=60.9 athl=56.8 xp=0
[21:28:15.775] [JOIN] INFO: [stats] RECV hand=2,3640503040 ok=1 str=29.7 dex=18.6 tough=45.5 stealth=33.8 athl=43.3 xp=0
[21:28:15.775] [JOIN] INFO: [stats] RECV hand=3,3548706048 ok=1 str=3.8 dex=10.1 tough=24.4 stealth=30.9 athl=24.4 xp=0
[21:28:15.777] [JOIN] INFO: [inv] APPLY hand=0,2385,11111,177,1700805632 items=0
[21:28:15.777] [JOIN] INFO: [inv] APPLY hand=0,2385,11111,188,3623412992 items=1
[21:28:15.777] [JOIN] INFO: [inv] APPLY hand=1,1,2172729600,1,1709716736 items=13
[21:28:15.777] [JOIN] INFO: [inv] APPLY hand=1,1,2172729600,3,3548706048 items=11
[21:28:15.887] [JOIN] INFO: [census] FREEZE hand=1,2952758784 name='Rogue Trader' d=2 (frozen=15)
[21:28:16.090] [JOIN] INFO: [census] park hand=1,722534208 name='Silvershade' d=120 local=-71425,1629,25397 host=-71401,1648,25514 (parks=99)
[21:28:16.147] [JOIN] INFO: [census] FREEZE hand=1,2952758784 name='Rogue Trader' d=2 (frozen=16)
[21:28:16.216] [JOIN] INFO: [ai] suspended=3 driven=15 targets=50 rel=52 relWalk=862u/71s snapCbt=0 snapVeto=0 frzAct=33666 frzHurt=0
[21:28:16.217] [JOIN] INFO: [trust] trusted=33 driven=17 grants=56 revokes=0 koRel=0 koExp=0
[21:28:16.401] [JOIN] INFO: [speed] SET mult=0.00 paused=1 combat=0
[21:28:16.402] [JOIN] INFO: [census] FREEZE hand=1,2952758784 name='Rogue Trader' d=2 (frozen=16)
[21:28:16.443] [JOIN] INFO: [census] park hand=1,435791008 name='Pan' d=123 local=-71571,1644,25424 host=-71466,1647,25359 (parks=100)
[21:28:16.465] [JOIN] INFO: [life] hand=1,613,2211791872,1,1632202112 from=PARKED to=MID reason=drive
[21:28:16.476] [JOIN] INFO: [life] hand=1,613,2211791872,1,1632202112 from=MID to=PARKED reason=mid-rest
[21:28:16.653] [JOIN] INFO: [census] FREEZE hand=1,2952758784 name='Rogue Trader' d=2 (frozen=16)
[21:28:16.676] [JOIN] INFO: [inv] APPLY hand=0,2385,11111,172,1222778368 items=1
[21:28:16.676] [JOIN] INFO: [inv] APPLY hand=0,2385,11111,191,134765632 items=0
[21:28:16.738] [JOIN] INFO: [inv] APPLY hand=0,2385,11111,60,2638793984 items=0
[21:28:16.869] [JOIN] INFO: [speed] SET mult=1.00 paused=0 combat=0
[21:28:16.903] [JOIN] INFO: [census] FREEZE hand=1,2952758784 name='Rogue Trader' d=2 (frozen=16)
[21:28:17.159] [JOIN] INFO: [census] FREEZE hand=1,2952758784 name='Rogue Trader' d=2 (frozen=16)
[21:28:17.191] [JOIN] INFO: [interp] lerp=12015 extrap=8529 clamp=7 seg=156 single=91933 snapSq=0 snapNpc=0 reissueSq=188 reissueNpc=55 restFlip=0 delay=397 jit=129.2 starve=7 snapMid=12 restFlipMid=0 haltDrv=0 haltCbt=0
[21:28:17.191] [JOIN] INFO: [life] pruned throttle stamps=2
[21:28:17.191] [JOIN] INFO: [cam] center=-71551.0,1645.2,25371.0
[21:28:17.226] [JOIN] INFO: [census] park hand=1,2374145536 name='Egg' d=120 local=-71460,1647,25358 host=-71388,1638,25454 (parks=101)
[21:28:17.260] [JOIN] INFO: [gate] hand=1,1632202112 host=36 local=1  agree=64737/76541 (84%)
[21:28:17.314] [JOIN] INFO: [deed] AUDIT hand=0.2385.11111.198.830322240 isPlayer=1 set=1 sale=0 shop=0 public=1 desig=0 resident=1/0 town=0/1 interior=0 internals=0 doors=0/0/0 furn=0/0/0 canUse=1 home=0/1/0 stuff=1 wallet=10785 squads=2/0/0 cur=0/0 base=-1/-1 owner='204-gamedata.base' name='Campfire'
[21:28:17.332] [JOIN] INFO: [auth] map n=95 host=95 join=0 veto=0 vetoTotal=0 gen=41 div=0 consult=358780 recv=129 stale=0 refuse=0
[21:28:17.332] [JOIN] INFO: [census] sent n=95 radius=2000 mid=0 anchors=3 a0=loaded:15 a1=loaded:54 a2=loaded:26 enum=95 notmine=0 proxyrow=0 attnR=1000 resendSup=177 nearSup=797
[21:28:17.409] [JOIN] INFO: [taskkey] key=67 desc='Running' repro=0 subject=1
[21:28:17.410] [JOIN] INFO: [census] FREEZE hand=1,2952758784 name='Rogue Trader' d=2 (frozen=17)
[21:28:17.535] [JOIN] INFO: [census] park hand=1,3708251904 name='Rogue Trader' d=129 local=-71386,1632,25449 host=-71484,1647,25367 (parks=103)
[21:28:17.547] [JOIN] INFO: [census] recv n=96 culls=0 trunc=0
[21:28:17.627] [JOIN] INFO: [audit] exist near=76 wide=95 drv=15 cen=80 hid=0 ghost=0 supp=0 census=96 fresh=1 parks=105 nearCap=0 wideCap=0 peerTrunc=0 staleMs=0 edges=0 ghostMax=-1 ghostEdge=0 dorm=0 attnR=1000 dormPc=0 pcs=7 mine=0 skip=0 cells=1 truncHold=0 wdHold=0 noBody=0 lostItems=0
[21:28:17.647] [JOIN] INFO: [inv] SEND hand=0,2385,11111,60,2638793984 kind=0 key=0,2385,11111,60,2638793984 items=0 hash=0
[21:28:17.668] [JOIN] INFO: [census] FREEZE hand=1,2952758784 name='Rogue Trader' d=2 (frozen=18)
[21:28:17.700] [JOIN] INFO: [inv] APPLY hand=0,2385,11111,171,2519897344 items=1
[21:28:17.700] [JOIN] INFO: [inv] APPLY hand=0,2385,11111,189,1981323264 items=0
[21:28:17.700] [JOIN] INFO: [inv] APPLY hand=0,2385,11111,190,1572265600 items=0
[21:28:17.921] [JOIN] INFO: [census] FREEZE hand=1,2952758784 name='Rogue Trader' d=2 (frozen=19)
[21:28:18.175] [JOIN] INFO: [census] FREEZE hand=1,2952758784 name='Rogue Trader' d=2 (frozen=19)
[21:28:18.435] [JOIN] INFO: [census] FREEZE hand=1,2952758784 name='Rogue Trader' d=2 (frozen=19)
[21:28:18.695] [JOIN] INFO: [census] FREEZE hand=1,2952758784 name='Rogue Trader' d=2 (frozen=19)
[21:28:18.752] [JOIN] INFO: [time] OFFSET off=0.1572gh slew=2.00 host=1040.34890 local=1040.19171
[21:28:18.754] [JOIN] INFO: [inv] APPLY hand=0,2385,11111,178,3473876992 items=0
[21:28:18.754] [JOIN] INFO: [census] park hand=1,3246582016 name='Mercenary' d=122 local=-71558,1645,25421 host=-71454,1647,25358 (parks=107)
[21:28:18.955] [JOIN] INFO: [census] FREEZE hand=1,2952758784 name='Rogue Trader' d=2 (frozen=19)
[21:28:19.201] [JOIN] INFO: [cell] MAP cells=1 slots=2 16,37=0
[21:28:19.213] [JOIN] INFO: [census] FREEZE hand=1,2952758784 name='Rogue Trader' d=2 (frozen=19)
[21:28:19.225] [JOIN] INFO: [ai] suspended=3 driven=19 targets=50 rel=53 relWalk=862u/72s snapCbt=0 snapVeto=0 frzAct=37812 frzHurt=0
[21:28:19.225] [JOIN] INFO: [trust] trusted=33 driven=17 grants=56 revokes=0 koRel=0 koExp=0
[21:28:19.265] [JOIN] INFO: [gate] hand=1,1632202112 host=36 local=1  agree=66523/78505 (84%)
[21:28:19.470] [JOIN] INFO: [census] FREEZE hand=1,2952758784 name='Rogue Trader' d=2 (frozen=19)
[21:28:19.547] [JOIN] INFO: [spawn] INFO send hand=1,312,386474624,1,3778564352 found=1 dead=0 age=1.00 sid='1289-gamedata.base' fac='1214-gamedata.base'
[21:28:19.547] [JOIN] INFO: [spawn] INFO send hand=1,357,3856933632,1,2553832960 found=1 dead=0 age=1.00 sid='1227-gamedata.base' fac='1214-gamedata.base'
[21:28:19.547] [JOIN] INFO: [spawn] INFO send hand=1,358,2981689344,1,2694091776 found=1 dead=0 age=1.00 sid='1227-gamedata.base' fac='1214-gamedata.base'
[21:28:19.547] [JOIN] INFO: [spawn] INFO send hand=1,382,2239623936,1,1362182656 found=1 dead=0 age=1.00 sid='1227-gamedata.base' fac='1214-gamedata.base'
[21:28:19.547] [JOIN] INFO: [spawn] INFO send hand=1,421,837524416,1,1400268544 found=1 dead=0 age=1.00 sid='1292-gamedata.base' fac='1214-gamedata.base'
[21:28:19.549] [JOIN] INFO: [census] park hand=1,853149440 name='Holy Pacifier' d=128 local=-71385,1649,25468 host=-71452,1639,25359 (parks=108)
[21:28:19.720] [JOIN] INFO: [census] FREEZE hand=1,2952758784 name='Rogue Trader' d=2 (frozen=19)
[21:28:19.786] [JOIN] INFO: [net] CLOCKSYNC offset=-7201561 rtt=82 n=32
[21:28:19.786] [JOIN] INFO: [net] [net] bandwidth out=11.0 KB/s in=9.2 KB/s (window 5s)
[21:28:19.786] [JOIN] INFO: [net] [net] mix out ent=76/24.5KB census=5/15.4KB inv=13/7.8KB med=8/3.6KB stats=4/0.8KB spwnInf=5/0.7KB +cam=5,spdReq=2,cell=1
[21:28:19.786] [JOIN] INFO: [net] [net] mix in  census=5/15.5KB ent=40/11.7KB med=19/8.7KB inv=11/4.5KB stats=3/0.6KB spwnReq=5/0.1KB +prod=1,time=5,cam=4,spdSet=3,assign=1,tpong=3,cell=1,money=1
[21:28:19.984] [JOIN] INFO: [census] FREEZE hand=1,2952758784 name='Rogue Trader' d=2 (frozen=19)
[21:28:20.193] [JOIN] INFO: [stage] lines=155/10s peak us: frame-end=21117/9754 engine=6843/1324 app:authority=279/96 pub:owned=233/80 app:pubCensus=176/1
[21:28:20.218] [JOIN] INFO: [budget] pub avg=194us max=387us apply avg=159us max=354us frames=445 over2ms=0
[21:28:20.218] [JOIN] INFO: [q] peak evt=0 ent=7/4096 inv=4 cen=1 stealth=0 cam=1 (dropped ent=3753 earlier)
[21:28:20.240] [JOIN] INFO: [census] FREEZE hand=1,2952758784 name='Rogue Trader' d=2 (frozen=19)
[21:28:20.432] [JOIN] INFO: [census] park hand=1,1975708032 name='Mercenary Heavy' d=120 local=-71520,1646,25387 host=-71405,1629,25419 (parks=109)
[21:28:20.487] [JOIN] INFO: [cam] hint recv=-71450.5,1659.9,25495.9
[21:28:20.497] [JOIN] INFO: [census] FREEZE hand=1,2952758784 name='Rogue Trader' d=2 (frozen=19)
[21:28:20.696] [JOIN] INFO: [inv] APPLY hand=0,2385,11111,177,1700805632 items=0
[21:28:20.747] [JOIN] INFO: [census] FREEZE hand=1,2952758784 name='Rogue Trader' d=2 (frozen=19)
[21:28:20.832] [JOIN] INFO: [stats] RECV hand=1,1709716736 ok=1 str=42.3 dex=33.2 tough=45.2 stealth=60.9 athl=56.8 xp=0
[21:28:20.832] [JOIN] INFO: [stats] RECV hand=2,3640503040 ok=1 str=29.7 dex=18.6 tough=45.5 stealth=33.8 athl=43.4 xp=0
[21:28:20.832] [JOIN] INFO: [stats] RECV hand=3,3548706048 ok=1 str=3.8 dex=10.1 tough=24.4 stealth=30.9 athl=24.4 xp=0
[21:28:20.833] [JOIN] INFO: [inv] APPLY hand=1,1,2172729600,1,1709716736 items=13
[21:28:20.833] [JOIN] INFO: [inv] APPLY hand=1,1,2172729600,3,3548706048 items=11
[21:28:20.999] [JOIN] INFO: [census] FREEZE hand=1,2952758784 name='Rogue Trader' d=2 (frozen=19)
[21:28:21.244] [JOIN] INFO: [life] hand=1,613,2211791872,1,1632202112 from=PARKED to=MID reason=drive
[21:28:21.253] [JOIN] INFO: [life] hand=1,613,2211791872,1,1632202112 from=MID to=PARKED reason=mid-rest
[21:28:21.253] [JOIN] INFO: [census] FREEZE hand=1,2952758784 name='Rogue Trader' d=2 (frozen=19)
[21:28:21.271] [JOIN] INFO: [gate] hand=1,1632202112 host=36 local=65535  agree=68569/80737 (84%)
[21:28:21.476] [JOIN] INFO: [census] park hand=1,2986694400 name='Ulifia' d=130 local=-71575,1644,25448 host=-71478,1647,25362 (parks=110)
[21:28:21.509] [JOIN] INFO: [census] FREEZE hand=1,2952758784 name='Rogue Trader' d=2 (frozen=19)
[21:28:21.727] [JOIN] INFO: [census] park hand=1,1671386752 name='Truth' d=120 local=-71618,1644,25316 host=-71539,1645,25406 (parks=115)
[21:28:21.761] [JOIN] INFO: [census] FREEZE hand=1,2952758784 name='Rogue Trader' d=2 (frozen=20)
[21:28:21.838] [JOIN] INFO: [wallet] POOL RECV t=8859 ack=0 pending=0 want=8859 was=10785 ok=1
[21:28:21.839] [JOIN] INFO: [inv] APPLY hand=0,2385,11111,60,2638793984 items=0
[21:28:21.839] [JOIN] INFO: [inv] APPLY hand=0,2385,11111,172,1222778368 items=1
[21:28:21.839] [JOIN] INFO: [inv] APPLY hand=0,2385,11111,191,134765632 items=0
[21:28:22.014] [JOIN] INFO: [census] FREEZE hand=1,2952758784 name='Rogue Trader' d=2 (frozen=20)
[21:28:22.193] [JOIN] INFO: [interp] lerp=13462 extrap=8529 clamp=7 seg=156 single=99397 snapSq=0 snapNpc=0 reissueSq=188 reissueNpc=55 restFlip=0 delay=397 jit=129.2 starve=1 snapMid=12 restFlipMid=0 haltDrv=0 haltCbt=0
[21:28:22.194] [JOIN] INFO: [life] pruned throttle stamps=4
[21:28:22.194] [JOIN] INFO: [cam] center=-71390.3,1638.4,25337.2
[21:28:22.228] [JOIN] INFO: [ai] suspended=3 driven=19 targets=50 rel=54 relWalk=862u/77s snapCbt=0 snapVeto=0 frzAct=42645 frzHurt=0
[21:28:22.228] [JOIN] INFO: [trust] trusted=33 driven=17 grants=56 revokes=0 koRel=0 koExp=0
[21:28:22.270] [JOIN] INFO: [census] FREEZE hand=1,2952758784 name='Rogue Trader' d=2 (frozen=19)
[21:28:22.347] [JOIN] INFO: [deed] AUDIT hand=0.2385.11111.198.830322240 isPlayer=1 set=1 sale=0 shop=0 public=1 desig=0 resident=1/0 town=0/1 interior=0 internals=0 doors=0/0/0 furn=0/0/0 canUse=1 home=0/1/0 stuff=1 wallet=8859 squads=2/0/0 cur=0/0 base=-1/-1 owner='204-gamedata.base' name='Campfire'
[21:28:22.349] [JOIN] INFO: [auth] map n=95 host=95 join=0 veto=0 vetoTotal=0 gen=46 div=0 consult=429975 recv=129 stale=0 refuse=0
[21:28:22.519] [JOIN] INFO: [census] FREEZE hand=1,2952758784 name='Rogue Trader' d=2 (frozen=19)
[21:28:22.698] [JOIN] INFO: [inv] APPLY hand=0,2385,11111,171,2519897344 items=1
[21:28:22.698] [JOIN] INFO: [inv] APPLY hand=0,2385,11111,189,1981323264 items=0
[21:28:22.698] [JOIN] INFO: [inv] APPLY hand=0,2385,11111,190,1572265600 items=0
[21:28:22.710] [JOIN] INFO: [audit] exist near=76 wide=95 drv=16 cen=79 hid=0 ghost=0 supp=0 census=95 fresh=1 parks=115 nearCap=0 wideCap=0 peerTrunc=0 staleMs=0 edges=0 ghostMax=-1 ghostEdge=0 dorm=0 attnR=1000 dormPc=0 pcs=7 mine=0 skip=0 cells=1 truncHold=0 wdHold=0 noBody=0 lostItems=0
[21:28:22.759] [JOIN] INFO: [life] hand=1,613,2211791872,1,1632202112 from=PARKED to=MID reason=drive
[21:28:22.771] [JOIN] INFO: [life] hand=1,613,2211791872,1,1632202112 from=MID to=PARKED reason=mid-rest
[21:28:22.771] [JOIN] INFO: [census] FREEZE hand=1,2952758784 name='Rogue Trader' d=2 (frozen=19)
[21:28:22.792] [JOIN] INFO: [wallet] POOL RECV t=6933 ack=0 pending=0 want=6933 was=8859 ok=1
[21:28:23.028] [JOIN] INFO: [census] FREEZE hand=1,2952758784 name='Rogue Trader' d=2 (frozen=19)
[21:28:23.282] [JOIN] INFO: [gate] hand=1,1632202112 host=36 local=1  agree=70497/82848 (85%)
[21:28:23.282] [JOIN] INFO: [census] FREEZE hand=1,2952758784 name='Rogue Trader' d=2 (frozen=19)
[21:28:23.543] [JOIN] INFO: [census] FREEZE hand=1,2952758784 name='Rogue Trader' d=2 (frozen=18)
[21:28:23.554] [JOIN] INFO: [census] park hand=1,3246582016 name='Mercenary' d=135 local=-71454,1647,25354 host=-71393,1649,25474 (parks=116)
[21:28:23.751] [JOIN] INFO: [wallet] POOL RECV t=5007 ack=0 pending=0 want=5007 was=6933 ok=1
[21:28:23.753] [JOIN] INFO: [inv] APPLY hand=0,2385,11111,178,3473876992 items=0
[21:28:23.799] [JOIN] INFO: [census] FREEZE hand=1,2952758784 name='Rogue Trader' d=2 (frozen=18)
[21:28:24.051] [JOIN] INFO: [census] FREEZE hand=1,2952758784 name='Rogue Trader' d=2 (frozen=18)
[21:28:24.204] [JOIN] INFO: [cell] MAP cells=1 slots=2 16,37=0
[21:28:24.307] [JOIN] INFO: [life] hand=1,613,2211791872,1,1632202112 from=PARKED to=MID reason=drive
[21:28:24.307] [JOIN] INFO: [census] FREEZE hand=1,2952758784 name='Rogue Trader' d=2 (frozen=18)
[21:28:24.319] [JOIN] INFO: [life] hand=1,613,2211791872,1,1632202112 from=MID to=PARKED reason=mid-rest
[21:28:24.567] [JOIN] INFO: [census] FREEZE hand=1,2952758784 name='Rogue Trader' d=2 (frozen=18)
[21:28:24.724] [JOIN] INFO: [time] OFFSET off=0.1031gh slew=2.00 host=1040.40420 local=1040.30114
[21:28:24.725] [JOIN] INFO: [inv] APPLY hand=1,1,2172729600,2,3640503040 items=31
[21:28:24.818] [JOIN] INFO: [net] CLOCKSYNC offset=-7201561 rtt=82 n=34
[21:28:24.818] [JOIN] INFO: [net] [net] bandwidth out=10.7 KB/s in=8.8 KB/s (window 5s)
[21:28:24.818] [JOIN] INFO: [net] [net] mix out ent=79/25.5KB census=5/15.4KB inv=12/7.6KB med=6/2.7KB stats=4/0.8KB cam=5/0.1KB +deed=1,cell=1,spdReq=1
[21:28:24.819] [JOIN] INFO: [net] [net] mix in  census=5/15.4KB inv=11/9.2KB ent=31/8.8KB med=17/7.8KB research=11/0.6KB stats=3/0.6KB +time=5,cam=5,money=4,spdSet=2,tpong=2,cell=1
[21:28:24.823] [JOIN] INFO: [census] FREEZE hand=1,2952758784 name='Rogue Trader' d=2 (frozen=18)
[21:28:24.845] [JOIN] INFO: [wallet] POOL RECV t=4686 ack=0 pending=0 want=4686 was=5007 ok=1
[21:28:25.072] [JOIN] INFO: [census] FREEZE hand=1,2952758784 name='Rogue Trader' d=2 (frozen=18)
[21:28:25.222] [JOIN] INFO: [budget] pub avg=193us max=491us apply avg=160us max=347us frames=444 over2ms=0
[21:28:25.222] [JOIN] INFO: [q] peak evt=0 ent=6/4096 inv=3 cen=1 stealth=0 cam=1 (dropped ent=3753 earlier)
[21:28:25.234] [JOIN] INFO: [ai] suspended=3 driven=15 targets=49 rel=56 relWalk=893u/80s snapCbt=0 snapVeto=0 frzAct=47209 frzHurt=0
[21:28:25.234] [JOIN] INFO: [trust] trusted=32 driven=17 grants=56 revokes=0 koRel=0 koExp=0
[21:28:25.283] [JOIN] INFO: [gate] hand=1,1632202112 host=36 local=1  agree=71971/84486 (85%)
[21:28:25.331] [JOIN] INFO: [census] FREEZE hand=1,2952758784 name='Rogue Trader' d=2 (frozen=18)
[21:28:25.342] [JOIN] INFO: [census] park hand=1,3046630912 name='Hungry bandit' d=120 local=-71613,1644,25324 host=-71509,1646,25385 (parks=119)
[21:28:25.489] [JOIN] INFO: [spawn] INFO send hand=1,312,386474624,1,3778564352 found=1 dead=0 age=1.00 sid='1289-gamedata.base' fac='1214-gamedata.base'
[21:28:25.489] [JOIN] INFO: [spawn] INFO send hand=1,357,3856933632,1,2553832960 found=1 dead=0 age=1.00 sid='1227-gamedata.base' fac='1214-gamedata.base'
[21:28:25.489] [JOIN] INFO: [spawn] INFO send hand=1,358,2981689344,1,2694091776 found=1 dead=0 age=1.00 sid='1227-gamedata.base' fac='1214-gamedata.base'
[21:28:25.489] [JOIN] INFO: [spawn] INFO send hand=1,382,2239623936,1,1362182656 found=1 dead=0 age=1.00 sid='1227-gamedata.base' fac='1214-gamedata.base'
[21:28:25.489] [JOIN] INFO: [spawn] INFO send hand=1,421,837524416,1,1400268544 found=1 dead=0 age=1.00 sid='1292-gamedata.base' fac='1214-gamedata.base'
[21:28:25.586] [JOIN] INFO: [census] FREEZE hand=1,2952758784 name='Rogue Trader' d=2 (frozen=19)
[21:28:25.693] [JOIN] INFO: [census] park hand=1,853149440 name='Holy Pacifier' d=122 local=-71443,1636,25361 host=-71553,1645,25414 (parks=120)
[21:28:25.693] [JOIN] INFO: [cam] hint recv=-71450.5,1659.9,25495.9
[21:28:25.823] [JOIN] INFO: [stats] RECV hand=1,1709716736 ok=1 str=42.3 dex=33.2 tough=45.2 stealth=60.9 athl=56.8 xp=0
[21:28:25.823] [JOIN] INFO: [stats] RECV hand=2,3640503040 ok=1 str=29.7 dex=18.6 tough=45.5 stealth=33.8 athl=43.4 xp=0
[21:28:25.823] [JOIN] INFO: [stats] RECV hand=3,3548706048 ok=1 str=3.8 dex=10.1 tough=24.4 stealth=30.9 athl=24.4 xp=0
[21:28:25.823] [JOIN] INFO: [wallet] POOL RECV t=4365 ack=0 pending=0 want=4365 was=4686 ok=1
[21:28:25.824] [JOIN] INFO: [life] hand=1,613,2211791872,1,1632202112 from=PARKED to=MID reason=drive
[21:28:25.824] [JOIN] INFO: [inv] APPLY hand=0,2385,11111,177,1700805632 items=0
[21:28:25.824] [JOIN] INFO: [inv] APPLY hand=1,1,2172729600,1,1709716736 items=13
[21:28:25.824] [JOIN] INFO: [inv] APPLY hand=1,1,2172729600,3,3548706048 items=11
[21:28:25.837] [JOIN] INFO: [life] hand=1,613,2211791872,1,1632202112 from=MID to=PARKED reason=mid-rest
[21:28:25.837] [JOIN] INFO: [census] FREEZE hand=1,2952758784 name='Rogue Trader' d=2 (frozen=19)
[21:28:26.011] [JOIN] INFO: [inv] APPLY hand=1,1,2172729600,2,3640503040 items=31
[21:28:26.095] [JOIN] INFO: [census] FREEZE hand=1,2952758784 name='Rogue Trader' d=2 (frozen=19)
[21:28:26.350] [JOIN] INFO: [census] FREEZE hand=1,2952758784 name='Rogue Trader' d=2 (frozen=19)
[21:28:26.524] [JOIN] INFO: [census] park hand=1,2986694400 name='Ulifia' d=129 local=-71478,1647,25362 host=-71388,1634,25454 (parks=121)
[21:28:26.611] [JOIN] INFO: [census] FREEZE hand=1,2952758784 name='Rogue Trader' d=2 (frozen=19)
[21:28:26.731] [JOIN] INFO: [inv] APPLY hand=0,2385,11111,60,2638793984 items=0
[21:28:26.731] [JOIN] INFO: [inv] APPLY hand=0,2385,11111,172,1222778368 items=1
[21:28:26.731] [JOIN] INFO: [inv] APPLY hand=0,2385,11111,191,134765632 items=0
[21:28:26.867] [JOIN] INFO: [census] FREEZE hand=1,2952758784 name='Rogue Trader' d=2 (frozen=19)
[21:28:26.936] [JOIN] INFO: [wallet] POOL RECV t=4044 ack=0 pending=0 want=4044 was=4365 ok=1
[21:28:27.120] [JOIN] INFO: [census] FREEZE hand=1,2952758784 name='Rogue Trader' d=2 (frozen=18)
[21:28:27.197] [JOIN] INFO: [interp] lerp=14705 extrap=8529 clamp=7 seg=156 single=106105 snapSq=0 snapNpc=0 reissueSq=188 reissueNpc=55 restFlip=0 delay=397 jit=129.2 starve=1 snapMid=12 restFlipMid=0 haltDrv=0 haltCbt=0
[21:28:27.197] [JOIN] INFO: [life] pruned throttle stamps=4
[21:28:27.197] [JOIN] INFO: [cam] center=-71390.3,1638.4,25337.2
[21:28:27.293] [JOIN] INFO: [gate] hand=1,1632202112 host=36 local=1  agree=73731/86413 (85%)
[21:28:27.362] [JOIN] INFO: [deed] AUDIT hand=0.2385.11111.198.830322240 isPlayer=1 set=1 sale=0 shop=0 public=1 desig=0 resident=1/0 town=0/1 interior=0 internals=0 doors=0/0/0 furn=0/0/0 canUse=1 home=0/1/0 stuff=1 wallet=4044 squads=2/0/0 cur=0/0 base=-1/-1 owner='204-gamedata.base' name='Campfire'
[21:28:27.363] [JOIN] INFO: [auth] map n=95 host=95 join=0 veto=0 vetoTotal=0 gen=51 div=0 consult=494646 recv=129 stale=0 refuse=0
[21:28:27.364] [JOIN] INFO: [census] sent n=95 radius=2000 mid=0 anchors=3 a0=loaded:10 a1=loaded:39 a2=loaded:46 enum=95 notmine=0 proxyrow=0 attnR=1000 resendSup=177 nearSup=797
[21:28:27.374] [JOIN] INFO: [census] FREEZE hand=1,2952758784 name='Rogue Trader' d=2 (frozen=14)
[21:28:27.519] [JOIN] INFO: [life] hand=1,613,2211791872,1,1632202112 from=PARKED to=MID reason=drive
[21:28:27.531] [JOIN] INFO: [life] hand=1,613,2211791872,1,1632202112 from=MID to=PARKED reason=mid-rest
[21:28:27.631] [JOIN] INFO: [census] FREEZE hand=1,2952758784 name='Rogue Trader' d=2 (frozen=14)
[21:28:27.694] [JOIN] INFO: [inv] APPLY hand=1,1,2172729600,2,3640503040 items=32
[21:28:27.694] [JOIN] INFO: [census] recv n=95 culls=0 trunc=0
[21:28:27.694] [JOIN] INFO: [census] park hand=1,722534208 name='Silvershade' d=129 local=-71402,1648,25513 host=-71428,1630,25388 (parks=124)
[21:28:27.729] [JOIN] INFO: [audit] exist near=56 wide=93 drv=17 cen=76 hid=0 ghost=0 supp=0 census=95 fresh=1 parks=125 nearCap=0 wideCap=0 peerTrunc=0 staleMs=0 edges=0 ghostMax=-1 ghostEdge=0 dorm=0 attnR=1000 dormPc=0 pcs=7 mine=0 skip=0 cells=1 truncHold=0 wdHold=0 noBody=0 lostItems=0
[21:28:27.839] [JOIN] INFO: [inv] APPLY hand=0,2385,11111,171,2519897344 items=1
[21:28:27.839] [JOIN] INFO: [inv] APPLY hand=0,2385,11111,189,1981323264 items=0
[21:28:27.839] [JOIN] INFO: [inv] APPLY hand=0,2385,11111,190,1572265600 items=0
[21:28:27.888] [JOIN] INFO: [census] FREEZE hand=1,2952758784 name='Rogue Trader' d=2 (frozen=15)
[21:28:27.934] [JOIN] INFO: [wallet] POOL RECV t=3081 ack=0 pending=0 want=3081 was=4044 ok=1
[21:28:28.049] [JOIN] INFO: [inv] APPLY hand=1,1,2172729600,2,3640503040 items=32
[21:28:28.146] [JOIN] INFO: [census] FREEZE hand=1,2952758784 name='Rogue Trader' d=2 (frozen=15)
[21:28:28.237] [JOIN] INFO: [ai] suspended=3 driven=19 targets=49 rel=58 relWalk=971u/83s snapCbt=0 snapVeto=0 frzAct=51482 frzHurt=0
[21:28:28.237] [JOIN] INFO: [trust] trusted=32 driven=17 grants=56 revokes=0 koRel=0 koExp=0
[21:28:28.397] [JOIN] INFO: [census] FREEZE hand=1,2952758784 name='Rogue Trader' d=2 (frozen=15)
[21:28:28.652] [JOIN] INFO: [census] FREEZE hand=1,2952758784 name='Rogue Trader' d=2 (frozen=15)
[21:28:28.741] [JOIN] INFO: [inv] APPLY hand=0,2385,11111,178,3473876992 items=0
[21:28:28.909] [JOIN] INFO: [census] FREEZE hand=1,2952758784 name='Rogue Trader' d=2 (frozen=15)
[21:28:29.031] [JOIN] INFO: [life] hand=1,613,2211791872,1,1632202112 from=PARKED to=MID reason=drive
[21:28:29.042] [JOIN] INFO: [life] hand=1,613,2211791872,1,1632202112 from=MID to=PARKED reason=mid-rest
[21:28:29.138] [JOIN] INFO: [census] park hand=1,2663207936 name='Planito' d=120 local=-71475,1647,25362 host=-71568,1644,25439 (parks=126)
[21:28:29.163] [JOIN] INFO: [census] FREEZE hand=1,2952758784 name='Rogue Trader' d=2 (frozen=16)
[21:28:29.210] [JOIN] INFO: [cell] MAP cells=1 slots=2 16,37=0
[21:28:29.297] [JOIN] INFO: [gate] hand=1,1632202112 host=36 local=1  agree=75513/88357 (85%)
[21:28:29.425] [JOIN] INFO: [census] FREEZE hand=1,2952758784 name='Rogue Trader' d=2 (frozen=16)
[21:28:29.524] [JOIN] INFO: [taskkey] key=12 desc='Talking' repro=0 subject=1
[21:28:29.539] [JOIN] INFO: [speed] REQ mult=0.00 paused=1 combat=0
[21:28:29.679] [JOIN] INFO: [census] FREEZE hand=1,2952758784 name='Rogue Trader' d=2 (frozen=13)
[21:28:29.754] [JOIN] INFO: [speed] SET mult=0.00 paused=1 combat=0
[21:28:29.849] [JOIN] INFO: [net] CLOCKSYNC offset=-7201561 rtt=82 n=37
[21:28:29.849] [JOIN] INFO: [net] [net] bandwidth out=10.9 KB/s in=11.5 KB/s (window 5s)
[21:28:29.849] [JOIN] INFO: [net] [net] mix out ent=77/24.8KB census=5/15.4KB inv=12/7.6KB med=6/2.7KB stats=4/0.8KB spwnInf=5/0.7KB +cam=5,spdReq=3,cell=1
[21:28:29.849] [JOIN] INFO: [net] [net] mix in  inv=13/19.1KB census=5/15.4KB ent=39/12.3KB med=17/7.8KB stats=3/0.6KB spwnReq=5/0.1KB +prod=1,time=5,cam=5,deed=1,money=4,spdSet=3,tpong=3,cell=1
[21:28:29.930] [JOIN] INFO: [census] FREEZE hand=1,2952758784 name='Rogue Trader' d=2 (frozen=12)
[21:28:30.190] [JOIN] INFO: [census] FREEZE hand=1,2952758784 name='Rogue Trader' d=2 (frozen=12)
[21:28:30.199] [JOIN] INFO: [stage] lines=149/10s peak us: frame-end=16106/9990 engine=3945/1294 pub:owned=268/79 app:authority=237/93 app:inventories=154/3
[21:28:30.231] [JOIN] INFO: [budget] pub avg=193us max=401us apply avg=150us max=375us frames=417 over2ms=0
[21:28:30.231] [JOIN] INFO: [q] peak evt=0 ent=7/4096 inv=3 cen=1 stealth=0 cam=1 (dropped ent=3753 earlier)
[21:28:30.446] [JOIN] INFO: [census] FREEZE hand=1,2952758784 name='Rogue Trader' d=2 (frozen=12)
[21:28:30.547] [JOIN] INFO: [life] hand=1,613,2211791872,1,1632202112 from=PARKED to=MID reason=drive
[21:28:30.559] [JOIN] INFO: [life] hand=1,613,2211791872,1,1632202112 from=MID to=PARKED reason=mid-rest
[21:28:30.579] [JOIN] INFO: [time] OFFSET off=0.0588gh slew=2.00 host=1040.45194 local=1040.39317
[21:28:30.698] [JOIN] INFO: [census] FREEZE hand=1,2952758784 name='Rogue Trader' d=2 (frozen=12)
[21:28:30.708] [JOIN] INFO: [inv] APPLY hand=0,2385,11111,177,1700805632 items=0
[21:28:30.830] [JOIN] INFO: [stats] RECV hand=1,1709716736 ok=1 str=42.3 dex=33.2 tough=45.2 stealth=60.9 athl=56.8 xp=0
[21:28:30.830] [JOIN] INFO: [stats] RECV hand=2,3640503040 ok=1 str=29.7 dex=18.6 tough=45.5 stealth=33.8 athl=43.4 xp=0
[21:28:30.830] [JOIN] INFO: [stats] RECV hand=3,3548706048 ok=1 str=3.8 dex=10.1 tough=24.4 stealth=30.9 athl=24.4 xp=0
[21:28:30.831] [JOIN] INFO: [inv] APPLY hand=1,1,2172729600,1,1709716736 items=13
[21:28:30.831] [JOIN] INFO: [inv] APPLY hand=1,1,2172729600,3,3548706048 items=11
[21:28:30.863] [JOIN] INFO: [speed] REQ mult=1.00 paused=0 combat=0
[21:28:31.019] [JOIN] INFO: [census] FREEZE hand=1,1671386752 name='Truth' d=13 (frozen=11)
[21:28:31.038] [JOIN] INFO: [speed] SET mult=1.00 paused=0 combat=0
[21:28:31.136] [JOIN] INFO: [census] park hand=1,2686523392 name='Rogue Trader' d=120 local=-71445,1642,25285 host=-71510,1646,25386 (parks=127)
[21:28:31.250] [JOIN] INFO: [ai] suspended=3 driven=21 targets=39 rel=60 relWalk=1028u/86s snapCbt=0 snapVeto=0 frzAct=54654 frzHurt=0
[21:28:31.250] [JOIN] INFO: [trust] trusted=24 driven=15 grants=56 revokes=0 koRel=0 koExp=0
[21:28:31.278] [JOIN] INFO: [census] FREEZE hand=1,1671386752 name='Truth' d=13 (frozen=12)
[21:28:31.306] [JOIN] INFO: [gate] hand=1,1632202112 host=36 local=1  agree=77458/90469 (85%)
[21:28:31.538] [JOIN] INFO: [census] FREEZE hand=1,1671386752 name='Truth' d=13 (frozen=12)
[21:28:31.681] [JOIN] INFO: [spawn] INFO send hand=1,312,386474624,1,3778564352 found=1 dead=0 age=1.00 sid='1289-gamedata.base' fac='1214-gamedata.base'
[21:28:31.681] [JOIN] INFO: [spawn] INFO send hand=1,357,3856933632,1,2553832960 found=1 dead=0 age=1.00 sid='1227-gamedata.base' fac='1214-gamedata.base'
[21:28:31.681] [JOIN] INFO: [spawn] INFO send hand=1,358,2981689344,1,2694091776 found=1 dead=0 age=1.00 sid='1227-gamedata.base' fac='1214-gamedata.base'
[21:28:31.681] [JOIN] INFO: [spawn] INFO send hand=1,382,2239623936,1,1362182656 found=1 dead=0 age=1.00 sid='1227-gamedata.base' fac='1214-gamedata.base'
[21:28:31.681] [JOIN] INFO: [spawn] INFO send hand=1,421,837524416,1,1400268544 found=1 dead=0 age=1.00 sid='1292-gamedata.base' fac='1214-gamedata.base'
[21:28:31.685] [JOIN] INFO: [cam] hint recv=-71446.1,1647.1,25421.4
[21:28:31.751] [JOIN] INFO: [dlg] SEND 'Psst...come here!'
[21:28:31.787] [JOIN] INFO: [inv] APPLY hand=0,2385,11111,172,1222778368 items=1
[21:28:31.787] [JOIN] INFO: [inv] APPLY hand=0,2385,11111,191,134765632 items=0
[21:28:31.803] [JOIN] INFO: [census] FREEZE hand=1,1671386752 name='Truth' d=17 (frozen=12)
[21:28:31.878] [JOIN] INFO: [census] park hand=1,3806030336 name='Rogue Trader' d=120 local=-71384,1632,25446 host=-71465,1647,25359 (parks=129)
[21:28:31.923] [JOIN] INFO: [life] hand=1,233,504028320,1,2946655232 from=PARKED to=HI reason=drive
[21:28:32.064] [JOIN] INFO: [life] hand=1,481,3322509824,1,656127936 from=PARKED to=HI reason=drive
[21:28:32.064] [JOIN] INFO: [pose] rest re-arm task 65535 -> 87
[21:28:32.065] [JOIN] INFO: [pose] applyOrder hand=1,656127936 task=87 subj=71,3287109376,0 wire=71,3287109376 det=1 r=2 try=0
[21:28:32.065] [JOIN] INFO: [census] FREEZE hand=1,1671386752 name='Truth' d=17 (frozen=13)
[21:28:32.119] [JOIN] INFO: [trust] grant hand=1,2640503040 streak=150
[21:28:32.180] [JOIN] INFO: [furn] RECV ENTER id=42 occ=1,2730834944 furn=151,3629882880 kind=1 ok=1
[21:28:32.180] [JOIN] INFO: [event] RECV id=42 ev=8 owner=0 hand=1,418,1020751936,1,2730834944 actor=151,3629882880
[21:28:32.199] [JOIN] INFO: [interp] lerp=16111 extrap=8529 clamp=7 seg=156 single=112891 snapSq=0 snapNpc=0 reissueSq=188 reissueNpc=55 restFlip=0 delay=397 jit=129.2 starve=1 snapMid=12 restFlipMid=0 haltDrv=0 haltCbt=0
[21:28:32.199] [JOIN] INFO: [cam] center=-71399.6,1639.3,25410.2
[21:28:32.315] [JOIN] INFO: [census] FREEZE hand=1,1671386752 name='Truth' d=17 (frozen=13)
[21:28:32.391] [JOIN] INFO: [deed] AUDIT hand=0.2385.11111.198.830322240 isPlayer=1 set=1 sale=0 shop=0 public=1 desig=0 resident=1/0 town=0/1 interior=0 internals=0 doors=0/0/0 furn=0/0/0 canUse=1 home=0/1/0 stuff=1 wallet=3081 squads=2/0/0 cur=0/0 base=-1/-1 owner='204-gamedata.base' name='Campfire'
[21:28:32.393] [JOIN] INFO: [auth] map n=95 host=95 join=0 veto=0 vetoTotal=0 gen=56 div=0 consult=543557 recv=129 stale=0 refuse=0
[21:28:32.536] [JOIN] INFO: [census] park hand=1,2863891712 name='Those who protect' d=120 local=-71426,1630,25389 host=-71407,1648,25507 (parks=130)
[21:28:32.566] [JOIN] INFO: [census] FREEZE hand=1,1671386752 name='Truth' d=29 (frozen=14)
[21:28:32.678] [JOIN] INFO: [life] hand=1,613,2211791872,1,1632202112 from=PARKED to=MID reason=drive
[21:28:32.693] [JOIN] INFO: [life] hand=1,613,2211791872,1,1632202112 from=MID to=PARKED reason=mid-rest
[21:28:32.739] [JOIN] INFO: [audit] exist near=44 wide=93 drv=23 cen=70 hid=0 ghost=0 supp=0 census=95 fresh=1 parks=130 nearCap=0 wideCap=0 peerTrunc=0 staleMs=0 edges=0 ghostMax=-1 ghostEdge=0 dorm=0 attnR=1000 dormPc=0 pcs=7 mine=0 skip=0 cells=1 truncHold=0 wdHold=0 noBody=0 lostItems=0
[21:28:32.797] [JOIN] INFO: [census] park hand=1,1975708032 name='Mercenary Heavy' d=120 local=-71438,1632,25368 host=-71400,1648,25481 (parks=131)
[21:28:32.824] [JOIN] INFO: [census] FREEZE hand=1,1671386752 name='Truth' d=29 (frozen=15)
[21:28:33.079] [JOIN] INFO: [census] FREEZE hand=1,1671386752 name='Truth' d=29 (frozen=16)
[21:28:33.172] [JOIN] INFO: [census] park hand=1,3708251904 name='Rogue Trader' d=120 local=-71430,1630,25386 host=-71396,1648,25500 (parks=133)
[21:28:33.321] [JOIN] INFO: [gate] hand=1,1632202112 host=36 local=1  agree=79540/92682 (85%)
[21:28:33.335] [JOIN] INFO: [census] FREEZE hand=1,1671386752 name='Truth' d=29 (frozen=17)
[21:28:33.548] [JOIN] INFO: [life] hand=1,621,3230590720,1,2602050816 from=PARKED to=HI reason=drive
[21:28:33.548] [JOIN] INFO: [pose] rest re-arm task 65535 -> 87
[21:28:33.548] [JOIN] INFO: [pose] applyOrder hand=1,2602050816 task=87 subj=122,307861344,0 wire=122,307861344 det=1 r=2 try=0
[21:28:33.594] [JOIN] INFO: [census] FREEZE hand=1,1671386752 name='Truth' d=43 (frozen=17)
[21:28:33.848] [JOIN] INFO: [census] FREEZE hand=1,1671386752 name='Truth' d=43 (frozen=17)
[21:28:34.101] [JOIN] INFO: [census] FREEZE hand=1,1671386752 name='Truth' d=43 (frozen=17)
[21:28:34.194] [JOIN] INFO: [life] hand=1,613,2211791872,1,1632202112 from=PARKED to=MID reason=drive
[21:28:34.205] [JOIN] INFO: [life] hand=1,613,2211791872,1,1632202112 from=MID to=PARKED reason=mid-rest
[21:28:34.217] [JOIN] INFO: [cell] MAP cells=1 slots=2 16,37=0
[21:28:34.252] [JOIN] INFO: [ai] suspended=5 driven=25 targets=35 rel=62 relWalk=1092u/90s snapCbt=0 snapVeto=0 frzAct=57679 frzHurt=0
[21:28:34.252] [JOIN] INFO: [trust] trusted=19 driven=16 grants=57 revokes=0 koRel=0 koExp=0
[21:28:34.357] [JOIN] INFO: [census] FREEZE hand=1,1671386752 name='Truth' d=43 (frozen=17)
[21:28:34.576] [JOIN] INFO: [life] hand=1,360,2454467840,1,2834350592 from=PARKED to=HI reason=drive
[21:28:34.576] [JOIN] INFO: [pose] rest re-arm task 65535 -> 87
[21:28:34.576] [JOIN] INFO: [pose] applyOrder hand=1,2834350592 task=87 subj=129,3737670912,0 wire=129,3737670912 det=1 r=2 try=0
[21:28:34.587] [JOIN] INFO: [time] OFFSET off=0.0253gh slew=2.00 host=1040.48438 local=1040.45909
[21:28:34.613] [JOIN] INFO: [census] FREEZE hand=1,1671386752 name='Truth' d=57 (frozen=17)
[21:28:34.651] [JOIN] INFO: [life] hand=1,485,1927612288,1,1317382784 from=PARKED to=HI reason=drive
[21:28:34.651] [JOIN] INFO: [pose] rest re-arm task 65535 -> 87
[21:28:34.651] [JOIN] INFO: [pose] applyOrder hand=1,1317382784 task=87 subj=123,2040161152,0 wire=123,2040161152 det=1 r=2 try=0
[21:28:34.856] [JOIN] INFO: [net] CLOCKSYNC offset=-7201561 rtt=82 n=39
[21:28:34.856] [JOIN] INFO: [net] [net] bandwidth out=10.9 KB/s in=9.1 KB/s (window 5s)
[21:28:34.856] [JOIN] INFO: [net] [net] mix out ent=75/24.2KB census=5/15.4KB inv=6/7.3KB med=8/3.6KB stats=4/0.8KB spwnInf=5/0.7KB +dlg=1,cam=5,spdReq=2,cell=1
[21:28:34.856] [JOIN] INFO: [net] [net] mix in  census=5/15.4KB ent=40/13.1KB med=21/9.6KB inv=5/4.0KB stats=3/0.6KB spwnReq=5/0.1KB +time=5,cam=4,evt=1,spdSet=2,tpong=2,cell=1,money=1
[21:28:34.872] [JOIN] INFO: [census] FREEZE hand=1,1671386752 name='Truth' d=57 (frozen=17)
[21:28:35.124] [JOIN] INFO: [census] FREEZE hand=1,1671386752 name='Truth' d=57 (frozen=17)
[21:28:35.238] [JOIN] INFO: [budget] pub avg=192us max=550us apply avg=149us max=408us frames=366 over2ms=0
[21:28:35.238] [JOIN] INFO: [q] peak evt=1 ent=8/4096 inv=2 cen=1 stealth=0 cam=1 (dropped ent=3753 earlier)
[21:28:35.294] [JOIN] INFO: [census] park hand=1,191040032 name='Sparks' d=121 local=-71619,1644,25315 host=-71566,1645,25424 (parks=134)
[21:28:35.329] [JOIN] INFO: [gate] hand=1,1632202112 host=36 local=1  agree=82191/95492 (86%)
[21:28:35.375] [JOIN] INFO: [census] FREEZE hand=1,1671386752 name='Truth' d=57 (frozen=18)
[21:28:35.397] [JOIN] INFO: [trust] grant hand=1,2602050816 streak=150
[21:28:35.554] [JOIN] INFO: [time] OFFSET off=0.0181gh slew=1.76 host=1040.49357 local=1040.47549
[21:28:35.633] [JOIN] INFO: [census] FREEZE hand=1,191040032 name='Sparks' d=2 (frozen=18)
[21:28:35.714] [JOIN] INFO: [life] hand=1,613,2211791872,1,1632202112 from=PARKED to=MID reason=drive
[21:28:35.724] [JOIN] INFO: [life] hand=1,613,2211791872,1,1632202112 from=MID to=PARKED reason=mid-rest
[21:28:35.799] [JOIN] INFO: [stats] RECV hand=1,1709716736 ok=1 str=42.3 dex=33.2 tough=45.2 stealth=60.9 athl=56.8 xp=0
[21:28:35.799] [JOIN] INFO: [stats] RECV hand=2,3640503040 ok=1 str=29.7 dex=18.6 tough=45.5 stealth=33.8 athl=43.4 xp=0
[21:28:35.799] [JOIN] INFO: [stats] RECV hand=3,3548706048 ok=1 str=3.8 dex=10.1 tough=24.4 stealth=30.9 athl=24.4 xp=0
[21:28:35.800] [JOIN] INFO: [inv] APPLY hand=1,1,2172729600,1,1709716736 items=13
[21:28:35.800] [JOIN] INFO: [inv] APPLY hand=1,1,2172729600,3,3548706048 items=11
[21:28:35.885] [JOIN] INFO: [census] FREEZE hand=1,1671386752 name='Truth' d=71 (frozen=18)
[21:28:36.138] [JOIN] INFO: [census] FREEZE hand=1,191040032 name='Sparks' d=4 (frozen=18)
[21:28:36.289] [JOIN] INFO: [trust] grant hand=1,2834350592 streak=150
[21:28:36.356] [JOIN] INFO: [trust] grant hand=1,1317382784 streak=150
[21:28:36.394] [JOIN] INFO: [census] FREEZE hand=1,191040032 name='Sparks' d=4 (frozen=18)
[21:28:36.461] [JOIN] INFO: [life] hand=1,525,2475219712,1,3671997184 from=PARKED to=HI reason=drive
[21:28:36.462] [JOIN] INFO: [pose] rest re-arm task 65535 -> 98
[21:28:36.462] [JOIN] INFO: [pose] applyOrder hand=1,3671997184 task=98 subj=152,2223632896,0 wire=152,2223632896 det=1 r=2 try=0
[21:28:36.507] [JOIN] INFO: [life] hand=1,233,504028320,1,2946655232 from=HI to=PARKED reason=mid-rest
[21:28:36.567] [JOIN] INFO: [time] OFFSET off=0.0123gh slew=1.54 host=1040.50278 local=1040.49047
[21:28:36.621] [JOIN] INFO: [life] hand=1,481,3322509824,1,656127936 from=HI to=PARKED reason=mid-rest
[21:28:36.654] [JOIN] INFO: [census] FREEZE hand=1,1671386752 name='Truth' d=84 (frozen=18)
[21:28:36.654] [JOIN] INFO: [census] park hand=1,2374145536 name='Egg' d=131 local=-71661,1645,25444 host=-71540,1645,25395 (parks=135)
[21:28:36.674] [JOIN] INFO: [trust] grant hand=1,2946655232 streak=150
[21:28:36.705] [JOIN] INFO: [inv] APPLY hand=0,2385,11111,172,1222778368 items=1
[21:28:36.705] [JOIN] INFO: [inv] APPLY hand=0,2385,11111,191,134765632 items=0
[21:28:36.786] [JOIN] INFO: [trust] grant hand=1,656127936 streak=150
[21:28:36.905] [JOIN] INFO: [census] FREEZE hand=1,1671386752 name='Truth' d=84 (frozen=19)
[21:28:37.119] [JOIN] INFO: [wi] scan rollup baselined=0 streamed=0 over 60s
[21:28:37.129] [JOIN] INFO: [door] rollup sent=0 (resend=0) recv=0 applied=0 nohand=0 converged=0 over=30s
[21:28:37.157] [JOIN] INFO: [census] FREEZE hand=1,1671386752 name='Truth' d=84 (frozen=19)
[21:28:37.203] [JOIN] INFO: [interp] lerp=17338 extrap=8529 clamp=7 seg=156 single=122488 snapSq=0 snapNpc=0 reissueSq=188 reissueNpc=55 restFlip=0 delay=397 jit=129.2 starve=5 snapMid=12 restFlipMid=0 haltDrv=0 haltCbt=0
[21:28:37.203] [JOIN] INFO: [life] pruned throttle stamps=1
[21:28:37.203] [JOIN] INFO: [cam] center=-71370.7,1647.0,25360.2
[21:28:37.258] [JOIN] INFO: [ai] suspended=5 driven=27 targets=33 rel=65 relWalk=1130u/91s snapCbt=0 snapVeto=0 frzAct=62090 frzHurt=0
[21:28:37.258] [JOIN] INFO: [trust] trusted=20 driven=13 grants=62 revokes=0 koRel=0 koExp=0
[21:28:37.300] [JOIN] INFO: [life] hand=1,613,2211791872,1,1632202112 from=PARKED to=MID reason=drive
[21:28:37.310] [JOIN] INFO: [life] hand=1,613,2211791872,1,1632202112 from=MID to=PARKED reason=mid-rest
[21:28:37.340] [JOIN] INFO: [gate] hand=1,1632202112 host=36 local=1  agree=85009/98494 (86%)
[21:28:37.406] [JOIN] INFO: [furn] RECV ENTER id=43 occ=1,1964477568 furn=153,1637329152 kind=1 ok=1
[21:28:37.406] [JOIN] INFO: [event] RECV id=43 ev=8 owner=0 hand=1,530,2735351552,1,1964477568 actor=153,1637329152
[21:28:37.408] [JOIN] INFO: [census] FREEZE hand=1,1671386752 name='Truth' d=84 (frozen=19)
[21:28:37.419] [JOIN] INFO: [deed] AUDIT hand=0.2385.11111.198.830322240 isPlayer=1 set=1 sale=0 shop=0 public=1 desig=0 resident=1/0 town=0/1 interior=0 internals=0 doors=0/0/0 furn=0/0/0 canUse=1 home=0/1/0 stuff=1 wallet=3081 squads=2/0/0 cur=0/0 base=-1/-1 owner='204-gamedata.base' name='Campfire'
[21:28:37.421] [JOIN] INFO: [auth] map n=95 host=95 join=0 veto=0 vetoTotal=0 gen=61 div=0 consult=588131 recv=129 stale=0 refuse=0
[21:28:37.421] [JOIN] INFO: [census] sent n=95 radius=2000 mid=0 anchors=2 a0=loaded:12 a1=loaded:83 enum=95 notmine=0 proxyrow=0 attnR=1000 resendSup=177 nearSup=797
[21:28:37.524] [JOIN] INFO: [spawn] INFO send hand=1,312,386474624,1,3778564352 found=1 dead=0 age=1.00 sid='1289-gamedata.base' fac='1214-gamedata.base'
[21:28:37.524] [JOIN] INFO: [spawn] INFO send hand=1,357,3856933632,1,2553832960 found=1 dead=0 age=1.00 sid='1227-gamedata.base' fac='1214-gamedata.base'
[21:28:37.524] [JOIN] INFO: [spawn] INFO send hand=1,358,2981689344,1,2694091776 found=1 dead=0 age=1.00 sid='1227-gamedata.base' fac='1214-gamedata.base'
[21:28:37.524] [JOIN] INFO: [spawn] INFO send hand=1,382,2239623936,1,1362182656 found=1 dead=0 age=1.00 sid='1227-gamedata.base' fac='1214-gamedata.base'
[21:28:37.524] [JOIN] INFO: [spawn] INFO send hand=1,421,837524416,1,1400268544 found=1 dead=0 age=1.00 sid='1292-gamedata.base' fac='1214-gamedata.base'
[21:28:37.661] [JOIN] INFO: [time] OFFSET off=0.0075gh slew=1.37 host=1040.51204 local=1040.50452
[21:28:37.662] [JOIN] INFO: [life] hand=1,489,3635986432,1,1112304640 from=PARKED to=HI reason=drive
[21:28:37.662] [JOIN] INFO: [census] FREEZE hand=1,1671386752 name='Truth' d=95 (frozen=17)
[21:28:37.662] [JOIN] INFO: [census] park hand=1,722534208 name='Silvershade' d=128 local=-71424,1632,25379 host=-71548,1645,25407 (parks=136)
[21:28:37.662] [JOIN] INFO: [cam] hint recv=-71446.1,1647.1,25421.4
[21:28:37.808] [JOIN] INFO: [audit] exist near=33 wide=93 drv=24 cen=66 hid=0 ghost=3 supp=0 census=95 fresh=1 parks=136 nearCap=0 wideCap=0 peerTrunc=0 staleMs=0 edges=0 ghostMax=290 ghostEdge=0 dorm=0 attnR=1000 dormPc=0 pcs=7 mine=0 skip=0 cells=1 truncHold=0 wdHold=0 noBody=0 lostItems=0
[21:28:37.876] [JOIN] INFO: [life] hand=1,613,2211791872,1,1632202112 from=PARKED to=MID reason=drive
[21:28:37.918] [JOIN] INFO: [census] FREEZE hand=1,1671386752 name='Truth' d=95 (frozen=17)
[21:28:38.077] [JOIN] INFO: [census] park hand=1,2952758784 name='Rogue Trader' d=120 local=-71396,1630,25432 host=-71511,1646,25402 (parks=137)
[21:28:38.089] [JOIN] INFO: [trust] grant hand=1,3671997184 streak=150
[21:28:38.180] [JOIN] INFO: [census] FREEZE hand=1,1671386752 name='Truth' d=95 (frozen=18)
[21:28:38.200] [JOIN] INFO: [life] hand=1,533,2564941312,1,1287963904 from=PARKED to=HI reason=drive
[21:28:38.200] [JOIN] INFO: [pose] rest re-arm task 65535 -> 98
[21:28:38.200] [JOIN] INFO: [pose] applyOrder hand=1,1287963904 task=98 subj=142,515624992,0 wire=142,515624992 det=1 r=2 try=0
[21:28:38.436] [JOIN] INFO: [census] FREEZE hand=1,1671386752 name='Truth' d=95 (frozen=18)
[21:28:38.584] [JOIN] INFO: [time] OFFSET off=0.0061gh slew=1.23 host=1040.52127 local=1040.51521
[21:28:38.586] [JOIN] INFO: [census] recv n=95 culls=0 trunc=0
[21:28:38.642] [JOIN] INFO: [life] hand=1,611,2146972672,1,1619628928 from=PARKED to=HI reason=drive
[21:28:38.642] [JOIN] INFO: [pose] rest re-arm task 65535 -> 87
[21:28:38.642] [JOIN] INFO: [pose] applyOrder hand=1,1619628928 task=87 subj=73,3275756800,0 wire=73,3275756800 det=1 r=2 try=0
[21:28:38.696] [JOIN] INFO: [census] FREEZE hand=1,1671386752 name='Truth' d=102 (frozen=18)
[21:28:38.950] [JOIN] INFO: [census] FREEZE hand=1,1671386752 name='Truth' d=102 (frozen=18)
[21:28:39.049] [JOIN] INFO: [snap] mid hand=1,1632202112 name='Mercenary' gap=24.1 gate=8.0 srcVel=1.3 cSpeed=0.0 mult=1.00 slew=1.18 dest=1 skipped=0
[21:28:39.206] [JOIN] INFO: [census] FREEZE hand=1,1671386752 name='Truth' d=102 (frozen=18)
[21:28:39.216] [JOIN] INFO: [cell] MAP cells=1 slots=2 16,37=0
[21:28:39.256] [JOIN] INFO: [life] hand=1,489,3635986432,1,1112304640 from=HI to=PARKED reason=mid-rest
[21:28:39.296] [JOIN] INFO: [trust] grant hand=1,1112304640 streak=150
[21:28:39.350] [JOIN] INFO: [gate] hand=1,1632202112 host=36 local=65535  agree=88334/102001 (86%)
[21:28:39.462] [JOIN] INFO: [census] FREEZE hand=1,1671386752 name='Truth' d=102 (frozen=18)
[21:28:39.568] [JOIN] INFO: [time] OFFSET off=0.0045gh slew=1.18 host=1040.53046 local=1040.52592
[21:28:39.613] [JOIN] INFO: [life] hand=1,390,1742065408,7,1111816448 from=PARKED to=HI reason=drive
[21:28:39.717] [JOIN] INFO: [census] FREEZE hand=1,1671386752 name='Truth' d=108 (frozen=18)
[21:28:39.808] [JOIN] INFO: [trust] grant hand=1,1287963904 streak=150
[21:28:39.908] [JOIN] INFO: [net] CLOCKSYNC offset=-7201561 rtt=82 n=42
[21:28:39.908] [JOIN] INFO: [net] [net] bandwidth out=10.8 KB/s in=9.0 KB/s (window 5s)
[21:28:39.908] [JOIN] INFO: [net] [net] mix out ent=79/25.5KB census=5/15.4KB inv=4/7.1KB med=6/2.7KB stats=4/0.8KB spwnInf=5/0.7KB +cam=5,deed=1,spdReq=2,cell=1
[21:28:39.908] [JOIN] INFO: [net] [net] mix in  census=5/15.4KB ent=39/13.0KB med=22/10.0KB inv=4/4.0KB research=11/0.6KB stats=3/0.6KB +spwnReq=5,time=5,cam=4,evt=1,tpong=3,cell=1,spdSet=1,money=1
[21:28:39.971] [JOIN] INFO: [census] FREEZE hand=1,1671386752 name='Truth' d=108 (frozen=18)
[21:28:40.203] [JOIN] INFO: [stage] lines=177/10s peak us: engine=156335/1559 frame-end=29245/10268 app:targets=235/65 app:authority=226/70 pub:owned=219/67
[21:28:40.228] [JOIN] INFO: [census] FREEZE hand=1,1671386752 name='Truth' d=108 (frozen=18)
[21:28:40.241] [JOIN] INFO: [budget] pub avg=171us max=489us apply avg=140us max=396us frames=457 over2ms=0
[21:28:40.241] [JOIN] INFO: [q] peak evt=1 ent=5/4096 inv=2 cen=1 stealth=0 cam=1 (dropped ent=3753 earlier)
[21:28:40.263] [JOIN] INFO: [trust] grant hand=1,1619628928 streak=150
[21:28:40.263] [JOIN] INFO: [ai] suspended=7 driven=33 targets=38 rel=67 relWalk=1168u/94s snapCbt=0 snapVeto=0 frzAct=66036 frzHurt=0
[21:28:40.263] [JOIN] INFO: [trust] trusted=24 driven=14 grants=66 revokes=0 koRel=0 koExp=0
[21:28:40.482] [JOIN] INFO: [census] FREEZE hand=1,1671386752 name='Truth' d=108 (frozen=18)
[21:28:40.616] [JOIN] INFO: [time] OFFSET off=0.0028gh slew=1.14 host=1040.53969 local=1040.53688
[21:28:40.617] [JOIN] INFO: [census] park hand=1,3806030336 name='Rogue Trader' d=133 local=-71457,1647,25363 host=-71574,1644,25425 (parks=138)
[21:28:40.737] [JOIN] INFO: [census] FREEZE hand=1,1671386752 name='Truth' d=114 (frozen=18)
[21:28:40.802] [JOIN] INFO: [stats] RECV hand=1,1709716736 ok=1 str=42.3 dex=33.2 tough=45.2 stealth=60.9 athl=56.8 xp=0
[21:28:40.802] [JOIN] INFO: [stats] RECV hand=2,3640503040 ok=1 str=29.7 dex=18.6 tough=45.5 stealth=33.8 athl=43.4 xp=0
[21:28:40.802] [JOIN] INFO: [stats] RECV hand=3,3548706048 ok=1 str=3.8 dex=10.1 tough=24.4 stealth=30.9 athl=24.4 xp=0
[21:28:40.803] [JOIN] INFO: [inv] APPLY hand=1,1,2172729600,1,1709716736 items=13
[21:28:40.803] [JOIN] INFO: [inv] APPLY hand=1,1,2172729600,3,3548706048 items=11
[21:28:40.989] [JOIN] INFO: [census] FREEZE hand=1,1671386752 name='Truth' d=114 (frozen=18)
[21:28:41.190] [JOIN] INFO: [life] hand=1,317,2729248000,1,3452758784 from=PARKED to=HI reason=drive
[21:28:41.247] [JOIN] INFO: [census] FREEZE hand=1,1671386752 name='Truth' d=114 (frozen=18)
[21:28:41.356] [JOIN] INFO: [gate] hand=1,1632202112 host=36 local=1  agree=92438/106334 (86%)
[21:28:41.507] [JOIN] INFO: [census] FREEZE hand=1,1671386752 name='Truth' d=114 (frozen=17)
[21:28:41.649] [JOIN] INFO: [time] OFFSET off=0.0017gh slew=1.08 host=1040.54887 local=1040.54716
[21:28:41.651] [JOIN] INFO: [census] park hand=1,1671386752 name='Truth' d=120 local=-71532,1645,25407 host=-71413,1630,25396 (parks=139)
[21:28:41.763] [JOIN] INFO: [census] FREEZE hand=1,1671386752 name='Truth' d=0 (frozen=17)
[21:28:42.016] [JOIN] INFO: [census] FREEZE hand=1,1975708032 name='Mercenary Heavy' d=0 (frozen=17)
[21:28:42.050] [JOIN] INFO: [snap] mid hand=1,1632202112 name='Mercenary' gap=35.0 gate=8.0 srcVel=0.0 cSpeed=0.0 mult=1.00 slew=1.00 dest=1 skipped=0
[21:28:42.204] [JOIN] INFO: [interp] lerp=19062 extrap=9242 clamp=7 seg=156 single=134553 snapSq=0 snapNpc=0 reissueSq=188 reissueNpc=59 restFlip=0 delay=472 jit=150.7 starve=8 snapMid=14 restFlipMid=0 haltDrv=0 haltCbt=0
[21:28:42.204] [JOIN] INFO: [life] pruned throttle stamps=1
[21:28:42.204] [JOIN] INFO: [cam] center=-71370.7,1647.0,25360.2
[21:28:42.273] [JOIN] INFO: [census] FREEZE hand=1,1975708032 name='Mercenary Heavy' d=0 (frozen=17)
[21:28:42.453] [JOIN] INFO: [deed] AUDIT hand=0.2385.11111.198.830322240 isPlayer=1 set=1 sale=0 shop=0 public=1 desig=0 resident=1/0 town=0/1 interior=0 internals=0 doors=0/0/0 furn=0/0/0 canUse=1 home=0/1/0 stuff=1 wallet=3081 squads=2/0/0 cur=0/0 base=-1/-1 owner='204-gamedata.base' name='Campfire'
[21:28:42.454] [JOIN] INFO: [auth] map n=95 host=95 join=0 veto=0 vetoTotal=0 gen=66 div=0 consult=630834 recv=129 stale=0 refuse=0
[21:28:42.532] [JOIN] INFO: [census] FREEZE hand=1,1975708032 name='Mercenary Heavy' d=0 (frozen=17)
[21:28:42.563] [JOIN] INFO: [inv] resent 83 unchanged snapshot(s) in 60s
[21:28:42.792] [JOIN] INFO: [census] FREEZE hand=1,1975708032 name='Mercenary Heavy' d=0 (frozen=17)
[21:28:42.845] [JOIN] INFO: [audit] exist near=32 wide=93 drv=26 cen=67 hid=0 ghost=0 supp=0 census=95 fresh=1 parks=141 nearCap=0 wideCap=0 peerTrunc=0 staleMs=0 edges=0 ghostMax=-1 ghostEdge=0 dorm=0 attnR=1000 dormPc=0 pcs=7 mine=0 skip=0 cells=1 truncHold=0 wdHold=0 noBody=0 lostItems=0
[21:28:42.925] [JOIN] INFO: [trust] grant hand=1,3452758784 streak=150
[21:28:43.043] [JOIN] INFO: [census] FREEZE hand=1,1975708032 name='Mercenary Heavy' d=0 (frozen=17)
[21:28:43.213] [JOIN] INFO: [census] park hand=1,853149440 name='Holy Pacifier' d=122 local=-71550,1645,25418 host=-71449,1643,25349 (parks=142)
[21:28:43.213] [JOIN] INFO: [cam] hint recv=-71446.1,1631.3,25421.4
[21:28:43.267] [JOIN] INFO: [ai] suspended=5 driven=28 targets=39 rel=67 relWalk=1168u/94s snapCbt=0 snapVeto=0 frzAct=69562 frzHurt=0
[21:28:43.267] [JOIN] INFO: [trust] trusted=25 driven=14 grants=67 revokes=0 koRel=0 koExp=0
[21:28:43.300] [JOIN] INFO: [census] FREEZE hand=1,1975708032 name='Mercenary Heavy' d=9 (frozen=17)
[21:28:43.358] [JOIN] INFO: [gate] hand=1,1632202112 host=36 local=1  agree=96427/110502 (87%)
[21:28:43.557] [JOIN] INFO: [census] FREEZE hand=1,1975708032 name='Mercenary Heavy' d=9 (frozen=17)
[21:28:43.590] [JOIN] INFO: [spawn] INFO send hand=1,312,386474624,1,3778564352 found=1 dead=0 age=1.00 sid='1289-gamedata.base' fac='1214-gamedata.base'
[21:28:43.590] [JOIN] INFO: [spawn] INFO send hand=1,357,3856933632,1,2553832960 found=1 dead=0 age=1.00 sid='1227-gamedata.base' fac='1214-gamedata.base'
[21:28:43.590] [JOIN] INFO: [spawn] INFO send hand=1,358,2981689344,1,2694091776 found=1 dead=0 age=1.00 sid='1227-gamedata.base' fac='1214-gamedata.base'
[21:28:43.590] [JOIN] INFO: [spawn] INFO send hand=1,382,2239623936,1,1362182656 found=1 dead=0 age=1.00 sid='1227-gamedata.base' fac='1214-gamedata.base'
[21:28:43.590] [JOIN] INFO: [spawn] INFO send hand=1,421,837524416,1,1400268544 found=1 dead=0 age=1.00 sid='1292-gamedata.base' fac='1214-gamedata.base'
[21:28:43.674] [JOIN] INFO: [census] park hand=1,1513671936 name='Those who protect' d=123 local=-71569,1644,25425 host=-71466,1647,25357 (parks=146)
[21:28:43.711] [JOIN] INFO: [life] hand=1,484,2812622080,1,2954833920 from=PARKED to=HI reason=drive
[21:28:43.711] [JOIN] INFO: [pose] rest re-arm task 65535 -> 87
[21:28:43.711] [JOIN] INFO: [pose] applyOrder hand=1,2954833920 task=87 subj=109,1494506880,0 wire=109,1494506880 det=1 r=2 try=0
[21:28:43.821] [JOIN] INFO: [census] FREEZE hand=1,1975708032 name='Mercenary Heavy' d=14 (frozen=16)
[21:28:44.045] [JOIN] INFO: [snap] cover hand=1,1632202112 name='Mercenary' gap=25.4 gate=8.0 srcVel=0.0 cSpeed=0.0 mult=1.00 slew=1.00 dest=1 skipped=0
[21:28:44.079] [JOIN] INFO: [census] FREEZE hand=1,1975708032 name='Mercenary Heavy' d=14 (frozen=16)
[21:28:44.220] [JOIN] INFO: [cell] MAP cells=1 slots=2 16,37=0
[21:28:44.338] [JOIN] INFO: [census] FREEZE hand=1,1975708032 name='Mercenary Heavy' d=14 (frozen=16)
[21:28:44.494] [JOIN] INFO: [life] hand=1,613,2211791872,1,1632202112 from=MID to=PARKED reason=mid-rest
[21:28:44.596] [JOIN] INFO: [census] FREEZE hand=1,1975708032 name='Mercenary Heavy' d=14 (frozen=16)
[21:28:44.730] [JOIN] INFO: [census] park hand=1,2663207936 name='Planito' d=129 local=-71568,1644,25439 host=-71468,1647,25356 (parks=147)
[21:28:44.849] [JOIN] INFO: [census] FREEZE hand=1,1975708032 name='Mercenary Heavy' d=25 (frozen=16)
[21:28:44.940] [JOIN] INFO: [net] CLOCKSYNC offset=-7201561 rtt=82 n=44
[21:28:44.940] [JOIN] INFO: [net] [net] bandwidth out=11.1 KB/s in=8.6 KB/s (window 5s)
[21:28:44.940] [JOIN] INFO: [net] [net] mix out ent=80/25.8KB census=5/15.4KB inv=4/7.1KB med=6/2.7KB stats=4/0.8KB spwnInf=5/0.7KB +cam=5,cell=1,spdReq=1
[21:28:44.940] [JOIN] INFO: [net] [net] mix in  census=5/15.4KB ent=33/10.9KB med=23/10.5KB inv=2/3.8KB stats=3/0.6KB spwnReq=5/0.1KB +time=5,cam=5,deed=1,spdSet=2,tpong=2,cell=1,money=1
[21:28:45.099] [JOIN] INFO: [census] FREEZE hand=1,1975708032 name='Mercenary Heavy' d=25 (frozen=16)
[21:28:45.244] [JOIN] INFO: [budget] pub avg=167us max=502us apply avg=138us max=452us frames=451 over2ms=0
[21:28:45.244] [JOIN] INFO: [q] peak evt=0 ent=5/4096 inv=2 cen=1 stealth=0 cam=1 (dropped ent=3753 earlier)
[21:28:45.339] [JOIN] INFO: [trust] grant hand=1,2954833920 streak=150
[21:28:45.349] [JOIN] INFO: [census] FREEZE hand=1,1975708032 name='Mercenary Heavy' d=24 (frozen=16)
[21:28:45.360] [JOIN] INFO: [gate] hand=1,1632202112 host=36 local=1  agree=99945/114202 (87%)
[21:28:45.600] [JOIN] INFO: [census] FREEZE hand=1,1975708032 name='Mercenary Heavy' d=24 (frozen=16)
[21:28:45.852] [JOIN] INFO: [census] FREEZE hand=1,1975708032 name='Mercenary Heavy' d=36 (frozen=16)
[21:28:45.966] [JOIN] INFO: [stats] RECV hand=1,1709716736 ok=1 str=42.3 dex=33.2 tough=45.2 stealth=60.9 athl=56.8 xp=0
[21:28:45.966] [JOIN] INFO: [stats] RECV hand=2,3640503040 ok=1 str=29.7 dex=18.6 tough=45.5 stealth=33.8 athl=43.4 xp=0
[21:28:45.966] [JOIN] INFO: [stats] RECV hand=3,3548706048 ok=1 str=3.8 dex=10.1 tough=24.4 stealth=30.9 athl=24.4 xp=0
[21:28:45.967] [JOIN] INFO: [inv] APPLY hand=1,1,2172729600,1,1709716736 items=13
[21:28:45.967] [JOIN] INFO: [inv] APPLY hand=1,1,2172729600,3,3548706048 items=11
[21:28:46.110] [JOIN] INFO: [census] FREEZE hand=1,1975708032 name='Mercenary Heavy' d=35 (frozen=16)
[21:28:46.270] [JOIN] INFO: [ai] suspended=5 driven=24 targets=40 rel=68 relWalk=1168u/94s snapCbt=0 snapVeto=0 frzAct=73327 frzHurt=0
[21:28:46.270] [JOIN] INFO: [trust] trusted=26 driven=14 grants=68 revokes=0 koRel=0 koExp=0
[21:28:46.362] [JOIN] INFO: [census] FREEZE hand=1,1975708032 name='Mercenary Heavy' d=34 (frozen=16)
[21:28:46.615] [JOIN] INFO: [census] FREEZE hand=1,1975708032 name='Mercenary Heavy' d=34 (frozen=15)
[21:28:46.872] [JOIN] INFO: [census] FREEZE hand=1,1975708032 name='Mercenary Heavy' d=50 (frozen=15)
[21:28:47.127] [JOIN] INFO: [census] FREEZE hand=1,1975708032 name='Mercenary Heavy' d=50 (frozen=15)
[21:28:47.214] [JOIN] INFO: [interp] lerp=20263 extrap=9394 clamp=7 seg=156 single=145710 snapSq=0 snapNpc=0 reissueSq=188 reissueNpc=60 restFlip=0 delay=472 jit=150.7 starve=13 snapMid=15 restFlipMid=1 haltDrv=0 haltCbt=0
[21:28:47.214] [JOIN] INFO: [cam] center=-71370.7,1647.0,25360.2
[21:28:47.366] [JOIN] INFO: [gate] hand=1,1632202112 host=36 local=1  agree=102859/117205 (87%)
[21:28:47.377] [JOIN] INFO: [census] FREEZE hand=1,1975708032 name='Mercenary Heavy' d=50 (frozen=15)
[21:28:47.483] [JOIN] INFO: [deed] AUDIT hand=0.2385.11111.198.830322240 isPlayer=1 set=1 sale=0 shop=0 public=1 desig=0 resident=1/0 town=0/1 interior=0 internals=0 doors=0/0/0 furn=0/0/0 canUse=1 home=0/1/0 stuff=1 wallet=3081 squads=2/0/0 cur=0/0 base=-1/-1 owner='204-gamedata.base' name='Campfire'
[21:28:47.484] [JOIN] INFO: [auth] map n=95 host=84 join=11 veto=0 vetoTotal=0 gen=71 div=0 consult=674305 recv=129 stale=0 refuse=0
[21:28:47.484] [JOIN] INFO: [census] sent n=95 radius=2000 mid=4 anchors=2 a0=loaded:13 a1=loaded:82 enum=95 notmine=0 proxyrow=0 attnR=1000 resendSup=177 nearSup=797
[21:28:47.621] [JOIN] INFO: [time] OFFSET off=0.0021gh slew=1.00 host=1040.60409 local=1040.60202
[21:28:47.622] [JOIN] INFO: [census] park hand=1,2374145536 name='Egg' d=125 local=-71540,1645,25395 host=-71416,1630,25393 (parks=148)
[21:28:47.634] [JOIN] INFO: [census] FREEZE hand=1,853149440 name='Holy Pacifier' d=72 (frozen=16)
[21:28:47.678] [JOIN] INFO: [life] hand=1,390,1742065408,7,1111816448 from=HI to=PARKED reason=mid-rest
[21:28:47.884] [JOIN] INFO: [census] FREEZE hand=1,853149440 name='Holy Pacifier' d=73 (frozen=16)
[21:28:47.884] [JOIN] INFO: [audit] exist near=35 wide=93 drv=25 cen=64 hid=0 ghost=4 supp=0 census=95 fresh=1 parks=149 nearCap=0 wideCap=0 peerTrunc=0 staleMs=0 edges=0 ghostMax=317 ghostEdge=0 dorm=0 attnR=1000 dormPc=0 pcs=7 mine=0 skip=11 cells=1 truncHold=0 wdHold=0 noBody=0 lostItems=0
[21:28:48.027] [JOIN] INFO: [life] hand=1,613,2211791872,1,1632202112 from=PARKED to=MID reason=drive
[21:28:48.038] [JOIN] INFO: [life] hand=1,613,2211791872,1,1632202112 from=MID to=PARKED reason=mid-rest
[21:28:48.134] [JOIN] INFO: [census] FREEZE hand=1,853149440 name='Holy Pacifier' d=70 (frozen=16)
[21:28:48.385] [JOIN] INFO: [census] FREEZE hand=1,853149440 name='Holy Pacifier' d=69 (frozen=16)
[21:28:48.532] [JOIN] INFO: [cell] yield hand=1,1695800832 owner=1 - the peer's stream holds this body; not authoring it while they drive it
[21:28:48.643] [JOIN] INFO: [census] FREEZE hand=1,853149440 name='Holy Pacifier' d=67 (frozen=16)
[21:28:48.673] [JOIN] INFO: [census] recv n=95 culls=0 trunc=0
[21:28:48.673] [JOIN] INFO: [cam] hint recv=-71446.1,1631.3,25421.4
[21:28:48.765] [JOIN] INFO: [spawn] INFO send hand=1,421,837524416,1,1400268544 found=1 dead=0 age=1.00 sid='1292-gamedata.base' fac='1214-gamedata.base'
[21:28:48.766] [JOIN] INFO: [life] hand=1,529,3288574208,1,2586425856 from=PARKED to=HI reason=drive
[21:28:48.859] [JOIN] INFO: [cell] yield hand=1,2586425856 owner=1 - the peer's stream holds this body; not authoring it while they drive it
[21:28:48.892] [JOIN] INFO: [census] FREEZE hand=1,853149440 name='Holy Pacifier' d=81 (frozen=16)
[21:28:48.914] [JOIN] INFO: [event] SEND id=4 ev=2 hand=1,499,2535766528,1,1695800832 actor=0,0 bs 0->7
[21:28:48.914] [JOIN] INFO: [med] SEND hand=1,1695800832 npc=1 blood=100.7 bleed=0.00 fl=-375.0,53.9,-375.0,-344.6 bd=0.0,0.0,0.0,0.0 flags=7 nparts=7 pmin=53.9 smin=0.0 ls=0,0,0,0
[21:28:48.971] [JOIN] INFO: [event] SEND id=5 ev=1 hand=1,583,1423461888,1,3070922752 actor=0,0 bs 0->2051
[21:28:48.971] [JOIN] INFO: [med] SEND hand=1,3070922752 npc=1 blood=107.6 bleed=0.00 fl=125.0,125.0,125.0,12.0 bd=0.0,0.0,0.0,0.0 flags=1 nparts=7 pmin=12.0 smin=0.0 ls=0,0,0,0
[21:28:49.047] [JOIN] INFO: [spawn] INFO send hand=1,382,2239623936,1,1362182656 found=1 dead=0 age=1.00 sid='1227-gamedata.base' fac='1214-gamedata.base'
[21:28:49.144] [JOIN] INFO: [census] FREEZE hand=1,853149440 name='Holy Pacifier' d=81 (frozen=16)
[21:28:49.166] [JOIN] INFO: [life] hand=1,544,1186523392,1,2545043968 from=PARKED to=HI reason=drive
[21:28:49.185] [JOIN] INFO: [life] hand=1,390,1742065408,7,1111816448 from=PARKED to=MID reason=drive
[21:28:49.196] [JOIN] INFO: [life] hand=1,390,1742065408,7,1111816448 from=MID to=PARKED reason=mid-rest
[21:28:49.229] [JOIN] INFO: [cell] MAP cells=1 slots=2 16,37=0
[21:28:49.271] [JOIN] INFO: [ai] suspended=7 driven=30 targets=42 rel=71 relWalk=1187u/99s snapCbt=0 snapVeto=0 frzAct=75984 frzHurt=0
[21:28:49.271] [JOIN] INFO: [trust] trusted=26 driven=16 grants=68 revokes=0 koRel=0 koExp=0
[21:28:49.291] [JOIN] INFO: [event] SEND id=6 ev=1 hand=1,443,3458862336,1,3537841920 actor=0,0 bs 0->2051
[21:28:49.291] [JOIN] INFO: [med] SEND hand=1,3537841920 npc=1 blood=121.4 bleed=0.00 fl=125.0,125.0,125.0,125.0 bd=0.0,0.0,0.0,0.0 flags=1 nparts=7 pmin=61.7 smin=0.0 ls=0,0,0,0
[21:28:49.371] [JOIN] INFO: [gate] hand=7,1111816448 host=51 local=65535  agree=106329/120898 (87%)
[21:28:49.395] [JOIN] INFO: [census] FREEZE hand=1,853149440 name='Holy Pacifier' d=81 (frozen=16)
[21:28:49.546] [JOIN] INFO: [life] hand=1,613,2211791872,1,1632202112 from=PARKED to=MID reason=drive
[21:28:49.555] [JOIN] INFO: [spawn] INFO send hand=1,312,386474624,1,3778564352 found=1 dead=0 age=1.00 sid='1289-gamedata.base' fac='1214-gamedata.base'
[21:28:49.555] [JOIN] INFO: [spawn] INFO send hand=1,357,3856933632,1,2553832960 found=1 dead=0 age=1.00 sid='1227-gamedata.base' fac='1214-gamedata.base'
[21:28:49.555] [JOIN] INFO: [spawn] INFO send hand=1,358,2981689344,1,2694091776 found=1 dead=0 age=1.00 sid='1227-gamedata.base' fac='1214-gamedata.base'
[21:28:49.556] [JOIN] INFO: [life] hand=1,613,2211791872,1,1632202112 from=MID to=PARKED reason=mid-rest
[21:28:49.654] [JOIN] INFO: [census] FREEZE hand=1,853149440 name='Holy Pacifier' d=95 (frozen=16)
[21:28:49.665] [JOIN] INFO: [life] hand=1,301,292480480,1,51635744 from=PARKED to=HI reason=drive
[21:28:49.688] [JOIN] INFO: [cell] yield hand=1,51635744 owner=1 - the peer's stream holds this body; not authoring it while they drive it
[21:28:49.739] [JOIN] INFO: [life] hand=1,613,2211791872,1,1632202112 from=PARKED to=MID reason=drive
[21:28:49.792] [JOIN] INFO: [cell] yield hand=1,1632202112 owner=1 - the peer's stream holds this body; not authoring it while they drive it
[21:28:49.912] [JOIN] INFO: [census] FREEZE hand=1,853149440 name='Holy Pacifier' d=95 (frozen=16)
[21:28:50.030] [JOIN] INFO: [net] CLOCKSYNC offset=-7201561 rtt=82 n=47
[21:28:50.030] [JOIN] INFO: [net] [net] bandwidth out=12.5 KB/s in=8.9 KB/s (window 5s)
[21:28:50.030] [JOIN] INFO: [net] [net] mix out ent=80/27.9KB census=5/15.4KB inv=4/7.1KB med=11/5.0KB assign=47/1.8KB stats=4/0.8KB +spwnInf=5,evt=3,cam=5,spdReq=2,cell=1
[21:28:50.030] [JOIN] INFO: [net] [net] mix in  census=5/15.4KB ent=41/13.4KB med=21/9.6KB inv=2/3.8KB stats=3/0.6KB spwnReq=5/0.1KB +time=5,cam=5,tpong=3,spdSet=2,cell=1,money=1
[21:28:50.169] [JOIN] INFO: [census] FREEZE hand=1,853149440 name='Holy Pacifier' d=94 (frozen=16)
[21:28:50.207] [JOIN] INFO: [stage] lines=144/10s peak us: frame-end=16061/9501 engine=4137/1221 app:targets=253/67 pub:owned=228/60 app:authority=181/61
[21:28:50.250] [JOIN] INFO: [budget] pub avg=165us max=415us apply avg=135us max=298us frames=457 over2ms=0
[21:28:50.250] [JOIN] INFO: [q] peak evt=0 ent=6/4096 inv=2 cen=1 stealth=0 cam=1 (dropped ent=3753 earlier)
[21:28:50.359] [JOIN] INFO: [med] SEND hand=1,3537841920 npc=1 blood=121.4 bleed=0.00 fl=125.0,125.0,125.0,125.0 bd=0.0,0.0,0.0,0.0 flags=1 nparts=7 pmin=61.7 smin=0.0 ls=0,0,0,0
[21:28:50.391] [JOIN] INFO: [trust] grant hand=1,2586425856 streak=150
[21:28:50.425] [JOIN] INFO: [census] FREEZE hand=1,853149440 name='Holy Pacifier' d=93 (frozen=16)
[21:28:50.680] [JOIN] INFO: [census] FREEZE hand=1,853149440 name='Holy Pacifier' d=108 (frozen=16)
[21:28:50.786] [JOIN] INFO: [stats] RECV hand=1,1709716736 ok=1 str=42.3 dex=33.2 tough=45.2 stealth=60.9 athl=56.8 xp=0
[21:28:50.787] [JOIN] INFO: [stats] RECV hand=2,3640503040 ok=1 str=29.7 dex=18.6 tough=45.5 stealth=33.8 athl=43.4 xp=0
[21:28:50.787] [JOIN] INFO: [stats] RECV hand=3,3548706048 ok=1 str=3.8 dex=10.1 tough=24.4 stealth=30.9 athl=24.4 xp=0
[21:28:50.788] [JOIN] INFO: [trust] grant hand=1,2545043968 streak=150
[21:28:50.788] [JOIN] INFO: [inv] APPLY hand=1,1,2172729600,1,1709716736 items=13
[21:28:50.788] [JOIN] INFO: [inv] APPLY hand=1,1,2172729600,3,3548706048 items=11
[21:28:50.930] [JOIN] INFO: [census] FREEZE hand=1,853149440 name='Holy Pacifier' d=108 (frozen=16)
[21:28:51.165] [JOIN] INFO: [life] hand=1,390,1742065408,7,1111816448 from=PARKED to=MID reason=drive
[21:28:51.177] [JOIN] INFO: [life] hand=1,390,1742065408,7,1111816448 from=MID to=PARKED reason=mid-rest
[21:28:51.189] [JOIN] INFO: [census] FREEZE hand=1,853149440 name='Holy Pacifier' d=108 (frozen=16)
[21:28:51.284] [JOIN] INFO: [trust] grant hand=1,51635744 streak=150
[21:28:51.360] [JOIN] INFO: [med] SEND hand=1,3537841920 npc=1 blood=121.4 bleed=0.00 fl=125.0,125.0,125.0,125.0 bd=0.0,0.0,0.0,0.0 flags=1 nparts=7 pmin=61.7 smin=0.0 ls=0,0,0,0
[21:28:51.382] [JOIN] INFO: [gate] hand=7,1111816448 host=51 local=1  agree=110784/125631 (88%)
[21:28:51.448] [JOIN] INFO: [census] FREEZE hand=1,853149440 name='Holy Pacifier' d=108 (frozen=16)
[21:28:51.499] [JOIN] INFO: [life] hand=1,404,362304672,1,207763664 from=PARKED to=HI reason=drive
[21:28:51.677] [JOIN] INFO: [census] park hand=1,853149440 name='Holy Pacifier' d=122 local=-71428,1636,25346 host=-71388,1644,25461 (parks=150)
[21:28:51.707] [JOIN] INFO: [census] FREEZE hand=1,853149440 name='Holy Pacifier' d=0 (frozen=16)
[21:28:51.960] [JOIN] INFO: [census] FREEZE hand=1,3046630912 name='Hungry bandit' d=100 (frozen=16)
[21:28:52.211] [JOIN] INFO: [census] FREEZE hand=1,3046630912 name='Hungry bandit' d=100 (frozen=16)
[21:28:52.222] [JOIN] INFO: [interp] lerp=22282 extrap=9423 clamp=7 seg=156 single=158336 snapSq=0 snapNpc=0 reissueSq=188 reissueNpc=66 restFlip=0 delay=617 jit=166.5 starve=5 snapMid=15 restFlipMid=1 haltDrv=0 haltCbt=0
[21:28:52.222] [JOIN] INFO: [life] pruned throttle stamps=2
[21:28:52.222] [JOIN] INFO: [cam] center=-71370.7,1647.0,25360.2
[21:28:52.280] [JOIN] INFO: [ai] suspended=7 driven=35 targets=44 rel=73 relWalk=1226u/102s snapCbt=0 snapVeto=0 frzAct=77403 frzHurt=0
[21:28:52.280] [JOIN] INFO: [trust] trusted=29 driven=15 grants=71 revokes=0 koRel=0 koExp=0
[21:28:52.410] [JOIN] INFO: [med] SEND hand=1,3537841920 npc=1 blood=121.4 bleed=0.00 fl=125.0,125.0,125.0,125.0 bd=0.0,0.0,0.0,0.0 flags=1 nparts=7 pmin=61.7 smin=0.0 ls=0,0,0,0
[21:28:52.461] [JOIN] INFO: [census] FREEZE hand=1,3046630912 name='Hungry bandit' d=100 (frozen=16)
[21:28:52.501] [JOIN] INFO: [deed] AUDIT hand=0.2385.11111.198.830322240 isPlayer=1 set=1 sale=0 shop=0 public=1 desig=0 resident=1/0 town=0/1 interior=0 internals=0 doors=0/0/0 furn=0/0/0 canUse=1 home=0/1/0 stuff=1 wallet=3081 squads=2/0/0 cur=0/0 base=-1/-1 owner='204-gamedata.base' name='Campfire'
[21:28:52.502] [JOIN] INFO: [auth] map n=95 host=48 join=47 veto=0 vetoTotal=0 gen=76 div=0 consult=718004 recv=129 stale=0 refuse=0
[21:28:52.638] [JOIN] INFO: [time] OFFSET off=0.0021gh slew=1.00 host=1040.65011 local=1040.64799
[21:28:52.639] [JOIN] INFO: [census] park hand=1,3596435456 name='Lulina' d=127 local=-71435,1635,25350 host=-71388,1649,25467 (parks=151)
[21:28:52.682] [JOIN] INFO: [life] hand=1,390,1742065408,7,1111816448 from=PARKED to=MID reason=drive
[21:28:52.693] [JOIN] INFO: [life] hand=1,390,1742065408,7,1111816448 from=MID to=PARKED reason=mid-rest
[21:28:52.717] [JOIN] INFO: [census] FREEZE hand=1,3046630912 name='Hungry bandit' d=114 (frozen=16)
[21:28:52.954] [JOIN] INFO: [audit] exist near=35 wide=93 drv=34 cen=59 hid=0 ghost=0 supp=0 census=95 fresh=1 parks=151 nearCap=0 wideCap=0 peerTrunc=0 staleMs=0 edges=0 ghostMax=-1 ghostEdge=0 dorm=0 attnR=1000 dormPc=0 pcs=7 mine=0 skip=47 cells=1 truncHold=0 wdHold=0 noBody=0 lostItems=0
[21:28:52.967] [JOIN] INFO: [census] FREEZE hand=1,3046630912 name='Hungry bandit' d=114 (frozen=16)
[21:28:52.989] [JOIN] INFO: [med] SEND hand=1,3070922752 npc=1 blood=107.6 bleed=0.00 fl=125.0,125.0,125.0,11.8 bd=0.0,0.0,0.0,0.0 flags=1 nparts=7 pmin=11.8 smin=0.0 ls=0,0,0,0
[21:28:53.058] [JOIN] INFO: [cell] yield hand=1,3070922752 owner=1 - the peer's stream holds this body; not authoring it while they drive it
[21:28:53.222] [JOIN] INFO: [census] FREEZE hand=1,3046630912 name='Hungry bandit' d=114 (frozen=16)
[21:28:53.389] [JOIN] INFO: [gate] hand=1,207763664 host=51 local=1  agree=115190/130534 (88%)
[21:28:53.410] [JOIN] INFO: [med] SEND hand=1,3537841920 npc=1 blood=121.4 bleed=0.00 fl=125.0,125.0,125.0,125.0 bd=0.0,0.0,0.0,0.0 flags=1 nparts=7 pmin=61.7 smin=0.0 ls=0,0,0,0
[21:28:53.478] [JOIN] INFO: [census] FREEZE hand=1,3046630912 name='Hungry bandit' d=114 (frozen=16)
[21:28:53.731] [JOIN] INFO: [census] FREEZE hand=1,3046630912 name='Hungry bandit' d=114 (frozen=16)
[21:28:53.806] [JOIN] INFO: [census] park hand=1,3046630912 name='Hungry bandit' d=122 local=-71474,1647,25373 host=-71387,1642,25458 (parks=152)
[21:28:53.806] [JOIN] INFO: [cam] hint recv=-71446.1,1631.3,25421.4
[21:28:53.987] [JOIN] INFO: [census] FREEZE hand=1,3046630912 name='Hungry bandit' d=0 (frozen=16)
[21:28:54.117] [JOIN] INFO: [spawn] INFO send hand=1,421,837524416,1,1400268544 found=1 dead=0 age=1.00 sid='1292-gamedata.base' fac='1214-gamedata.base'
[21:28:54.200] [JOIN] INFO: [life] hand=1,390,1742065408,7,1111816448 from=PARKED to=MID reason=drive
[21:28:54.211] [JOIN] INFO: [life] hand=1,390,1742065408,7,1111816448 from=MID to=PARKED reason=mid-rest
[21:28:54.232] [JOIN] INFO: [cell] MAP cells=1 slots=2 16,37=0
[21:28:54.241] [JOIN] INFO: [spawn] INFO send hand=1,382,2239623936,1,1362182656 found=1 dead=0 age=1.00 sid='1227-gamedata.base' fac='1214-gamedata.base'
[21:28:54.242] [JOIN] INFO: [census] FREEZE hand=1,722534208 name='Silvershade' d=42 (frozen=16)
[21:28:54.493] [JOIN] INFO: [census] FREEZE hand=1,722534208 name='Silvershade' d=42 (frozen=16)
[21:28:54.563] [JOIN] INFO: [med] SEND hand=1,3537841920 npc=1 blood=121.4 bleed=0.00 fl=125.0,125.0,125.0,125.0 bd=0.0,0.0,0.0,0.0 flags=1 nparts=7 pmin=61.7 smin=0.0 ls=0,0,0,0
[21:28:54.617] [JOIN] INFO: [census] park hand=1,3246582016 name='Mercenary' d=128 local=-71456,1647,25358 host=-71566,1645,25423 (parks=153)
[21:28:54.737] [JOIN] INFO: [spawn] INFO send hand=1,312,386474624,1,3778564352 found=1 dead=0 age=1.00 sid='1289-gamedata.base' fac='1214-gamedata.base'
[21:28:54.750] [JOIN] INFO: [census] FREEZE hand=1,722534208 name='Silvershade' d=43 (frozen=17)
[21:28:55.008] [JOIN] INFO: [census] FREEZE hand=1,722534208 name='Silvershade' d=43 (frozen=17)
[21:28:55.032] [JOIN] INFO: [net] CLOCKSYNC offset=-7201561 rtt=82 n=49
[21:28:55.033] [JOIN] INFO: [net] [net] bandwidth out=12.8 KB/s in=8.9 KB/s (window 5s)
[21:28:55.033] [JOIN] INFO: [net] [net] mix out ent=79/31.2KB census=5/15.4KB inv=4/7.1KB med=15/6.8KB stats=4/0.8KB spwnInf=3/0.4KB +cam=5,deed=1,spdReq=2,cell=1
[21:28:55.033] [JOIN] INFO: [net] [net] mix in  census=5/15.4KB ent=35/11.9KB med=23/10.5KB inv=2/3.8KB research=11/0.6KB stats=3/0.6KB +time=5,cam=5,spwnReq=3,tpong=2,cell=1,spdSet=1,money=1
[21:28:55.261] [JOIN] INFO: [census] FREEZE hand=1,722534208 name='Silvershade' d=43 (frozen=17)
[21:28:55.261] [JOIN] INFO: [budget] pub avg=173us max=347us apply avg=133us max=417us frames=453 over2ms=0
[21:28:55.261] [JOIN] INFO: [q] peak evt=0 ent=5/4096 inv=2 cen=1 stealth=0 cam=1 (dropped ent=3753 earlier)
[21:28:55.282] [JOIN] INFO: [ai] suspended=6 driven=32 targets=44 rel=75 relWalk=1229u/105s snapCbt=0 snapVeto=0 frzAct=78773 frzHurt=0
[21:28:55.282] [JOIN] INFO: [trust] trusted=29 driven=15 grants=71 revokes=0 koRel=0 koExp=0
[21:28:55.394] [JOIN] INFO: [gate] hand=7,1111816448 host=51 local=1  agree=119139/134692 (88%)
[21:28:55.516] [JOIN] INFO: [census] FREEZE hand=1,722534208 name='Silvershade' d=43 (frozen=17)
[21:28:55.568] [JOIN] INFO: [med] SEND hand=1,3537841920 npc=1 blood=121.4 bleed=0.00 fl=125.0,125.0,125.0,125.0 bd=0.0,0.0,0.0,0.0 flags=1 nparts=7 pmin=61.7 smin=0.0 ls=0,0,0,0
[21:28:55.599] [JOIN] INFO: [spawn] INFO send hand=1,357,3856933632,1,2553832960 found=1 dead=0 age=1.00 sid='1227-gamedata.base' fac='1214-gamedata.base'
[21:28:55.599] [JOIN] INFO: [spawn] INFO send hand=1,358,2981689344,1,2694091776 found=1 dead=0 age=1.00 sid='1227-gamedata.base' fac='1214-gamedata.base'
[21:28:55.774] [JOIN] INFO: [census] FREEZE hand=1,722534208 name='Silvershade' d=45 (frozen=17)
[21:28:55.834] [JOIN] INFO: [inv] APPLY hand=1,1,2172729600,1,1709716736 items=13
[21:28:55.843] [JOIN] INFO: [stats] RECV hand=1,1709716736 ok=1 str=42.3 dex=33.2 tough=45.2 stealth=60.9 athl=56.8 xp=0
[21:28:55.843] [JOIN] INFO: [stats] RECV hand=2,3640503040 ok=1 str=29.7 dex=18.6 tough=45.5 stealth=33.8 athl=43.4 xp=0
[21:28:55.843] [JOIN] INFO: [stats] RECV hand=3,3548706048 ok=1 str=3.8 dex=10.1 tough=24.4 stealth=30.9 athl=24.4 xp=0
[21:28:55.844] [JOIN] INFO: [inv] APPLY hand=1,1,2172729600,3,3548706048 items=11
[21:28:56.028] [JOIN] INFO: [census] FREEZE hand=1,722534208 name='Silvershade' d=45 (frozen=17)
[21:28:56.100] [JOIN] INFO: [life] hand=1,404,362304672,1,207763664 from=HI to=PARKED reason=mid-rest
[21:28:56.278] [JOIN] INFO: [census] FREEZE hand=1,722534208 name='Silvershade' d=45 (frozen=17)
[21:28:56.532] [JOIN] INFO: [census] FREEZE hand=1,722534208 name='Silvershade' d=45 (frozen=17)
[21:28:56.576] [JOIN] INFO: [med] SEND hand=1,3537841920 npc=1 blood=121.4 bleed=0.00 fl=125.0,125.0,125.0,125.0 bd=0.0,0.0,0.0,0.0 flags=1 nparts=7 pmin=61.8 smin=0.0 ls=0,0,0,0
[21:28:56.783] [JOIN] INFO: [census] FREEZE hand=1,722534208 name='Silvershade' d=46 (frozen=17)
[21:28:56.999] [JOIN] INFO: [med] SEND hand=1,3070922752 npc=1 blood=107.6 bleed=0.00 fl=125.0,125.0,125.0,11.7 bd=0.0,0.0,0.0,0.0 flags=1 nparts=7 pmin=11.7 smin=0.0 ls=0,0,0,0
[21:28:57.042] [JOIN] INFO: [census] FREEZE hand=1,722534208 name='Silvershade' d=46 (frozen=17)
[21:28:57.215] [JOIN] INFO: [life] hand=1,390,1742065408,7,1111816448 from=PARKED to=MID reason=drive
[21:28:57.226] [JOIN] INFO: [life] hand=1,390,1742065408,7,1111816448 from=MID to=PARKED reason=mid-rest
[21:28:57.226] [JOIN] INFO: [interp] lerp=24101 extrap=9643 clamp=7 seg=156 single=171536 snapSq=0 snapNpc=0 reissueSq=188 reissueNpc=70 restFlip=0 delay=735 jit=159.1 starve=7 snapMid=15 restFlipMid=1 haltDrv=0 haltCbt=0
[21:28:57.226] [JOIN] INFO: [life] pruned throttle stamps=1
[21:28:57.226] [JOIN] INFO: [cam] center=-71370.7,1647.0,25360.2
[21:28:57.296] [JOIN] INFO: [census] FREEZE hand=1,722534208 name='Silvershade' d=46 (frozen=17)
[21:28:57.393] [JOIN] INFO: [cell] yield hand=1,3537841920 owner=1 - the peer's stream holds this body; not authoring it while they drive it
[21:28:57.403] [JOIN] INFO: [gate] hand=7,1111816448 host=51 local=1  agree=123290/139295 (88%)
[21:28:57.537] [JOIN] INFO: [deed] AUDIT hand=0.2385.11111.198.830322240 isPlayer=1 set=1 sale=0 shop=0 public=1 desig=0 resident=1/0 town=0/1 interior=0 internals=0 doors=0/0/0 furn=0/0/0 canUse=1 home=0/1/0 stuff=1 wallet=3081 squads=2/0/0 cur=0/0 base=-1/-1 owner='204-gamedata.base' name='Campfire'
[21:28:57.539] [JOIN] INFO: [auth] LIVENESS revoke hand=1,191040032 (join silent 10055ms; total 48)
[21:28:57.539] [JOIN] INFO: [auth] LIVENESS revoke hand=1,1671386752 (join silent 10055ms; total 49)
[21:28:57.539] [JOIN] INFO: [auth] LIVENESS revoke hand=1,1975708032 (join silent 10055ms; total 50)
[21:28:57.539] [JOIN] INFO: [auth] LIVENESS revoke hand=1,2863891712 (join silent 10055ms; total 51)
[21:28:57.539] [JOIN] INFO: [auth] LIVENESS revoke hand=1,2553832960 (join silent 10055ms; total 52)
[21:28:57.539] [JOIN] INFO: [auth] LIVENESS revoke hand=1,1400268544 (join silent 10055ms; total 53)
[21:28:57.539] [JOIN] INFO: [auth] LIVENESS revoke hand=1,72143552 (join silent 10055ms; total 54)
[21:28:57.539] [JOIN] INFO: [auth] LIVENESS revoke hand=1,2663207936 (join silent 10055ms; total 55)
[21:28:57.539] [JOIN] INFO: [auth] LIVENESS revoke hand=1,1513671936 (join silent 10055ms; total 56)
[21:28:57.539] [JOIN] INFO: [auth] map n=95 host=57 join=38 veto=0 vetoTotal=0 gen=81 div=0 consult=760750 recv=129 stale=0 refuse=0
[21:28:57.539] [JOIN] INFO: [census] sent n=95 radius=2000 mid=22 anchors=2 a0=loaded:13 a1=loaded:82 enum=95 notmine=0 proxyrow=0 attnR=1000 resendSup=248 nearSup=1575
[21:28:57.550] [JOIN] INFO: [census] park hand=1,1671386752 name='Truth' d=162 local=-71517,1646,25373 host=-71381,1644,25460 (parks=154)
[21:28:57.550] [JOIN] INFO: [census] FREEZE hand=1,1671386752 name='Truth' d=162 (frozen=17)
[21:28:57.604] [JOIN] INFO: [life] hand=1,404,362304672,1,207763664 from=PARKED to=MID reason=drive
[21:28:57.614] [JOIN] INFO: [life] hand=1,404,362304672,1,207763664 from=MID to=PARKED reason=mid-rest
[21:28:57.644] [JOIN] INFO: [med] SEND hand=1,3537841920 npc=1 blood=121.4 bleed=0.00 fl=125.0,125.0,125.0,125.0 bd=0.0,0.0,0.0,0.0 flags=1 nparts=7 pmin=61.8 smin=0.0 ls=0,0,0,0
[21:28:57.806] [JOIN] INFO: [census] FREEZE hand=1,1975708032 name='Mercenary Heavy' d=38 (frozen=16)
[21:28:58.001] [JOIN] INFO: [med] SEND hand=1,3070922752 npc=1 blood=107.6 bleed=0.00 fl=125.0,125.0,125.0,11.7 bd=0.0,0.0,0.0,0.0 flags=1 nparts=7 pmin=11.7 smin=0.0 ls=0,0,0,0
[21:28:58.024] [JOIN] INFO: [audit] exist near=34 wide=93 drv=27 cen=66 hid=0 ghost=0 supp=0 census=95 fresh=1 parks=156 nearCap=0 wideCap=0 peerTrunc=0 staleMs=0 edges=0 ghostMax=-1 ghostEdge=0 dorm=0 attnR=1000 dormPc=0 pcs=7 mine=0 skip=38 cells=1 truncHold=0 wdHold=0 noBody=0 lostItems=0
[21:28:58.064] [JOIN] INFO: [census] FREEZE hand=1,1975708032 name='Mercenary Heavy' d=38 (frozen=16)
[21:28:58.075] [JOIN] INFO: [inv] APPLY hand=1,1,2172729600,2,3640503040 items=32
[21:28:58.285] [JOIN] INFO: [ai] suspended=4 driven=28 targets=35 rel=78 relWalk=1267u/110s snapCbt=0 snapVeto=0 frzAct=80578 frzHurt=0
[21:28:58.285] [JOIN] INFO: [trust] trusted=22 driven=13 grants=71 revokes=0 koRel=0 koExp=0
[21:28:58.318] [JOIN] INFO: [census] FREEZE hand=1,1975708032 name='Mercenary Heavy' d=38 (frozen=16)
[21:28:58.551] [JOIN] INFO: [auth] LIVENESS revoke hand=1,3537841920 (join silent 10063ms; total 57)
[21:28:58.551] [JOIN] INFO: [auth] LIVENESS revoke hand=1,656127936 (join silent 10063ms; total 58)
[21:28:58.551] [JOIN] INFO: [auth] LIVENESS revoke hand=1,2686523392 (join silent 10063ms; total 59)
[21:28:58.551] [JOIN] INFO: [auth] LIVENESS revoke hand=1,2586425856 (join silent 10063ms; total 60)
[21:28:58.551] [JOIN] INFO: [auth] LIVENESS revoke hand=1,2602050816 (join silent 10063ms; total 61)
[21:28:58.551] [JOIN] INFO: [auth] LIVENESS revoke hand=1,1317382784 (join silent 10063ms; total 62)
[21:28:58.551] [JOIN] INFO: [auth] LIVENESS revoke hand=1,2952758784 (join silent 10063ms; total 63)
[21:28:58.551] [JOIN] INFO: [auth] LIVENESS revoke hand=1,1053344704 (join silent 10063ms; total 64)
[21:28:58.551] [JOIN] INFO: [auth] LIVENESS revoke hand=1,328491200 (join silent 10063ms; total 65)
[21:28:58.551] [JOIN] INFO: [auth] LIVENESS revoke hand=1,3814941440 (join silent 10063ms; total 66)
[21:28:58.551] [JOIN] INFO: [auth] LIVENESS revoke hand=1,3778564352 (join silent 10063ms; total 67)
[21:28:58.551] [JOIN] INFO: [auth] LIVENESS revoke hand=1,2694091776 (join silent 10063ms; total 68)
[21:28:58.551] [JOIN] INFO: [auth] LIVENESS revoke hand=1,1362182656 (join silent 10063ms; total 69)
[21:28:58.551] [JOIN] INFO: [auth] LIVENESS revoke hand=1,2722656256 (join silent 10063ms; total 70)
[21:28:58.551] [JOIN] INFO: [auth] LIVENESS revoke hand=1,3409668096 (join silent 10063ms; total 71)
[21:28:58.551] [JOIN] INFO: [auth] LIVENESS revoke hand=1,2376098560 (join silent 10063ms; total 72)
[21:28:58.551] [JOIN] INFO: [auth] LIVENESS revoke hand=1,1287963904 (join silent 10063ms; total 73)
[21:28:58.551] [JOIN] INFO: [auth] LIVENESS revoke hand=1,1461425792 (join silent 10063ms; total 74)
[21:28:58.551] [JOIN] INFO: [auth] LIVENESS revoke hand=1,1112304640 (join silent 11067ms; total 75)
[21:28:58.551] [JOIN] INFO: [auth] LIVENESS revoke hand=1,435791008 (join silent 10063ms; total 76)
[21:28:58.551] [JOIN] INFO: [auth] LIVENESS revoke hand=1,1049926784 (join silent 10063ms; total 77)
[21:28:58.551] [JOIN] INFO: [auth] LIVENESS revoke hand=1,3708251904 (join silent 10063ms; total 78)
[21:28:58.551] [JOIN] INFO: [auth] LIVENESS revoke hand=1,3960449280 (join silent 10063ms; total 79)
[21:28:58.551] [JOIN] INFO: [auth] LIVENESS revoke hand=1,1632202112 (join silent 11067ms; total 80)
[21:28:58.551] [JOIN] INFO: [auth] LIVENESS revoke hand=1,3202392576 (join silent 10063ms; total 81)
[21:28:58.551] [JOIN] INFO: [auth] LIVENESS revoke hand=1,905883776 (join silent 10063ms; total 82)
[21:28:58.551] [JOIN] INFO: [auth] LIVENESS revoke hand=1,39306640 (join silent 10063ms; total 83)
[21:28:58.551] [JOIN] INFO: [auth] LIVENESS revoke hand=1,3988281344 (join silent 10063ms; total 84)
[21:28:58.564] [JOIN] INFO: [census] park hand=1,2686523392 name='Rogue Trader' d=170 local=-71446,1638,25300 host=-71388,1644,25460 (parks=157)
[21:28:58.578] [JOIN] INFO: [census] FREEZE hand=1,2686523392 name='Rogue Trader' d=0 (frozen=15)
[21:28:58.652] [JOIN] INFO: [med] SEND hand=1,3537841920 npc=1 blood=121.4 bleed=0.00 fl=125.0,125.0,125.0,125.0 bd=0.0,0.0,0.0,0.0 flags=1 nparts=7 pmin=61.8 smin=0.0 ls=0,0,0,0
[21:28:58.654] [JOIN] INFO: [life] hand=1,485,1927612288,1,1317382784 from=HI to=PARKED reason=census-wide
[21:28:58.712] [JOIN] INFO: [time] OFFSET off=0.0018gh slew=1.00 host=1040.70539 local=1040.70361
[21:28:58.713] [JOIN] INFO: [census] recv n=95 culls=0 trunc=0
[21:28:58.729] [JOIN] INFO: [life] hand=1,390,1742065408,7,1111816448 from=PARKED to=MID reason=drive
[21:28:58.745] [JOIN] INFO: [life] hand=1,390,1742065408,7,1111816448 from=MID to=PARKED reason=mid-rest
[21:28:58.828] [JOIN] INFO: [census] FREEZE hand=1,1975708032 name='Mercenary Heavy' d=36 (frozen=15)
[21:28:59.086] [JOIN] INFO: [census] FREEZE hand=1,1975708032 name='Mercenary Heavy' d=36 (frozen=15)
[21:28:59.181] [JOIN] INFO: [life] hand=1,544,1186523392,1,2545043968 from=HI to=PARKED reason=census-wide
[21:28:59.240] [JOIN] INFO: [cell] MAP cells=1 slots=2 16,37=0
[21:28:59.339] [JOIN] INFO: [census] FREEZE hand=1,1975708032 name='Mercenary Heavy' d=36 (frozen=15)
[21:28:59.406] [JOIN] INFO: [gate] hand=7,1111816448 host=51 local=1  agree=126597/142948 (88%)
[21:28:59.462] [JOIN] INFO: [spawn] INFO send hand=1,421,837524416,1,1400268544 found=1 dead=0 age=1.00 sid='1292-gamedata.base' fac='1214-gamedata.base'
[21:28:59.560] [JOIN] INFO: [auth] LIVENESS revoke hand=1,1619628928 (join silent 11072ms; total 85)
[21:28:59.560] [JOIN] INFO: [auth] LIVENESS revoke hand=1,3953857536 (join silent 11072ms; total 86)
[21:28:59.560] [JOIN] INFO: [auth] LIVENESS revoke hand=1,3452758784 (join silent 11072ms; total 87)
[21:28:59.560] [JOIN] INFO: [auth] LIVENESS revoke hand=1,3671997184 (join silent 11072ms; total 88)
[21:28:59.560] [JOIN] INFO: [auth] LIVENESS revoke hand=1,2946655232 (join silent 11072ms; total 89)
[21:28:59.560] [JOIN] INFO: [auth] LIVENESS revoke hand=1,51635744 (join silent 11072ms; total 90)
[21:28:59.560] [JOIN] INFO: [auth] LIVENESS revoke hand=1,2640503040 (join silent 11072ms; total 91)
[21:28:59.560] [JOIN] INFO: [auth] LIVENESS revoke hand=1,235961920 (join silent 11072ms; total 92)
[21:28:59.560] [JOIN] INFO: [auth] LIVENESS revoke hand=1,3070922752 (join silent 11072ms; total 93)
[21:28:59.560] [JOIN] INFO: [auth] LIVENESS revoke hand=1,1695800832 (join silent 11072ms; total 94)
[21:28:59.570] [JOIN] INFO: [census] park hand=1,2686523392 name='Rogue Trader' d=140 local=-71389,1642,25458 host=-71446,1636,25331 (parks=161)
[21:28:59.580] [JOIN] INFO: [spawn] INFO send hand=1,382,2239623936,1,1362182656 found=1 dead=0 age=1.00 sid='1227-gamedata.base' fac='1214-gamedata.base'
[21:28:59.581] [JOIN] INFO: [life] hand=1,404,362304672,1,207763664 from=PARKED to=MID reason=drive
[21:28:59.592] [JOIN] INFO: [life] hand=1,404,362304672,1,207763664 from=MID to=PARKED reason=mid-rest
[21:28:59.592] [JOIN] INFO: [census] FREEZE hand=1,1975708032 name='Mercenary Heavy' d=36 (frozen=15)
[21:28:59.657] [JOIN] INFO: [med] SEND hand=1,3537841920 npc=1 blood=121.4 bleed=0.00 fl=125.0,125.0,125.0,125.0 bd=0.0,0.0,0.0,0.0 flags=1 nparts=7 pmin=61.8 smin=0.0 ls=0,0,0,0
[21:28:59.848] [JOIN] INFO: [census] FREEZE hand=1,2686523392 name='Rogue Trader' d=0 (frozen=15)
[21:28:59.956] [JOIN] INFO: [spawn] INFO send hand=1,312,386474624,1,3778564352 found=1 dead=0 age=1.00 sid='1289-gamedata.base' fac='1214-gamedata.base'
[21:29:00.106] [JOIN] INFO: [census] FREEZE hand=1,2686523392 name='Rogue Trader' d=0 (frozen=15)
[21:29:00.149] [JOIN] INFO: [net] CLOCKSYNC offset=-7201561 rtt=82 n=52
[21:29:00.149] [JOIN] INFO: [net] [net] bandwidth out=12.7 KB/s in=10.5 KB/s (window 5s)
[21:29:00.149] [JOIN] INFO: [net] [net] mix out ent=76/28.7KB census=5/15.4KB med=16/7.3KB inv=4/7.1KB assign=47/1.8KB stats=4/0.8KB +spwnInf=5,cam=5,cell=1,spdReq=1
[21:29:00.149] [JOIN] INFO: [net] [net] mix in  census=5/15.4KB ent=41/13.8KB med=23/10.5KB inv=3/8.8KB assign=42/1.6KB stats=3/0.6KB +spwnReq=5,time=5,deed=1,cam=4,tpong=3,spdSet=2,cell=1,money=1
[21:29:00.208] [JOIN] INFO: [stage] lines=191/10s peak us: frame-end=15393/9602 engine=2916/1220 app:pubCensus=352/2 app:authority=232/55 app:targets=213/68
[21:29:00.248] [JOIN] INFO: [life] hand=1,390,1742065408,7,1111816448 from=PARKED to=MID reason=drive
[21:29:00.260] [JOIN] INFO: [life] hand=1,390,1742065408,7,1111816448 from=MID to=PARKED reason=mid-rest
[21:29:00.276] [JOIN] INFO: [budget] pub avg=180us max=415us apply avg=132us max=581us frames=446 over2ms=0
[21:29:00.276] [JOIN] INFO: [q] peak evt=0 ent=5/4096 inv=1 cen=1 stealth=0 cam=1 (dropped ent=3753 earlier)
[21:29:00.363] [JOIN] INFO: [census] FREEZE hand=1,2686523392 name='Rogue Trader' d=0 (frozen=15)
[21:29:00.512] [JOIN] INFO: [med] SEND hand=1,3070922752 npc=1 blood=107.6 bleed=0.00 fl=125.0,125.0,125.0,11.6 bd=0.0,0.0,0.0,0.0 flags=1 nparts=7 pmin=11.6 smin=0.0 ls=0,0,0,0
[21:29:00.622] [JOIN] INFO: [census] FREEZE hand=1,2686523392 name='Rogue Trader' d=0 (frozen=15)
[21:29:00.688] [JOIN] INFO: [census] park hand=1,2686523392 name='Rogue Trader' d=140 local=-71446,1636,25331 host=-71389,1642,25458 (parks=164)
[21:29:00.688] [JOIN] INFO: [cam] hint recv=-70934.6,1617.3,25123.1
[21:29:00.753] [JOIN] INFO: [med] SEND hand=1,3537841920 npc=1 blood=121.4 bleed=0.00 fl=125.0,125.0,125.0,125.0 bd=0.0,0.0,0.0,0.0 flags=1 nparts=7 pmin=61.8 smin=0.0 ls=0,0,0,0
[21:29:00.789] [JOIN] INFO: [stats] RECV hand=1,1709716736 ok=1 str=42.3 dex=33.2 tough=45.2 stealth=60.9 athl=56.8 xp=0
[21:29:00.789] [JOIN] INFO: [stats] RECV hand=2,3640503040 ok=1 str=29.7 dex=18.6 tough=45.5 stealth=33.8 athl=43.4 xp=0
[21:29:00.789] [JOIN] INFO: [stats] RECV hand=3,3548706048 ok=1 str=3.8 dex=10.1 tough=24.4 stealth=30.9 athl=24.4 xp=0
[21:29:00.790] [JOIN] INFO: [inv] APPLY hand=1,1,2172729600,1,1709716736 items=13
[21:29:00.791] [JOIN] INFO: [inv] APPLY hand=1,1,2172729600,3,3548706048 items=11
[21:29:00.880] [JOIN] INFO: [census] FREEZE hand=1,2686523392 name='Rogue Trader' d=0 (frozen=14)
[21:29:01.101] [JOIN] INFO: [life] hand=1,404,362304672,1,207763664 from=PARKED to=MID reason=drive
[21:29:01.116] [JOIN] INFO: [life] hand=1,404,362304672,1,207763664 from=MID to=PARKED reason=mid-rest
[21:29:01.142] [JOIN] INFO: [census] FREEZE hand=1,1975708032 name='Mercenary Heavy' d=36 (frozen=14)
[21:29:01.269] [JOIN] INFO: [life] hand=1,533,2564941312,1,1287963904 from=HI to=PARKED reason=census-wide
[21:29:01.295] [JOIN] INFO: [ai] suspended=4 driven=21 targets=25 rel=82 relWalk=1275u/116s snapCbt=0 snapVeto=0 frzAct=83441 frzHurt=0
[21:29:01.295] [JOIN] INFO: [trust] trusted=14 driven=11 grants=71 revokes=0 koRel=0 koExp=0
[21:29:01.398] [JOIN] INFO: [census] FREEZE hand=1,1975708032 name='Mercenary Heavy' d=36 (frozen=14)
[21:29:01.410] [JOIN] INFO: [gate] hand=1,207763664 host=51 local=1  agree=128718/145329 (88%)
[21:29:01.653] [JOIN] INFO: [census] FREEZE hand=1,2863891712 name='Those who protect' d=65 (frozen=13)
[21:29:01.814] [JOIN] INFO: [med] SEND hand=1,3537841920 npc=1 blood=121.4 bleed=0.00 fl=125.0,125.0,125.0,125.0 bd=0.0,0.0,0.0,0.0 flags=1 nparts=7 pmin=61.8 smin=0.0 ls=0,0,0,0
[21:29:01.872] [JOIN] INFO: [census] park hand=1,1671386752 name='Truth' d=154 local=-71503,1646,25369 host=-71380,1644,25461 (parks=167)
[21:29:01.883] [JOIN] INFO: [spawn] INFO send hand=1,357,3856933632,1,2553832960 found=1 dead=0 age=1.00 sid='1227-gamedata.base' fac='1214-gamedata.base'
[21:29:01.883] [JOIN] INFO: [spawn] INFO send hand=1,358,2981689344,1,2694091776 found=1 dead=0 age=1.00 sid='1227-gamedata.base' fac='1214-gamedata.base'
[21:29:01.911] [JOIN] INFO: [census] FREEZE hand=1,2863891712 name='Those who protect' d=65 (frozen=12)
[21:29:02.170] [JOIN] INFO: [census] FREEZE hand=1,2686523392 name='Rogue Trader' d=0 (frozen=12)
[21:29:02.229] [JOIN] INFO: [interp] lerp=25451 extrap=9643 clamp=7 seg=156 single=180795 snapSq=0 snapNpc=0 reissueSq=188 reissueNpc=70 restFlip=0 delay=472 jit=150.7 starve=4 snapMid=15 restFlipMid=1 haltDrv=0 haltCbt=0
[21:29:02.229] [JOIN] INFO: [cam] center=-71370.7,1647.0,25360.2
[21:29:02.430] [JOIN] INFO: [census] FREEZE hand=1,2686523392 name='Rogue Trader' d=0 (frozen=12)
[21:29:02.564] [JOIN] INFO: [auth] map n=95 host=95 join=0 veto=0 vetoTotal=0 gen=86 div=0 consult=799754 recv=171 stale=0 refuse=0
[21:29:02.574] [JOIN] INFO: [deed] AUDIT hand=0.2385.11111.198.830322240 isPlayer=1 set=1 sale=0 shop=0 public=1 desig=0 resident=1/0 town=0/1 interior=0 internals=0 doors=0/0/0 furn=0/0/0 canUse=1 home=0/1/0 stuff=1 wallet=3081 squads=2/0/0 cur=0/0 base=-1/-1 owner='204-gamedata.base' name='Campfire'
[21:29:02.624] [JOIN] INFO: [life] hand=1,404,362304672,1,207763664 from=PARKED to=MID reason=drive
[21:29:02.638] [JOIN] INFO: [life] hand=1,404,362304672,1,207763664 from=MID to=PARKED reason=mid-rest
[21:29:02.693] [JOIN] INFO: [census] FREEZE hand=1,2686523392 name='Rogue Trader' d=0 (frozen=12)
[21:29:02.827] [JOIN] INFO: [med] SEND hand=1,3537841920 npc=1 blood=121.4 bleed=0.00 fl=125.0,125.0,125.0,125.0 bd=0.0,0.0,0.0,0.0 flags=1 nparts=7 pmin=61.8 smin=0.0 ls=0,0,0,0
[21:29:02.951] [JOIN] INFO: [census] FREEZE hand=1,2686523392 name='Rogue Trader' d=0 (frozen=12)
[21:29:03.072] [JOIN] INFO: [audit] exist near=32 wide=93 drv=18 cen=74 hid=0 ghost=1 supp=0 census=95 fresh=1 parks=169 nearCap=0 wideCap=0 peerTrunc=0 staleMs=0 edges=0 ghostMax=243 ghostEdge=0 dorm=0 attnR=1000 dormPc=0 pcs=7 mine=0 skip=0 cells=1 truncHold=0 wdHold=0 noBody=0 lostItems=0
[21:29:03.178] [JOIN] INFO: [census] park hand=1,2686523392 name='Rogue Trader' d=140 local=-71446,1636,25331 host=-71389,1642,25458 (parks=170)
[21:29:03.205] [JOIN] INFO: [census] FREEZE hand=1,2686523392 name='Rogue Trader' d=8 (frozen=12)
[21:29:03.419] [JOIN] INFO: [gate] hand=7,1111816448 host=51 local=1  agree=130681/147534 (88%)
[21:29:03.454] [JOIN] INFO: [census] FREEZE hand=1,1671386752 name='Truth' d=0 (frozen=11)
[21:29:03.705] [JOIN] INFO: [census] FREEZE hand=1,1671386752 name='Truth' d=0 (frozen=11)
[21:29:03.959] [JOIN] INFO: [census] FREEZE hand=1,1671386752 name='Truth' d=0 (frozen=10)
[21:29:03.981] [JOIN] INFO: [med] SEND hand=1,3537841920 npc=1 blood=121.4 bleed=0.00 fl=125.0,125.0,125.0,125.0 bd=0.0,0.0,0.0,0.0 flags=1 nparts=7 pmin=61.8 smin=0.0 ls=0,0,0,0
[21:29:04.079] [JOIN] INFO: [life] hand=1,390,1742065408,7,1111816448 from=PARKED to=MID reason=drive
[21:29:04.090] [JOIN] INFO: [life] hand=1,390,1742065408,7,1111816448 from=MID to=PARKED reason=mid-rest
[21:29:04.219] [JOIN] INFO: [census] FREEZE hand=1,1671386752 name='Truth' d=0 (frozen=10)
[21:29:04.245] [JOIN] INFO: [cell] MAP cells=1 slots=2 16,37=0
[21:29:04.257] [JOIN] INFO: [time] OFFSET off=-0.0029gh slew=1.00 host=1040.75159 local=1040.75446
[21:29:04.258] [JOIN] INFO: [census] park hand=1,1671386752 name='Truth' d=154 local=-71503,1646,25369 host=-71380,1644,25460 (parks=173)
[21:29:04.297] [JOIN] INFO: [ai] suspended=4 driven=19 targets=25 rel=84 relWalk=1283u/122s snapCbt=0 snapVeto=0 frzAct=85676 frzHurt=0
[21:29:04.297] [JOIN] INFO: [trust] trusted=14 driven=11 grants=71 revokes=0 koRel=0 koExp=0
[21:29:04.311] [JOIN] INFO: [life] hand=1,613,2211791872,1,1632202112 from=MID to=PARKED reason=census-local
[21:29:04.478] [JOIN] INFO: [census] FREEZE hand=1,2686523392 name='Rogue Trader' d=0 (frozen=10)
[21:29:04.516] [JOIN] INFO: [med] SEND hand=1,3070922752 npc=1 blood=107.6 bleed=0.00 fl=125.0,125.0,125.0,11.5 bd=0.0,0.0,0.0,0.0 flags=1 nparts=7 pmin=11.5 smin=0.0 ls=0,0,0,0
[21:29:04.736] [JOIN] INFO: [census] FREEZE hand=1,2686523392 name='Rogue Trader' d=0 (frozen=10)
[21:29:04.989] [JOIN] INFO: [census] FREEZE hand=1,2686523392 name='Rogue Trader' d=0 (frozen=9)
[21:29:05.083] [JOIN] INFO: [med] SEND hand=1,3537841920 npc=1 blood=121.4 bleed=0.00 fl=125.0,125.0,125.0,125.0 bd=0.0,0.0,0.0,0.0 flags=1 nparts=7 pmin=61.9 smin=0.0 ls=0,0,0,0
[21:29:05.225] [JOIN] INFO: [net] CLOCKSYNC offset=-7201561 rtt=82 n=54
[21:29:05.225] [JOIN] INFO: [net] [net] bandwidth out=11.7 KB/s in=9.0 KB/s (window 5s)
[21:29:05.225] [JOIN] INFO: [net] [net] mix out ent=79/25.5KB census=5/15.4KB med=17/7.8KB inv=4/7.1KB stats=4/0.8KB spwnInf=2/0.3KB +cam=5,spdReq=2,cell=1
[21:29:05.225] [JOIN] INFO: [net] [net] mix in  census=5/15.4KB med=23/10.5KB ent=31/9.1KB inv=2/3.8KB stats=3/0.6KB time=5/0.1KB +cam=5,spwnReq=2,spdSet=2,tpong=2,cell=1,money=1
[21:29:05.241] [JOIN] INFO: [census] FREEZE hand=1,2686523392 name='Rogue Trader' d=132 (frozen=9)
[21:29:05.266] [JOIN] INFO: [census] park hand=1,2686523392 name='Rogue Trader' d=132 local=-71446,1636,25331 host=-71390,1635,25450 (parks=176)
[21:29:05.278] [JOIN] INFO: [budget] pub avg=200us max=468us apply avg=140us max=412us frames=397 over2ms=0
[21:29:05.278] [JOIN] INFO: [q] peak evt=0 ent=4/4096 inv=2 cen=1 stealth=0 cam=1 (dropped ent=3753 earlier)
[21:29:05.425] [JOIN] INFO: [gate] hand=7,1111816448 host=51 local=1  agree=132318/149376 (88%)
[21:29:05.500] [JOIN] INFO: [census] FREEZE hand=1,1671386752 name='Truth' d=0 (frozen=9)
[21:29:05.525] [JOIN] INFO: [med] SEND hand=1,3070922752 npc=1 blood=107.6 bleed=0.00 fl=125.0,125.0,125.0,11.4 bd=0.0,0.0,0.0,0.0 flags=1 nparts=7 pmin=11.4 smin=0.0 ls=0,0,0,0
[21:29:05.599] [JOIN] INFO: [life] hand=1,390,1742065408,7,1111816448 from=PARKED to=MID reason=drive
[21:29:05.612] [JOIN] INFO: [life] hand=1,390,1742065408,7,1111816448 from=MID to=PARKED reason=mid-rest
[21:29:05.634] [JOIN] INFO: [spawn] INFO send hand=1,312,386474624,1,3778564352 found=1 dead=0 age=1.00 sid='1289-gamedata.base' fac='1214-gamedata.base'
[21:29:05.634] [JOIN] INFO: [spawn] INFO send hand=1,382,2239623936,1,1362182656 found=1 dead=0 age=1.00 sid='1227-gamedata.base' fac='1214-gamedata.base'
[21:29:05.634] [JOIN] INFO: [spawn] INFO send hand=1,421,837524416,1,1400268544 found=1 dead=0 age=1.00 sid='1292-gamedata.base' fac='1214-gamedata.base'
[21:29:05.711] [JOIN] INFO: [cam] hint recv=-71408.3,1651.2,25044.9
[21:29:05.757] [JOIN] INFO: [census] FREEZE hand=1,1671386752 name='Truth' d=156 (frozen=9)
[21:29:05.842] [JOIN] INFO: [stats] RECV hand=1,1709716736 ok=1 str=42.3 dex=33.2 tough=45.2 stealth=60.9 athl=56.8 xp=0
[21:29:05.842] [JOIN] INFO: [stats] RECV hand=2,3640503040 ok=1 str=29.7 dex=18.6 tough=45.5 stealth=33.8 athl=43.4 xp=0
[21:29:05.842] [JOIN] INFO: [stats] RECV hand=3,3548706048 ok=1 str=3.8 dex=10.1 tough=24.4 stealth=30.9 athl=24.4 xp=0
[21:29:05.843] [JOIN] INFO: [inv] APPLY hand=1,1,2172729600,1,1709716736 items=13
[21:29:05.843] [JOIN] INFO: [inv] APPLY hand=1,1,2172729600,3,3548706048 items=11
[21:29:05.867] [JOIN] INFO: [life] hand=1,529,3288574208,1,2586425856 from=HI to=PARKED reason=census-wide
[21:29:05.867] [JOIN] INFO: [life] hand=1,621,3230590720,1,2602050816 from=HI to=PARKED reason=census-wide
[21:29:06.018] [JOIN] INFO: [census] FREEZE hand=1,1671386752 name='Truth' d=156 (frozen=9)
[21:29:06.190] [JOIN] INFO: [med] SEND hand=1,3537841920 npc=1 blood=121.4 bleed=0.00 fl=125.0,125.0,125.0,125.0 bd=0.0,0.0,0.0,0.0 flags=1 nparts=7 pmin=61.9 smin=0.0 ls=0,0,0,0
[21:29:06.269] [JOIN] INFO: [census] park hand=1,1671386752 name='Truth' d=156 local=-71503,1646,25365 host=-71380,1644,25460 (parks=179)
[21:29:06.269] [JOIN] INFO: [census] FREEZE hand=1,1671386752 name='Truth' d=156 (frozen=9)
[21:29:06.520] [JOIN] INFO: [census] FREEZE hand=1,2686523392 name='Rogue Trader' d=0 (frozen=9)
[21:29:06.720] [JOIN] INFO: [life] hand=1,611,2146972672,1,1619628928 from=HI to=PARKED reason=census-wide
[21:29:06.720] [JOIN] INFO: [life] hand=1,317,2729248000,1,3452758784 from=HI to=PARKED reason=census-wide
[21:29:06.720] [JOIN] INFO: [life] hand=1,525,2475219712,1,3671997184 from=HI to=PARKED reason=census-wide
[21:29:06.720] [JOIN] INFO: [life] hand=1,301,292480480,1,51635744 from=HI to=PARKED reason=census-wide
[21:29:06.769] [JOIN] INFO: [census] FREEZE hand=1,2686523392 name='Rogue Trader' d=0 (frozen=9)
[21:29:07.027] [JOIN] INFO: [census] FREEZE hand=1,2686523392 name='Rogue Trader' d=127 (frozen=9)
[21:29:07.122] [JOIN] INFO: [life] hand=1,390,1742065408,7,1111816448 from=PARKED to=MID reason=drive
[21:29:07.135] [JOIN] INFO: [door] rollup sent=0 (resend=0) recv=0 applied=0 nohand=0 converged=0 over=30s
[21:29:07.136] [JOIN] INFO: [life] hand=1,390,1742065408,7,1111816448 from=MID to=PARKED reason=mid-rest
[21:29:07.199] [JOIN] INFO: [med] SEND hand=1,3537841920 npc=1 blood=121.4 bleed=0.00 fl=125.0,125.0,125.0,125.0 bd=0.0,0.0,0.0,0.0 flags=1 nparts=7 pmin=61.9 smin=0.0 ls=0,0,0,0
[21:29:07.237] [JOIN] INFO: [interp] lerp=26572 extrap=9643 clamp=7 seg=156 single=187548 snapSq=0 snapNpc=0 reissueSq=188 reissueNpc=70 restFlip=0 delay=472 jit=150.7 starve=8 snapMid=15 restFlipMid=1 haltDrv=0 haltCbt=0
[21:29:07.237] [JOIN] INFO: [cam] center=-71370.7,1647.0,25360.2
[21:29:07.273] [JOIN] INFO: [census] park hand=1,2686523392 name='Rogue Trader' d=127 local=-71446,1636,25331 host=-71393,1632,25445 (parks=182)
[21:29:07.283] [JOIN] INFO: [census] FREEZE hand=1,2686523392 name='Rogue Trader' d=0 (frozen=9)
[21:29:07.306] [JOIN] INFO: [ai] suspended=5 driven=15 targets=25 rel=86 relWalk=1302u/125s snapCbt=0 snapVeto=0 frzAct=87387 frzHurt=0
[21:29:07.306] [JOIN] INFO: [trust] trusted=14 driven=11 grants=71 revokes=0 koRel=0 koExp=0
[21:29:07.432] [JOIN] INFO: [gate] hand=7,1111816448 host=51 local=65535  agree=133604/150919 (88%)
[21:29:07.536] [JOIN] INFO: [census] FREEZE hand=1,1671386752 name='Truth' d=0 (frozen=9)
[21:29:07.583] [JOIN] INFO: [auth] map n=95 host=95 join=0 veto=0 vetoTotal=0 gen=91 div=0 consult=836188 recv=171 stale=0 refuse=0
[21:29:07.583] [JOIN] INFO: [census] sent n=95 radius=2000 mid=0 anchors=2 a0=loaded:13 a1=loaded:82 enum=95 notmine=0 proxyrow=0 attnR=1000 resendSup=250 nearSup=1663
[21:29:07.594] [JOIN] INFO: [deed] AUDIT hand=0.2385.11111.198.830322240 isPlayer=1 set=1 sale=0 shop=0 public=1 desig=0 resident=1/0 town=0/1 interior=0 internals=0 doors=0/0/0 furn=0/0/0 canUse=1 home=0/1/0 stuff=1 wallet=3081 squads=2/0/0 cur=0/0 base=-1/-1 owner='204-gamedata.base' name='Campfire'
[21:29:07.665] [JOIN] INFO: [spawn] INFO send hand=1,357,3856933632,1,2553832960 found=1 dead=0 age=1.00 sid='1227-gamedata.base' fac='1214-gamedata.base'
[21:29:07.666] [JOIN] INFO: [spawn] INFO send hand=1,358,2981689344,1,2694091776 found=1 dead=0 age=1.00 sid='1227-gamedata.base' fac='1214-gamedata.base'
[21:29:07.728] [JOIN] INFO: [life] hand=1,533,2564941312,1,1287963904 from=PARKED to=HI reason=drive
[21:29:07.728] [JOIN] INFO: [pose] rest re-arm task 65535 -> 98
[21:29:07.729] [JOIN] INFO: [pose] applyOrder hand=1,1287963904 task=98 subj=142,515624992,0 wire=142,515624992 det=1 r=2 try=0
[21:29:07.787] [JOIN] INFO: [census] FREEZE hand=1,1671386752 name='Truth' d=156 (frozen=9)
[21:29:07.798] [JOIN] INFO: [life] hand=1,404,362304672,1,207763664 from=PARKED to=MID reason=drive
[21:29:07.798] [JOIN] INFO: [life] hand=1,621,3230590720,1,2602050816 from=PARKED to=HI reason=drive
[21:29:07.798] [JOIN] INFO: [pose] rest re-arm task 65535 -> 87
[21:29:07.798] [JOIN] INFO: [pose] applyOrder hand=1,2602050816 task=87 subj=122,307861344,0 wire=122,307861344 det=1 r=2 try=0
[21:29:07.811] [JOIN] INFO: [life] hand=1,404,362304672,1,207763664 from=MID to=PARKED reason=mid-rest
[21:29:08.043] [JOIN] INFO: [census] FREEZE hand=1,1671386752 name='Truth' d=156 (frozen=9)
[21:29:08.074] [JOIN] INFO: [audit] exist near=29 wide=93 drv=16 cen=74 hid=0 ghost=3 supp=0 census=95 fresh=1 parks=184 nearCap=0 wideCap=0 peerTrunc=0 staleMs=0 edges=0 ghostMax=317 ghostEdge=0 dorm=0 attnR=1000 dormPc=0 pcs=7 mine=0 skip=0 cells=1 truncHold=0 wdHold=0 noBody=0 lostItems=0
[21:29:08.281] [JOIN] INFO: [census] park hand=1,1671386752 name='Truth' d=156 local=-71503,1646,25365 host=-71380,1644,25460 (parks=185)
[21:29:08.301] [JOIN] INFO: [census] FREEZE hand=1,1671386752 name='Truth' d=156 (frozen=9)
[21:29:08.561] [JOIN] INFO: [census] FREEZE hand=1,2686523392 name='Rogue Trader' d=0 (frozen=9)
[21:29:08.597] [JOIN] INFO: [census] park hand=1,435791008 name='Pan' d=123 local=-71658,1691,25489 host=-71575,1644,25412 (parks=188)
[21:29:08.785] [JOIN] INFO: [life] hand=1,390,1742065408,7,1111816448 from=PARKED to=MID reason=drive
[21:29:08.797] [JOIN] INFO: [life] hand=1,390,1742065408,7,1111816448 from=MID to=PARKED reason=mid-rest
[21:29:08.811] [JOIN] INFO: [census] FREEZE hand=1,2686523392 name='Rogue Trader' d=0 (frozen=10)
[21:29:09.014] [JOIN] INFO: [life] hand=1,382,2239623936,1,1362182656 from=UNKNOWN to=CULLED reason=cull-wide
[21:29:09.014] [JOIN] INFO: [census] cull NPC hand=1,1362182656 name='Mercenary' pos=-71614,1644,25365 (census=95 wide=93 supp=1 culls=1)
[21:29:09.062] [JOIN] INFO: [census] FREEZE hand=1,2686523392 name='Rogue Trader' d=0 (frozen=10)
[21:29:09.083] [JOIN] INFO: [life] hand=1,487,3947631872,1,328491200 from=PARKED to=HI reason=drive
[21:29:09.083] [JOIN] INFO: [pose] rest re-arm task 65535 -> 87
[21:29:09.084] [JOIN] INFO: [pose] applyOrder hand=1,328491200 task=87 subj=108,194824224,0 wire=108,194824224 det=1 r=2 try=0
[21:29:09.084] [JOIN] INFO: [census] recv n=95 culls=1 trunc=0
[21:29:09.251] [JOIN] INFO: [cell] MAP cells=1 slots=2 16,37=0
[21:29:09.314] [JOIN] INFO: [census] FREEZE hand=1,2686523392 name='Rogue Trader' d=14 (frozen=10)
[21:29:09.434] [JOIN] INFO: [gate] hand=7,1111816448 host=51 local=65535  agree=135498/153032 (88%)
[21:29:09.533] [JOIN] INFO: [trust] grant hand=1,1287963904 streak=150
[21:29:09.556] [JOIN] INFO: [life] hand=1,404,362304672,1,207763664 from=PARKED to=MID reason=drive
[21:29:09.568] [JOIN] INFO: [life] hand=1,404,362304672,1,207763664 from=MID to=PARKED reason=mid-rest
[21:29:09.568] [JOIN] INFO: [census] FREEZE hand=1,2686523392 name='Rogue Trader' d=14 (frozen=10)
[21:29:09.604] [JOIN] INFO: [trust] grant hand=1,2602050816 streak=150
[21:29:09.829] [JOIN] INFO: [census] FREEZE hand=1,2686523392 name='Rogue Trader' d=14 (frozen=10)
[21:29:10.079] [JOIN] INFO: [census] FREEZE hand=1,2686523392 name='Rogue Trader' d=14 (frozen=10)
[21:29:10.150] [JOIN] INFO: [time] OFFSET off=-0.0017gh slew=1.00 host=1040.80684 local=1040.80849
[21:29:10.214] [JOIN] INFO: [stage] lines=153/10s peak us: frame-end=19717/10617 engine=3834/1401 app:authority=294/65 app:targets=211/61 pub:owned=199/74
[21:29:10.291] [JOIN] INFO: [net] CLOCKSYNC offset=-7201561 rtt=82 n=57
[21:29:10.291] [JOIN] INFO: [net] [net] bandwidth out=11.3 KB/s in=8.8 KB/s (window 5s)
[21:29:10.291] [JOIN] INFO: [net] [net] mix out ent=79/25.5KB census=5/15.4KB inv=4/7.1KB med=13/5.9KB stats=4/0.8KB spwnInf=5/0.7KB +cam=5,deed=1,spdReq=2,cell=1
[21:29:10.291] [JOIN] INFO: [net] [net] mix in  census=5/15.4KB ent=38/11.7KB med=19/8.7KB inv=2/3.8KB assign=42/1.6KB research=11/0.6KB +stats=3,spwnReq=5,time=5,cam=5,tpong=3,spdSet=2,cell=1,money=1
[21:29:10.291] [JOIN] INFO: [budget] pub avg=185us max=334us apply avg=132us max=389us frames=414 over2ms=0
[21:29:10.291] [JOIN] INFO: [q] peak evt=0 ent=4/4096 inv=2 cen=1 stealth=0 cam=1 (dropped ent=3753 earlier)
[21:29:10.315] [JOIN] INFO: [ai] suspended=6 driven=21 targets=28 rel=89 relWalk=1327u/133s snapCbt=0 snapVeto=0 frzAct=89131 frzHurt=0
[21:29:10.315] [JOIN] INFO: [trust] trusted=16 driven=12 grants=73 revokes=0 koRel=0 koExp=0
[21:29:10.338] [JOIN] INFO: [census] FREEZE hand=1,2686523392 name='Rogue Trader' d=23 (frozen=10)
[21:29:10.351] [JOIN] INFO: [life] hand=1,611,2146972672,1,1619628928 from=PARKED to=HI reason=drive
[21:29:10.351] [JOIN] INFO: [pose] rest re-arm task 65535 -> 87
[21:29:10.351] [JOIN] INFO: [pose] applyOrder hand=1,1619628928 task=87 subj=73,3275756800,0 wire=73,3275756800 det=1 r=2 try=0
[21:29:10.445] [JOIN] INFO: [life] hand=1,529,3288574208,1,2586425856 from=PARKED to=HI reason=drive
[21:29:10.552] [JOIN] INFO: [life] hand=1,233,504028320,1,2946655232 from=PARKED to=HI reason=drive
[21:29:10.598] [JOIN] INFO: [census] FREEZE hand=1,2686523392 name='Rogue Trader' d=23 (frozen=10)
[21:29:10.698] [JOIN] INFO: [life] hand=1,390,1742065408,7,1111816448 from=PARKED to=MID reason=drive
[21:29:10.711] [JOIN] INFO: [life] hand=1,390,1742065408,7,1111816448 from=MID to=PARKED reason=mid-rest
[21:29:10.803] [JOIN] INFO: [stats] RECV hand=1,1709716736 ok=1 str=42.3 dex=33.2 tough=45.2 stealth=60.9 athl=56.8 xp=0
[21:29:10.803] [JOIN] INFO: [stats] RECV hand=2,3640503040 ok=1 str=29.7 dex=18.6 tough=45.5 stealth=33.8 athl=43.4 xp=0
[21:29:10.803] [JOIN] INFO: [stats] RECV hand=3,3548706048 ok=1 str=3.8 dex=10.1 tough=24.4 stealth=30.9 athl=24.4 xp=0
[21:29:10.805] [JOIN] INFO: [inv] APPLY hand=1,1,2172729600,1,1709716736 items=13
[21:29:10.805] [JOIN] INFO: [inv] APPLY hand=1,1,2172729600,3,3548706048 items=11
[21:29:10.805] [JOIN] INFO: [census] park hand=1,3596435456 name='Lulina' d=124 local=-71390,1648,25481 host=-71438,1632,25368 (parks=189)
[21:29:10.805] [JOIN] INFO: [cam] hint recv=-71423.7,1652.6,25051.5
[21:29:10.849] [JOIN] INFO: [census] FREEZE hand=1,2686523392 name='Rogue Trader' d=32 (frozen=11)
[21:29:10.871] [JOIN] INFO: [trust] grant hand=1,328491200 streak=150
[21:29:11.034] [JOIN] INFO: [life] hand=1,471,475463872,1,2640503040 from=PARKED to=HI reason=drive
[21:29:11.108] [JOIN] INFO: [census] FREEZE hand=1,2686523392 name='Rogue Trader' d=32 (frozen=11)
[21:29:11.155] [JOIN] INFO: [life] hand=1,404,362304672,1,207763664 from=PARKED to=MID reason=drive
[21:29:11.169] [JOIN] INFO: [life] hand=1,404,362304672,1,207763664 from=MID to=PARKED reason=mid-rest
[21:29:11.352] [JOIN] INFO: [life] hand=1,317,2729248000,1,3452758784 from=PARKED to=HI reason=drive
[21:29:11.363] [JOIN] INFO: [census] FREEZE hand=1,2686523392 name='Rogue Trader' d=32 (frozen=11)
[21:29:11.440] [JOIN] INFO: [gate] hand=7,1111816448 host=51 local=1  agree=137989/155772 (88%)
[21:29:11.606] [JOIN] INFO: [spawn] INFO send hand=1,312,386474624,1,3778564352 found=1 dead=0 age=1.00 sid='1289-gamedata.base' fac='1214-gamedata.base'
[21:29:11.606] [JOIN] INFO: [spawn] INFO send hand=1,382,2239623936,1,1362182656 found=1 dead=0 age=1.00 sid='1227-gamedata.base' fac='1214-gamedata.base'
[21:29:11.606] [JOIN] INFO: [spawn] INFO send hand=1,421,837524416,1,1400268544 found=1 dead=0 age=1.00 sid='1292-gamedata.base' fac='1214-gamedata.base'
[21:29:11.619] [JOIN] INFO: [census] FREEZE hand=1,2686523392 name='Rogue Trader' d=32 (frozen=11)
[21:29:11.727] [JOIN] INFO: [census] park hand=1,1513671936 name='Those who protect' d=123 local=-71412,1648,25496 host=-71436,1631,25377 (parks=191)
[21:29:11.850] [JOIN] INFO: [life] hand=1,617,2473510656,1,3953857536 from=PARKED to=HI reason=drive
[21:29:11.850] [JOIN] INFO: [pose] rest re-arm task 65535 -> 87
[21:29:11.850] [JOIN] INFO: [pose] applyOrder hand=1,3953857536 task=87 subj=72,713500992,0 wire=72,713500992 det=1 r=2 try=0
[21:29:11.873] [JOIN] INFO: [census] FREEZE hand=1,2686523392 name='Rogue Trader' d=42 (frozen=11)
[21:29:12.099] [JOIN] INFO: [trust] grant hand=1,1619628928 streak=150
[21:29:12.123] [JOIN] INFO: [census] FREEZE hand=1,2686523392 name='Rogue Trader' d=42 (frozen=12)
[21:29:12.196] [JOIN] INFO: [trust] grant hand=1,2586425856 streak=150
[21:29:12.242] [JOIN] INFO: [interp] lerp=27975 extrap=9643 clamp=7 seg=156 single=195990 snapSq=0 snapNpc=0 reissueSq=188 reissueNpc=70 restFlip=0 delay=472 jit=150.7 starve=5 snapMid=15 restFlipMid=1 haltDrv=0 haltCbt=0
[21:29:12.242] [JOIN] INFO: [life] pruned throttle stamps=4
[21:29:12.242] [JOIN] INFO: [cam] center=-71370.7,1647.0,25360.2
[21:29:12.300] [JOIN] INFO: [trust] grant hand=1,2946655232 streak=150
[21:29:12.310] [JOIN] INFO: [life] hand=1,390,1742065408,7,1111816448 from=PARKED to=MID reason=drive
[21:29:12.322] [JOIN] INFO: [life] hand=1,390,1742065408,7,1111816448 from=MID to=PARKED reason=mid-rest
[21:29:12.356] [JOIN] INFO: [authority] restore NPC hand=1,1362182656 (proxy/driven exemption; supp=0)
[21:29:12.378] [JOIN] INFO: [census] FREEZE hand=1,2686523392 name='Rogue Trader' d=42 (frozen=12)
[21:29:12.615] [JOIN] INFO: [auth] map n=95 host=95 join=0 veto=0 vetoTotal=0 gen=96 div=0 consult=874029 recv=213 stale=0 refuse=0
[21:29:12.625] [JOIN] INFO: [deed] AUDIT hand=0.2385.11111.198.830322240 isPlayer=1 set=1 sale=0 shop=0 public=1 desig=0 resident=1/0 town=0/1 interior=0 internals=0 doors=0/0/0 furn=0/0/0 canUse=1 home=0/1/0 stuff=1 wallet=3081 squads=2/0/0 cur=0/0 base=-1/-1 owner='204-gamedata.base' name='Campfire'
[21:29:12.639] [JOIN] INFO: [census] FREEZE hand=1,2686523392 name='Rogue Trader' d=42 (frozen=12)
[21:29:12.755] [JOIN] INFO: [census] park hand=1,2374145536 name='Egg' d=124 local=-71422,1648,25508 host=-71430,1630,25385 (parks=193)
[21:29:12.794] [JOIN] INFO: [life] hand=1,404,362304672,1,207763664 from=PARKED to=MID reason=drive
[21:29:12.806] [JOIN] INFO: [life] hand=1,404,362304672,1,207763664 from=MID to=PARKED reason=mid-rest
[21:29:12.818] [JOIN] INFO: [trust] grant hand=1,2640503040 streak=150
[21:29:12.893] [JOIN] INFO: [census] FREEZE hand=1,2686523392 name='Rogue Trader' d=56 (frozen=13)
[21:29:13.145] [JOIN] INFO: [census] FREEZE hand=1,2686523392 name='Rogue Trader' d=56 (frozen=13)
[21:29:13.145] [JOIN] INFO: [audit] exist near=31 wide=93 drv=24 cen=66 hid=0 ghost=3 supp=0 census=95 fresh=1 parks=194 nearCap=0 wideCap=0 peerTrunc=0 staleMs=0 edges=0 ghostMax=317 ghostEdge=0 dorm=0 attnR=1000 dormPc=0 pcs=7 mine=0 skip=0 cells=1 truncHold=0 wdHold=0 noBody=0 lostItems=0
[21:29:13.157] [JOIN] INFO: [trust] grant hand=1,3452758784 streak=150
[21:29:13.316] [JOIN] INFO: [ai] suspended=6 driven=25 targets=36 rel=93 relWalk=1359u/140s snapCbt=0 snapVeto=0 frzAct=91227 frzHurt=0
[21:29:13.317] [JOIN] INFO: [trust] trusted=22 driven=14 grants=79 revokes=0 koRel=0 koExp=0
[21:29:13.397] [JOIN] INFO: [census] FREEZE hand=1,2686523392 name='Rogue Trader' d=56 (frozen=13)
[21:29:13.450] [JOIN] INFO: [gate] hand=7,1111816448 host=51 local=1  agree=140658/158771 (88%)
[21:29:13.647] [JOIN] INFO: [census] FREEZE hand=1,2686523392 name='Rogue Trader' d=56 (frozen=13)
[21:29:13.690] [JOIN] INFO: [trust] grant hand=1,3953857536 streak=150
[21:29:13.729] [JOIN] INFO: [spawn] INFO send hand=1,357,3856933632,1,2553832960 found=1 dead=0 age=1.00 sid='1227-gamedata.base' fac='1214-gamedata.base'
[21:29:13.729] [JOIN] INFO: [spawn] INFO send hand=1,358,2981689344,1,2694091776 found=1 dead=0 age=1.00 sid='1227-gamedata.base' fac='1214-gamedata.base'
[21:29:13.731] [JOIN] INFO: [census] park hand=1,3046630912 name='Hungry bandit' d=121 local=-71375,1630,25443 host=-71457,1647,25355 (parks=195)
[21:29:13.902] [JOIN] INFO: [census] FREEZE hand=1,2686523392 name='Rogue Trader' d=72 (frozen=13)
[21:29:14.161] [JOIN] INFO: [census] FREEZE hand=1,2686523392 name='Rogue Trader' d=72 (frozen=13)
[21:29:14.255] [JOIN] INFO: [life] hand=1,390,1742065408,7,1111816448 from=PARKED to=MID reason=drive
[21:29:14.256] [JOIN] INFO: [cell] MAP cells=1 slots=2 16,37=0
[21:29:14.268] [JOIN] INFO: [life] hand=1,390,1742065408,7,1111816448 from=MID to=PARKED reason=mid-rest
[21:29:14.316] [JOIN] INFO: [life] hand=1,404,362304672,1,207763664 from=PARKED to=MID reason=drive
[21:29:14.327] [JOIN] INFO: [life] hand=1,404,362304672,1,207763664 from=MID to=PARKED reason=mid-rest
[21:29:14.420] [JOIN] INFO: [census] FREEZE hand=1,2686523392 name='Rogue Trader' d=72 (frozen=13)
[21:29:14.676] [JOIN] INFO: [census] FREEZE hand=1,2686523392 name='Rogue Trader' d=72 (frozen=12)
[21:29:14.716] [JOIN] INFO: [life] hand=1,390,1742065408,7,1111816448 from=PARKED to=MID reason=drive
[21:29:14.716] [JOIN] INFO: [life] hand=1,527,1791748096,1,3988281344 from=PARKED to=HI reason=drive
[21:29:14.890] [JOIN] INFO: [life] hand=1,485,1927612288,1,1317382784 from=PARKED to=HI reason=drive
[21:29:14.890] [JOIN] INFO: [pose] rest re-arm task 65535 -> 87
[21:29:14.890] [JOIN] INFO: [pose] applyOrder hand=1,1317382784 task=87 subj=123,2040161152,0 wire=123,2040161152 det=1 r=2 try=0
[21:29:14.930] [JOIN] INFO: [census] FREEZE hand=1,2686523392 name='Rogue Trader' d=87 (frozen=12)
[21:29:15.188] [JOIN] INFO: [census] FREEZE hand=1,2686523392 name='Rogue Trader' d=87 (frozen=12)
[21:29:15.199] [JOIN] INFO: [census] park hand=1,1632202112 name='Mercenary' d=120 local=-71344,1657,25198 host=-71361,1644,25080 (parks=196)
[21:29:15.297] [JOIN] INFO: [budget] pub avg=177us max=425us apply avg=147us max=329us frames=418 over2ms=0
[21:29:15.297] [JOIN] INFO: [q] peak evt=0 ent=5/4096 inv=2 cen=1 stealth=0 cam=1 (dropped ent=3753 earlier)
[21:29:15.308] [JOIN] INFO: [net] CLOCKSYNC offset=-7201561 rtt=82 n=59
[21:29:15.308] [JOIN] INFO: [net] [net] bandwidth out=10.5 KB/s in=8.9 KB/s (window 5s)
[21:29:15.308] [JOIN] INFO: [net] [net] mix out ent=75/24.2KB census=5/15.4KB inv=4/7.1KB med=5/2.3KB stats=4/0.8KB spwnInf=5/0.7KB +cam=5,cell=1,spdReq=1
[21:29:15.308] [JOIN] INFO: [net] [net] mix in  census=5/15.4KB ent=41/13.4KB med=21/9.6KB inv=2/3.8KB stats=3/0.6KB spwnReq=5/0.1KB +time=5,cam=5,deed=1,tpong=2,cell=1,spdSet=1,money=1
[21:29:15.366] [JOIN] INFO: [life] hand=1,357,3856933632,1,2553832960 from=UNKNOWN to=CULLED reason=cull-wide
[21:29:15.366] [JOIN] INFO: [census] cull NPC hand=1,2553832960 name='Mercenary' pos=-71688,1642,25351 (census=95 wide=93 supp=1 culls=2)
[21:29:15.441] [JOIN] INFO: [census] FREEZE hand=1,1632202112 name='Mercenary' d=0 (frozen=13)
[21:29:15.453] [JOIN] INFO: [gate] hand=1,207763664 host=51 local=1  agree=142981/161358 (88%)
[21:29:15.692] [JOIN] INFO: [census] FREEZE hand=1,1632202112 name='Mercenary' d=0 (frozen=13)
[21:29:15.752] [JOIN] INFO: [time] OFFSET off=0.0022gh slew=1.00 host=1040.86209 local=1040.85986
[21:29:15.753] [JOIN] INFO: [census] park hand=1,39306640 name='Mercenary' d=120 local=-71412,1640,25307 host=-71390,1629,25425 (parks=197)
[21:29:15.827] [JOIN] INFO: [life] hand=1,404,362304672,1,207763664 from=PARKED to=MID reason=drive
[21:29:15.837] [JOIN] INFO: [life] hand=1,404,362304672,1,207763664 from=MID to=PARKED reason=mid-rest
[21:29:15.871] [JOIN] INFO: [stats] RECV hand=1,1709716736 ok=1 str=42.3 dex=33.2 tough=45.2 stealth=60.9 athl=56.8 xp=0
[21:29:15.871] [JOIN] INFO: [stats] RECV hand=2,3640503040 ok=1 str=29.7 dex=18.6 tough=45.5 stealth=33.8 athl=43.4 xp=0
[21:29:15.871] [JOIN] INFO: [stats] RECV hand=3,3548706048 ok=1 str=3.8 dex=10.1 tough=24.4 stealth=30.9 athl=24.4 xp=0
[21:29:15.872] [JOIN] INFO: [inv] APPLY hand=1,1,2172729600,1,1709716736 items=13
[21:29:15.872] [JOIN] INFO: [inv] APPLY hand=1,1,2172729600,3,3548706048 items=11
[21:29:15.948] [JOIN] INFO: [census] FREEZE hand=1,1632202112 name='Mercenary' d=15 (frozen=14)
[21:29:16.206] [JOIN] INFO: [census] FREEZE hand=1,1632202112 name='Mercenary' d=15 (frozen=14)
[21:29:16.322] [JOIN] INFO: [ai] suspended=7 driven=25 targets=38 rel=96 relWalk=1385u/145s snapCbt=0 snapVeto=0 frzAct=93755 frzHurt=0
[21:29:16.322] [JOIN] INFO: [trust] trusted=23 driven=15 grants=80 revokes=0 koRel=0 koExp=0
[21:29:16.403] [JOIN] INFO: [trust] grant hand=1,3988281344 streak=150
[21:29:16.466] [JOIN] INFO: [census] FREEZE hand=1,1632202112 name='Mercenary' d=15 (frozen=14)
[21:29:16.521] [JOIN] INFO: [snap] mid hand=7,1111816448 name='Ninja Guard' gap=26.0 gate=8.0 srcVel=1.8 cSpeed=15.0 mult=1.00 slew=1.00 dest=1 skipped=0
[21:29:16.582] [JOIN] INFO: [trust] grant hand=1,1317382784 streak=150
[21:29:16.720] [JOIN] INFO: [census] FREEZE hand=1,1632202112 name='Mercenary' d=15 (frozen=14)
[21:29:16.818] [JOIN] INFO: [cam] hint recv=-71423.7,1652.6,25051.5
[21:29:16.969] [JOIN] INFO: [census] FREEZE hand=1,1632202112 name='Mercenary' d=30 (frozen=14)
[21:29:17.229] [JOIN] INFO: [census] FREEZE hand=1,1632202112 name='Mercenary' d=30 (frozen=14)
[21:29:17.241] [JOIN] INFO: [cam] center=-71369.0,1641.0,25311.0
[21:29:17.252] [JOIN] INFO: [interp] lerp=29214 extrap=9852 clamp=7 seg=156 single=205434 snapSq=0 snapNpc=0 reissueSq=188 reissueNpc=72 restFlip=0 delay=397 jit=129.2 starve=13 snapMid=16 restFlipMid=1 haltDrv=0 haltCbt=0
[21:29:17.252] [JOIN] INFO: [interp] worstZero hand=7,1111816448 zero=1 active=1 seg=1951
[21:29:17.480] [JOIN] INFO: [census] FREEZE hand=1,1632202112 name='Mercenary' d=30 (frozen=14)
[21:29:17.638] [JOIN] INFO: [auth] map n=95 host=95 join=0 veto=0 vetoTotal=0 gen=101 div=0 consult=913243 recv=213 stale=0 refuse=0
[21:29:17.638] [JOIN] INFO: [census] sent n=95 radius=2000 mid=0 anchors=2 a0=loaded:13 a1=loaded:82 enum=95 notmine=0 proxyrow=0 attnR=1000 resendSup=250 nearSup=1663
[21:29:17.648] [JOIN] INFO: [deed] AUDIT hand=0.2385.11111.198.830322240 isPlayer=1 set=1 sale=0 shop=0 public=1 desig=0 resident=1/0 town=0/1 interior=0 internals=0 doors=0/0/0 furn=0/0/0 canUse=1 home=0/1/0 stuff=1 wallet=3081 squads=2/0/0 cur=0/0 base=-1/-1 owner='204-gamedata.base' name='Campfire'
[21:29:17.738] [JOIN] INFO: [census] FREEZE hand=1,1632202112 name='Mercenary' d=30 (frozen=14)
[21:29:17.835] [JOIN] INFO: [spawn] INFO send hand=1,312,386474624,1,3778564352 found=1 dead=0 age=1.00 sid='1289-gamedata.base' fac='1214-gamedata.base'
[21:29:17.835] [JOIN] INFO: [spawn] INFO send hand=1,382,2239623936,1,1362182656 found=1 dead=0 age=1.00 sid='1227-gamedata.base' fac='1214-gamedata.base'
[21:29:17.835] [JOIN] INFO: [spawn] INFO send hand=1,421,837524416,1,1400268544 found=1 dead=0 age=1.00 sid='1292-gamedata.base' fac='1214-gamedata.base'
[21:29:17.836] [JOIN] INFO: [census] park hand=1,2686523392 name='Rogue Trader' d=124 local=-71446,1636,25331 host=-71545,1645,25405 (parks=199)
[21:29:17.999] [JOIN] INFO: [census] FREEZE hand=1,1632202112 name='Mercenary' d=45 (frozen=14)
[21:29:18.204] [JOIN] INFO: [audit] exist near=33 wide=93 drv=21 cen=70 hid=1 ghost=1 supp=1 census=95 fresh=1 parks=199 nearCap=0 wideCap=0 peerTrunc=0 staleMs=0 edges=0 ghostMax=261 ghostEdge=0 dorm=0 attnR=1000 dormPc=0 pcs=7 mine=0 skip=0 cells=1 truncHold=0 wdHold=0 noBody=0 lostItems=0
[21:29:18.251] [JOIN] INFO: [census] FREEZE hand=1,1632202112 name='Mercenary' d=45 (frozen=14)
[21:29:18.502] [JOIN] INFO: [census] FREEZE hand=1,1632202112 name='Mercenary' d=45 (frozen=14)
[21:29:18.760] [JOIN] INFO: [census] FREEZE hand=1,1632202112 name='Mercenary' d=45 (frozen=13)
[21:29:19.010] [JOIN] INFO: [census] FREEZE hand=1,1632202112 name='Mercenary' d=61 (frozen=13)
[21:29:19.250] [JOIN] INFO: [snap] cover hand=7,1111816448 name='Ninja Guard' gap=41.8 gate=8.0 srcVel=1.8 cSpeed=15.0 mult=1.00 slew=1.00 dest=1 skipped=0
[21:29:19.260] [JOIN] INFO: [census] FREEZE hand=1,1632202112 name='Mercenary' d=61 (frozen=13)
[21:29:19.260] [JOIN] INFO: [cell] MAP cells=1 slots=2 16,37=0
[21:29:19.301] [JOIN] INFO: [gate] hand=7,1111816448 host=1 local=65535  agree=148565/167118 (88%)
[21:29:19.330] [JOIN] INFO: [ai] suspended=4 driven=25 targets=39 rel=96 relWalk=1385u/145s snapCbt=0 snapVeto=0 frzAct=96802 frzHurt=0
[21:29:19.330] [JOIN] INFO: [trust] trusted=25 driven=14 grants=82 revokes=0 koRel=0 koExp=0
[21:29:19.518] [JOIN] INFO: [census] FREEZE hand=1,1632202112 name='Mercenary' d=61 (frozen=13)
[21:29:19.565] [JOIN] INFO: [authority] restore NPC hand=1,2553832960 (proxy/driven exemption; supp=0)
[21:29:19.674] [JOIN] INFO: [census] park hand=1,191040032 name='Sparks' d=120 local=-71654,1644,25311 host=-71576,1644,25403 (parks=200)
[21:29:19.704] [JOIN] INFO: [spawn] INFO send hand=1,357,3856933632,1,2553832960 found=1 dead=0 age=1.00 sid='1227-gamedata.base' fac='1214-gamedata.base'
[21:29:19.704] [JOIN] INFO: [spawn] INFO send hand=1,358,2981689344,1,2694091776 found=1 dead=0 age=1.00 sid='1227-gamedata.base' fac='1214-gamedata.base'
[21:29:19.776] [JOIN] INFO: [census] FREEZE hand=1,1632202112 name='Mercenary' d=61 (frozen=14)
[21:29:19.795] [JOIN] INFO: [furn] RECV EXIT id=44 occ=1,1964477568 furn=153,1637329152 kind=1 ok=1
[21:29:19.795] [JOIN] INFO: [event] RECV id=44 ev=9 owner=0 hand=1,530,2735351552,1,1964477568 actor=153,1637329152
[21:29:19.808] [JOIN] INFO: [life] hand=1,489,3635986432,1,1112304640 from=PARKED to=HI reason=drive
[21:29:19.808] [JOIN] INFO: [census] recv n=95 culls=2 trunc=0
[21:29:19.891] [JOIN] INFO: [furn] RECV ENTER id=45 occ=1,1964477568 furn=153,1637329152 kind=1 ok=1
[21:29:19.891] [JOIN] INFO: [event] RECV id=45 ev=8 owner=0 hand=1,530,2735351552,1,1964477568 actor=153,1637329152
[21:29:19.892] [JOIN] INFO: [sneak] APPLY hand=1,1709716736 on=1 ok=1
[21:29:19.892] [JOIN] INFO: [sneak] APPLY hand=2,3640503040 on=1 ok=1
[21:29:19.892] [JOIN] INFO: [sneak] APPLY hand=3,3548706048 on=1 ok=1
[21:29:19.994] [JOIN] INFO: [life] hand=1,525,2475219712,1,3671997184 from=PARKED to=HI reason=drive
[21:29:19.994] [JOIN] INFO: [pose] rest re-arm task 65535 -> 98
[21:29:19.994] [JOIN] INFO: [pose] applyOrder hand=1,3671997184 task=98 subj=152,2223632896,0 wire=152,2223632896 det=1 r=2 try=0
[21:29:20.034] [JOIN] INFO: [census] FREEZE hand=1,1632202112 name='Mercenary' d=77 (frozen=14)
[21:29:20.216] [JOIN] INFO: [stage] lines=166/10s peak us: frame-end=14316/9924 engine=2629/1269 pub:weaponDrops=284/67 app:targets=196/69 app:authority=194/63
[21:29:20.284] [JOIN] INFO: [census] FREEZE hand=1,1632202112 name='Mercenary' d=77 (frozen=14)
[21:29:20.306] [JOIN] INFO: [budget] pub avg=166us max=354us apply avg=135us max=308us frames=453 over2ms=0
[21:29:20.306] [JOIN] INFO: [q] peak evt=1 ent=5/4096 inv=2 cen=1 stealth=0 cam=1 (dropped ent=3753 earlier)
[21:29:20.382] [JOIN] INFO: [net] CLOCKSYNC offset=-7201561 rtt=82 n=61
[21:29:20.382] [JOIN] INFO: [net] [net] bandwidth out=11.0 KB/s in=8.9 KB/s (window 5s)
[21:29:20.382] [JOIN] INFO: [net] [net] mix out ent=82/26.4KB census=5/15.4KB inv=4/7.1KB med=7/3.2KB stats=4/0.8KB spwnInf=5/0.7KB +cam=5,spdReq=2,cell=1
[21:29:20.382] [JOIN] INFO: [net] [net] mix in  census=5/15.4KB med=24/10.9KB ent=29/9.5KB inv=2/3.8KB stats=3/0.6KB spwnReq=5/0.1KB +evt=2,time=5,cam=4,spdSet=2,tpong=2,cell=1,money=1
[21:29:20.543] [JOIN] INFO: [census] FREEZE hand=1,1632202112 name='Mercenary' d=77 (frozen=14)
[21:29:20.793] [JOIN] INFO: [stats] RECV hand=1,1709716736 ok=1 str=42.3 dex=33.2 tough=45.2 stealth=60.9 athl=56.8 xp=0
[21:29:20.793] [JOIN] INFO: [stats] RECV hand=2,3640503040 ok=1 str=29.7 dex=18.6 tough=45.5 stealth=33.8 athl=43.4 xp=0
[21:29:20.793] [JOIN] INFO: [stats] RECV hand=3,3548706048 ok=1 str=3.8 dex=10.1 tough=24.4 stealth=30.9 athl=24.4 xp=0
[21:29:20.793] [JOIN] INFO: [time] OFFSET off=0.0021gh slew=1.00 host=1040.90819 local=1040.90608
[21:29:20.794] [JOIN] INFO: [inv] APPLY hand=1,1,2172729600,1,1709716736 items=13
[21:29:20.794] [JOIN] INFO: [inv] APPLY hand=1,1,2172729600,3,3548706048 items=11
[21:29:20.795] [JOIN] INFO: [census] FREEZE hand=1,1632202112 name='Mercenary' d=92 (frozen=14)
[21:29:21.044] [JOIN] INFO: [census] FREEZE hand=1,2374145536 name='Egg' d=80 (frozen=14)
[21:29:21.085] [JOIN] INFO: [furn] RECV EXIT id=46 occ=1,2730834944 furn=151,3629882880 kind=1 ok=1
[21:29:21.085] [JOIN] INFO: [event] RECV id=46 ev=9 owner=0 hand=1,418,1020751936,1,2730834944 actor=151,3629882880
[21:29:21.158] [JOIN] INFO: [furn] RECV ENTER id=47 occ=1,2730834944 furn=151,3629882880 kind=1 ok=1
[21:29:21.158] [JOIN] INFO: [event] RECV id=47 ev=8 owner=0 hand=1,418,1020751936,1,2730834944 actor=151,3629882880
[21:29:21.307] [JOIN] INFO: [census] FREEZE hand=1,1632202112 name='Mercenary' d=92 (frozen=14)
[21:29:21.411] [JOIN] INFO: [trust] grant hand=1,1112304640 streak=150
[21:29:21.561] [JOIN] INFO: [census] FREEZE hand=1,1632202112 name='Mercenary' d=92 (frozen=14)
[21:29:21.603] [JOIN] INFO: [trust] grant hand=1,3671997184 streak=150
[21:29:21.818] [JOIN] INFO: [census] FREEZE hand=1,1632202112 name='Mercenary' d=92 (frozen=14)
[21:29:21.923] [JOIN] INFO: [census] park hand=1,3046630912 name='Hungry bandit' d=128 local=-71446,1639,25351 host=-71557,1645,25414 (parks=203)
[21:29:21.923] [JOIN] INFO: [cam] hint recv=-71397.3,1646.6,25032.0
[21:29:22.072] [JOIN] INFO: [census] FREEZE hand=1,1632202112 name='Mercenary' d=107 (frozen=15)
[21:29:22.240] [JOIN] INFO: [life] pruned throttle stamps=1
[21:29:22.240] [JOIN] INFO: [cam] center=-71367.3,1657.3,25264.1
[21:29:22.262] [JOIN] INFO: [interp] lerp=30631 extrap=10342 clamp=7 seg=156 single=215968 snapSq=0 snapNpc=0 reissueSq=188 reissueNpc=73 restFlip=0 delay=472 jit=150.7 starve=5 snapMid=17 restFlipMid=1 haltDrv=0 haltCbt=0
[21:29:22.262] [JOIN] INFO: [interp] worstZero hand=7,1111816448 zero=3 active=3 seg=1951
[21:29:22.326] [JOIN] INFO: [census] FREEZE hand=1,1632202112 name='Mercenary' d=107 (frozen=15)
[21:29:22.336] [JOIN] INFO: [ai] suspended=4 driven=33 targets=41 rel=96 relWalk=1385u/145s snapCbt=0 snapVeto=0 frzAct=100041 frzHurt=0
[21:29:22.336] [JOIN] INFO: [trust] trusted=27 driven=14 grants=84 revokes=0 koRel=0 koExp=0
[21:29:22.377] [JOIN] INFO: [census] park hand=1,3246582016 name='Mercenary' d=121 local=-71474,1647,25363 host=-71576,1644,25428 (parks=206)
[21:29:22.515] [JOIN] INFO: [med] SEND hand=1,2916870144 npc=0 blood=91.9 bleed=0.00 fl=100.0,100.0,125.4,100.0 bd=0.0,0.0,0.0,0.0 flags=0 nparts=7 pmin=100.0 smin=0.0 ls=0,0,2,0
[21:29:22.582] [JOIN] INFO: [census] FREEZE hand=1,1632202112 name='Mercenary' d=107 (frozen=16)
[21:29:22.669] [JOIN] INFO: [auth] map n=95 host=95 join=0 veto=0 vetoTotal=0 gen=106 div=0 consult=955950 recv=213 stale=0 refuse=0
[21:29:22.702] [JOIN] INFO: [deed] AUDIT hand=0.2385.11111.198.830322240 isPlayer=1 set=1 sale=0 shop=0 public=1 desig=0 resident=1/0 town=0/1 interior=0 internals=0 doors=0/0/0 furn=0/0/0 canUse=1 home=0/1/0 stuff=1 wallet=3081 squads=2/0/0 cur=0/0 base=-1/-1 owner='204-gamedata.base' name='Campfire'
[21:29:22.820] [JOIN] INFO: [census] park hand=1,1632202112 name='Mercenary' d=122 local=-71362,1644,25080 host=-71482,1664,25078 (parks=207)
[21:29:22.841] [JOIN] INFO: [census] FREEZE hand=1,1632202112 name='Mercenary' d=0 (frozen=16)
[21:29:23.098] [JOIN] INFO: [census] FREEZE hand=1,1632202112 name='Mercenary' d=0 (frozen=17)
[21:29:23.219] [JOIN] INFO: [audit] exist near=35 wide=93 drv=30 cen=63 hid=0 ghost=0 supp=0 census=95 fresh=1 parks=210 nearCap=0 wideCap=0 peerTrunc=0 staleMs=0 edges=0 ghostMax=-1 ghostEdge=0 dorm=0 attnR=1000 dormPc=0 pcs=7 mine=0 skip=0 cells=1 truncHold=0 wdHold=0 noBody=0 lostItems=0
[21:29:23.312] [JOIN] INFO: [gate] hand=1,207763664 host=51 local=65535  agree=156694/175262 (89%)
[21:29:23.353] [JOIN] INFO: [census] FREEZE hand=1,1632202112 name='Mercenary' d=0 (frozen=17)
[21:29:23.581] [JOIN] INFO: [life] hand=1,481,3322509824,1,656127936 from=PARKED to=HI reason=drive
[21:29:23.581] [JOIN] INFO: [pose] rest re-arm task 65535 -> 87
[21:29:23.581] [JOIN] INFO: [pose] applyOrder hand=1,656127936 task=87 subj=71,3287109376,0 wire=71,3287109376 det=1 r=2 try=0
[21:29:23.605] [JOIN] INFO: [census] FREEZE hand=1,1632202112 name='Mercenary' d=0 (frozen=17)
[21:29:23.670] [JOIN] INFO: [census] park hand=1,2952758784 name='Rogue Trader' d=123 local=-71393,1630,25434 host=-71511,1646,25402 (parks=211)
[21:29:23.681] [JOIN] INFO: [spawn] INFO send hand=1,312,386474624,1,3778564352 found=1 dead=0 age=1.00 sid='1289-gamedata.base' fac='1214-gamedata.base'
[21:29:23.681] [JOIN] INFO: [spawn] INFO send hand=1,382,2239623936,1,1362182656 found=1 dead=0 age=1.00 sid='1227-gamedata.base' fac='1214-gamedata.base'
[21:29:23.681] [JOIN] INFO: [spawn] INFO send hand=1,421,837524416,1,1400268544 found=1 dead=0 age=1.00 sid='1292-gamedata.base' fac='1214-gamedata.base'
[21:29:23.726] [JOIN] INFO: [life] hand=1,517,210937504,1,235961920 from=PARKED to=HI reason=drive
[21:29:23.864] [JOIN] INFO: [census] FREEZE hand=1,1632202112 name='Mercenary' d=15 (frozen=18)
[21:29:24.121] [JOIN] INFO: [census] FREEZE hand=1,1632202112 name='Mercenary' d=15 (frozen=18)
[21:29:24.269] [JOIN] INFO: [cell] MAP cells=1 slots=2 16,37=0
[21:29:24.371] [JOIN] INFO: [census] FREEZE hand=1,2686523392 name='Rogue Trader' d=36 (frozen=18)
[21:29:24.623] [JOIN] INFO: [census] FREEZE hand=1,1632202112 name='Mercenary' d=15 (frozen=18)
[21:29:24.807] [JOIN] INFO: [life] hand=1,404,362304672,1,207763664 from=PARKED to=MID reason=drive
[21:29:24.821] [JOIN] INFO: [life] hand=1,404,362304672,1,207763664 from=MID to=PARKED reason=mid-rest
[21:29:24.831] [JOIN] INFO: [census] park hand=1,2374145536 name='Egg' d=132 local=-71432,1630,25392 host=-71560,1645,25418 (parks=212)
[21:29:24.881] [JOIN] INFO: [census] FREEZE hand=1,1632202112 name='Mercenary' d=10 (frozen=18)
[21:29:25.135] [JOIN] INFO: [census] FREEZE hand=1,1632202112 name='Mercenary' d=10 (frozen=18)
[21:29:25.164] [JOIN] INFO: [trust] grant hand=1,656127936 streak=150
[21:29:25.294] [JOIN] INFO: [trust] grant hand=1,235961920 streak=150
[21:29:25.306] [JOIN] INFO: [budget] pub avg=163us max=538us apply avg=140us max=387us frames=471 over2ms=0
[21:29:25.306] [JOIN] INFO: [q] peak evt=1 ent=5/4096 inv=2 cen=1 stealth=0 cam=1 (dropped ent=3753 earlier)
[21:29:25.317] [JOIN] INFO: [gate] hand=1,207763664 host=51 local=1  agree=161334/180072 (89%)
[21:29:25.339] [JOIN] INFO: [ai] suspended=4 driven=35 targets=43 rel=97 relWalk=1404u/154s snapCbt=0 snapVeto=0 frzAct=104231 frzHurt=0
[21:29:25.339] [JOIN] INFO: [trust] trusted=29 driven=14 grants=86 revokes=0 koRel=0 koExp=0
[21:29:25.391] [JOIN] INFO: [census] FREEZE hand=1,1632202112 name='Mercenary' d=10 (frozen=18)
[21:29:25.417] [JOIN] INFO: [net] CLOCKSYNC offset=-7201563 rtt=77 n=64
[21:29:25.417] [JOIN] INFO: [net] [net] bandwidth out=10.5 KB/s in=9.2 KB/s (window 5s)
[21:29:25.417] [JOIN] INFO: [net] [net] mix out ent=72/23.2KB census=5/15.4KB inv=4/7.1KB med=8/3.6KB stats=4/0.8KB spwnInf=3/0.4KB +cam=5,deed=1,spdReq=2,cell=1
[21:29:25.417] [JOIN] INFO: [net] [net] mix in  census=5/15.4KB ent=47/15.2KB med=19/8.7KB inv=2/3.8KB research=11/0.6KB stats=3/0.6KB +evt=2,time=5,cam=5,spwnReq=3,tpong=3,spdSet=2,cell=1,money=1
[21:29:25.433] [JOIN] INFO: [life] hand=1,301,292480480,1,51635744 from=PARKED to=HI reason=drive
[21:29:25.647] [JOIN] INFO: [census] FREEZE hand=1,1632202112 name='Mercenary' d=10 (frozen=18)
[21:29:25.718] [JOIN] INFO: [spawn] INFO send hand=1,357,3856933632,1,2553832960 found=1 dead=0 age=1.00 sid='1227-gamedata.base' fac='1214-gamedata.base'
[21:29:25.718] [JOIN] INFO: [spawn] INFO send hand=1,358,2981689344,1,2694091776 found=1 dead=0 age=1.00 sid='1227-gamedata.base' fac='1214-gamedata.base'
[21:29:25.834] [JOIN] INFO: [stats] RECV hand=1,1709716736 ok=1 str=42.3 dex=33.2 tough=45.2 stealth=60.9 athl=56.8 xp=0
[21:29:25.834] [JOIN] INFO: [stats] RECV hand=2,3640503040 ok=1 str=29.7 dex=18.6 tough=45.5 stealth=33.8 athl=43.4 xp=0
[21:29:25.834] [JOIN] INFO: [stats] RECV hand=3,3548706048 ok=1 str=3.8 dex=10.1 tough=24.4 stealth=30.9 athl=24.4 xp=0
[21:29:25.834] [JOIN] INFO: [time] OFFSET off=0.0023gh slew=1.00 host=1040.95460 local=1040.95229
[21:29:25.836] [JOIN] INFO: [inv] APPLY hand=1,1,2172729600,1,1709716736 items=13
[21:29:25.836] [JOIN] INFO: [inv] APPLY hand=1,1,2172729600,3,3548706048 items=11
[21:29:25.836] [JOIN] INFO: [census] park hand=1,853149440 name='Holy Pacifier' d=130 local=-71450,1643,25354 host=-71562,1645,25420 (parks=213)
[21:29:25.907] [JOIN] INFO: [census] FREEZE hand=1,1632202112 name='Mercenary' d=17 (frozen=19)
[21:29:26.162] [JOIN] INFO: [census] FREEZE hand=1,1632202112 name='Mercenary' d=17 (frozen=19)
[21:29:26.360] [JOIN] INFO: [sneak] DETECT RECV hand=1,2916870144 seers=1 applied=1 unseen=1 cleared=0
[21:29:26.360] [JOIN] INFO: [sneak] DETECT RECV hand=2,3233642496 seers=1 applied=1 unseen=1 cleared=0
[21:29:26.360] [JOIN] INFO: [sneak] DETECT RECV hand=3,705200192 seers=1 applied=1 unseen=1 cleared=0
[21:29:26.360] [JOIN] INFO: [sneak] DETECT RECV hand=4,2053588864 seers=1 applied=1 unseen=1 cleared=0
[21:29:26.414] [JOIN] INFO: [census] FREEZE hand=1,1632202112 name='Mercenary' d=17 (frozen=19)
[21:29:26.629] [JOIN] INFO: [sneak] DETECT RECV hand=1,2916870144 seers=2 applied=2 unseen=2 cleared=0
[21:29:26.629] [JOIN] INFO: [sneak] DETECT RECV hand=2,3233642496 seers=2 applied=2 unseen=2 cleared=0
[21:29:26.665] [JOIN] INFO: [census] FREEZE hand=1,1632202112 name='Mercenary' d=17 (frozen=19)
[21:29:26.829] [JOIN] INFO: [life] hand=1,404,362304672,1,207763664 from=PARKED to=MID reason=drive
[21:29:26.839] [JOIN] INFO: [life] hand=1,404,362304672,1,207763664 from=MID to=PARKED reason=mid-rest
[21:29:26.862] [JOIN] INFO: [census] park hand=1,191040032 name='Sparks' d=122 local=-71576,1644,25403 host=-71463,1647,25359 (parks=214)
[21:29:26.882] [JOIN] INFO: [sneak] DETECT RECV hand=2,3233642496 seers=2 applied=2 unseen=2 cleared=0
[21:29:26.882] [JOIN] INFO: [sneak] DETECT RECV hand=4,2053588864 seers=2 applied=2 unseen=2 cleared=0
[21:29:26.882] [JOIN] INFO: [sneak] DETECT RECV hand=3,705200192 seers=4 applied=4 unseen=2 cleared=0
[21:29:26.915] [JOIN] INFO: [census] FREEZE hand=1,1632202112 name='Mercenary' d=31 (frozen=19)
[21:29:27.005] [JOIN] INFO: [trust] grant hand=1,51635744 streak=150
[21:29:27.150] [JOIN] INFO: [sneak] DETECT RECV hand=2,3233642496 seers=2 applied=2 unseen=2 cleared=0
[21:29:27.150] [JOIN] INFO: [sneak] DETECT RECV hand=4,2053588864 seers=2 applied=2 unseen=2 cleared=0
[21:29:27.150] [JOIN] INFO: [sneak] DETECT RECV hand=3,705200192 seers=4 applied=4 unseen=2 cleared=0
[21:29:27.172] [JOIN] INFO: [census] FREEZE hand=1,1632202112 name='Mercenary' d=31 (frozen=19)
[21:29:27.242] [JOIN] INFO: [cam] center=-71367.3,1657.3,25264.1
[21:29:27.271] [JOIN] INFO: [interp] lerp=32452 extrap=10925 clamp=7 seg=156 single=230549 snapSq=0 snapNpc=0 reissueSq=188 reissueNpc=73 restFlip=0 delay=538 jit=164.9 starve=8 snapMid=17 restFlipMid=1 haltDrv=0 haltCbt=0
[21:29:27.271] [JOIN] INFO: [interp] worstZero hand=7,1111816448 zero=3 active=3 seg=1951
[21:29:27.320] [JOIN] INFO: [gate] hand=1,207763664 host=51 local=1  agree=166130/185059 (89%)
[21:29:27.429] [JOIN] INFO: [census] FREEZE hand=1,1632202112 name='Mercenary' d=31 (frozen=19)
[21:29:27.680] [JOIN] INFO: [census] FREEZE hand=1,1632202112 name='Mercenary' d=31 (frozen=19)
[21:29:27.691] [JOIN] INFO: [auth] map n=95 host=95 join=0 veto=0 vetoTotal=0 gen=111 div=0 consult=1000490 recv=213 stale=0 refuse=0
[21:29:27.691] [JOIN] INFO: [census] sent n=95 radius=2000 mid=0 anchors=2 a0=loaded:13 a1=loaded:82 enum=95 notmine=0 proxyrow=0 attnR=1000 resendSup=250 nearSup=1663
[21:29:27.731] [JOIN] INFO: [deed] AUDIT hand=0.2385.11111.198.830322240 isPlayer=1 set=1 sale=0 shop=0 public=1 desig=0 resident=1/0 town=0/1 interior=0 internals=0 doors=0/0/0 furn=0/0/0 canUse=1 home=0/1/0 stuff=1 wallet=3081 squads=2/0/0 cur=0/0 base=-1/-1 owner='204-gamedata.base' name='Campfire'
[21:29:27.934] [JOIN] INFO: [census] FREEZE hand=1,1632202112 name='Mercenary' d=31 (frozen=19)
[21:29:27.974] [JOIN] INFO: [sneak] DETECT RECV hand=2,3233642496 seers=3 applied=3 unseen=2 cleared=0
[21:29:27.974] [JOIN] INFO: [sneak] DETECT RECV hand=4,2053588864 seers=3 applied=3 unseen=2 cleared=0
[21:29:27.974] [JOIN] INFO: [sneak] DETECT RECV hand=3,705200192 seers=5 applied=5 unseen=2 cleared=0
[21:29:27.974] [JOIN] INFO: [sneak] DETECT RECV hand=1,2916870144 seers=3 applied=3 unseen=2 cleared=0
[21:29:27.974] [JOIN] INFO: [sneak] DETECT RECV hand=2,3233642496 seers=4 applied=4 unseen=2 cleared=0
[21:29:27.976] [JOIN] INFO: [census] park hand=1,722534208 name='Silvershade' d=125 local=-71434,1634,25361 host=-71388,1649,25477 (parks=215)
[21:29:27.985] [JOIN] INFO: [sneak] DETECT RECV hand=4,2053588864 seers=4 applied=4 unseen=2 cleared=0
[21:29:27.985] [JOIN] INFO: [sneak] DETECT RECV hand=3,705200192 seers=6 applied=6 unseen=2 cleared=0
[21:29:27.985] [JOIN] INFO: [sneak] DETECT RECV hand=1,2916870144 seers=4 applied=4 unseen=2 cleared=0
[21:29:27.985] [JOIN] INFO: [sneak] DETECT RECV hand=2,3233642496 seers=4 applied=4 unseen=0 cleared=0
[21:29:27.985] [JOIN] INFO: [sneak] DETECT RECV hand=4,2053588864 seers=4 applied=4 unseen=0 cleared=0
[21:29:27.985] [JOIN] INFO: [sneak] DETECT RECV hand=3,705200192 seers=6 applied=6 unseen=2 cleared=0
[21:29:27.986] [JOIN] INFO: [cam] hint recv=-71397.3,1646.6,25032.0
[21:29:28.089] [JOIN] INFO: [inv] APPLY hand=1,1,2172729600,2,3640503040 items=32
[21:29:28.185] [JOIN] INFO: [census] FREEZE hand=1,1632202112 name='Mercenary' d=45 (frozen=19)
[21:29:28.209] [JOIN] INFO: [sneak] DETECT RECV hand=1,2916870144 seers=4 applied=4 unseen=2 cleared=0
[21:29:28.209] [JOIN] INFO: [sneak] DETECT RECV hand=2,3233642496 seers=4 applied=4 unseen=0 cleared=0
[21:29:28.209] [JOIN] INFO: [sneak] DETECT RECV hand=4,2053588864 seers=4 applied=4 unseen=0 cleared=0
[21:29:28.274] [JOIN] INFO: [sneak] DETECT RECV hand=3,705200192 seers=6 applied=6 unseen=2 cleared=0
[21:29:28.316] [JOIN] INFO: [audit] exist near=35 wide=93 drv=30 cen=62 hid=0 ghost=1 supp=0 census=95 fresh=1 parks=216 nearCap=0 wideCap=0 peerTrunc=0 staleMs=0 edges=0 ghostMax=243 ghostEdge=0 dorm=0 attnR=1000 dormPc=0 pcs=7 mine=0 skip=0 cells=1 truncHold=0 wdHold=0 noBody=0 lostItems=0
[21:29:28.345] [JOIN] INFO: [life] hand=1,404,362304672,1,207763664 from=PARKED to=MID reason=drive
[21:29:28.345] [JOIN] INFO: [ai] suspended=5 driven=34 targets=44 rel=98 relWalk=1410u/158s snapCbt=0 snapVeto=0 frzAct=108792 frzHurt=0
[21:29:28.345] [JOIN] INFO: [trust] trusted=30 driven=14 grants=87 revokes=0 koRel=0 koExp=0
[21:29:28.355] [JOIN] INFO: [life] hand=1,404,362304672,1,207763664 from=MID to=PARKED reason=mid-rest
[21:29:28.443] [JOIN] INFO: [census] FREEZE hand=1,1632202112 name='Mercenary' d=45 (frozen=19)
[21:29:28.461] [JOIN] INFO: [sneak] DETECT RECV hand=2,3233642496 seers=4 applied=4 unseen=0 cleared=0
[21:29:28.461] [JOIN] INFO: [sneak] DETECT RECV hand=4,2053588864 seers=4 applied=4 unseen=0 cleared=0
[21:29:28.461] [JOIN] INFO: [sneak] DETECT RECV hand=1,2916870144 seers=4 applied=4 unseen=2 cleared=0
[21:29:28.461] [JOIN] INFO: [sneak] DETECT RECV hand=3,705200192 seers=6 applied=6 unseen=2 cleared=0
[21:29:28.701] [JOIN] INFO: [census] FREEZE hand=1,1632202112 name='Mercenary' d=45 (frozen=18)
[21:29:28.726] [JOIN] INFO: [sneak] DETECT RECV hand=3,705200192 seers=6 applied=6 unseen=0 cleared=0
[21:29:28.740] [JOIN] INFO: [life] hand=1,390,1742065408,7,1111816448 from=MID to=PARKED reason=census-wide
[21:29:28.740] [JOIN] INFO: [census] park hand=7,1111816448 name='Ninja Guard' d=158 local=-71632,1644,25333 host=-71478,1647,25371 (parks=217)
[21:29:28.778] [JOIN] INFO: [sneak] DETECT RECV hand=1,2916870144 seers=5 applied=5 unseen=2 cleared=0
[21:29:28.959] [JOIN] INFO: [census] FREEZE hand=1,1632202112 name='Mercenary' d=45 (frozen=19)
[21:29:28.978] [JOIN] INFO: [sneak] DETECT RECV hand=2,3233642496 seers=5 applied=5 unseen=0 cleared=0
[21:29:28.978] [JOIN] INFO: [sneak] DETECT RECV hand=4,2053588864 seers=5 applied=5 unseen=0 cleared=0
[21:29:28.978] [JOIN] INFO: [sneak] DETECT RECV hand=3,705200192 seers=7 applied=7 unseen=0 cleared=0
[21:29:29.079] [JOIN] INFO: [stats] RECV hand=2,3640503040 ok=1 str=29.7 dex=18.6 tough=45.5 stealth=33.8 athl=43.4 xp=0
[21:29:29.079] [JOIN] INFO: [sneak] DETECT RECV hand=1,2916870144 seers=5 applied=5 unseen=2 cleared=0
[21:29:29.212] [JOIN] INFO: [census] FREEZE hand=1,1632202112 name='Mercenary' d=60 (frozen=19)
[21:29:29.275] [JOIN] INFO: [cell] MAP cells=1 slots=2 16,37=0
[21:29:29.325] [JOIN] INFO: [gate] hand=1,207763664 host=51 local=1  agree=170356/189476 (89%)
[21:29:29.469] [JOIN] INFO: [census] FREEZE hand=1,1632202112 name='Mercenary' d=60 (frozen=19)
[21:29:29.480] [JOIN] INFO: [sneak] DETECT RECV hand=2,3233642496 seers=5 applied=5 unseen=0 cleared=0
[21:29:29.480] [JOIN] INFO: [sneak] DETECT RECV hand=4,2053588864 seers=5 applied=5 unseen=0 cleared=0
[21:29:29.480] [JOIN] INFO: [sneak] DETECT RECV hand=3,705200192 seers=7 applied=7 unseen=0 cleared=0
[21:29:29.480] [JOIN] INFO: [sneak] DETECT RECV hand=1,2916870144 seers=5 applied=5 unseen=2 cleared=0
[21:29:29.480] [JOIN] INFO: [sneak] DETECT RECV hand=2,3233642496 seers=5 applied=5 unseen=0 cleared=0
[21:29:29.683] [JOIN] INFO: [spawn] INFO send hand=1,312,386474624,1,3778564352 found=1 dead=0 age=1.00 sid='1289-gamedata.base' fac='1214-gamedata.base'
[21:29:29.683] [JOIN] INFO: [spawn] INFO send hand=1,382,2239623936,1,1362182656 found=1 dead=0 age=1.00 sid='1227-gamedata.base' fac='1214-gamedata.base'
[21:29:29.683] [JOIN] INFO: [spawn] INFO send hand=1,421,837524416,1,1400268544 found=1 dead=0 age=1.00 sid='1292-gamedata.base' fac='1214-gamedata.base'
[21:29:29.728] [JOIN] INFO: [census] FREEZE hand=1,1632202112 name='Mercenary' d=60 (frozen=19)
[21:29:29.784] [JOIN] INFO: [life] hand=1,533,2564941312,1,1287963904 from=HI to=PARKED reason=census-wide
[21:29:29.803] [JOIN] INFO: [speed] REQ mult=5.00 paused=0 combat=0
[21:29:29.824] [JOIN] INFO: [sneak] DETECT RECV hand=3,705200192 seers=7 applied=7 unseen=0 cleared=0
[21:29:29.824] [JOIN] INFO: [sneak] DETECT RECV hand=1,2916870144 seers=5 applied=5 unseen=2 cleared=0
[21:29:29.826] [JOIN] INFO: [census] recv n=95 culls=2 trunc=0
[21:29:29.855] [JOIN] INFO: [life] hand=1,404,362304672,1,207763664 from=PARKED to=MID reason=drive
[21:29:29.866] [JOIN] INFO: [life] hand=1,404,362304672,1,207763664 from=MID to=PARKED reason=mid-rest
[21:29:29.941] [JOIN] INFO: [sneak] DETECT RECV hand=4,2053588864 seers=5 applied=5 unseen=0 cleared=0
[21:29:29.983] [JOIN] INFO: [census] FREEZE hand=1,1632202112 name='Mercenary' d=75 (frozen=19)
[21:29:30.071] [JOIN] INFO: [sneak] DETECT RECV hand=3,705200192 seers=7 applied=7 unseen=0 cleared=0
[21:29:30.071] [JOIN] INFO: [speed] SET mult=5.00 paused=0 combat=0
[21:29:30.199] [JOIN] INFO: [sneak] DETECT RECV hand=2,3233642496 seers=5 applied=5 unseen=0 cleared=0
[21:29:30.199] [JOIN] INFO: [sneak] DETECT RECV hand=4,2053588864 seers=5 applied=5 unseen=0 cleared=0
[21:29:30.220] [JOIN] INFO: [stage] lines=187/10s peak us: frame-end=15288/9074 engine=3837/1208 pub:owned=259/61 app:authority=255/67 app:targets=234/67
[21:29:30.243] [JOIN] INFO: [census] FREEZE hand=1,1632202112 name='Mercenary' d=75 (frozen=19)
[21:29:30.252] [JOIN] INFO: [sneak] DETECT RECV hand=3,705200192 seers=8 applied=8 unseen=0 cleared=0
[21:29:30.309] [JOIN] INFO: [budget] pub avg=171us max=426us apply avg=143us max=420us frames=473 over2ms=0
[21:29:30.309] [JOIN] INFO: [q] peak evt=0 ent=4/4096 inv=2 cen=1 stealth=6 cam=1 (dropped ent=3753 earlier)
[21:29:30.394] [JOIN] INFO: [sneak] DETECT RECV hand=1,2916870144 seers=5 applied=5 unseen=0 cleared=0
[21:29:30.441] [JOIN] INFO: [net] CLOCKSYNC offset=-7201563 rtt=77 n=66
[21:29:30.441] [JOIN] INFO: [net] [net] bandwidth out=10.7 KB/s in=15.0 KB/s (window 5s)
[21:29:30.441] [JOIN] INFO: [net] [net] mix out ent=77/24.8KB census=5/15.4KB inv=4/7.1KB med=6/2.7KB stats=4/0.8KB spwnInf=5/0.7KB +cam=5,spdReq=2,cell=1
[21:29:30.441] [JOIN] INFO: [net] [net] mix in  stealth=50/20.8KB census=5/15.4KB ent=39/12.6KB med=23/10.5KB inv=3/8.8KB stats=4/0.8KB +spwnReq=5,time=5,cam=5,deed=1,spdSet=2,tpong=2,cell=1,money=1
[21:29:30.497] [JOIN] INFO: [census] FREEZE hand=1,1632202112 name='Mercenary' d=75 (frozen=19)
[21:29:30.521] [JOIN] INFO: [sneak] DETECT RECV hand=4,2053588864 seers=5 applied=5 unseen=0 cleared=0
[21:29:30.521] [JOIN] INFO: [sneak] DETECT RECV hand=3,705200192 seers=8 applied=8 unseen=0 cleared=0
[21:29:30.522] [JOIN] INFO: [census] park hand=1,435791008 name='Pan' d=123 local=-71655,1643,25446 host=-71544,1645,25395 (parks=219)
[21:29:30.590] [JOIN] INFO: [sneak] DETECT RECV hand=1,2916870144 seers=5 applied=5 unseen=0 cleared=0
[21:29:30.752] [JOIN] INFO: [census] FREEZE hand=1,1632202112 name='Mercenary' d=75 (frozen=20)
[21:29:30.790] [JOIN] INFO: [sneak] DETECT RECV hand=3,705200192 seers=8 applied=8 unseen=0 cleared=0
[21:29:30.899] [JOIN] INFO: [stats] RECV hand=1,1709716736 ok=1 str=42.3 dex=33.2 tough=45.2 stealth=60.9 athl=56.8 xp=0
[21:29:30.899] [JOIN] INFO: [stats] RECV hand=3,3548706048 ok=1 str=3.8 dex=10.1 tough=24.4 stealth=31.0 athl=24.4 xp=0
[21:29:30.899] [JOIN] INFO: [time] OFFSET off=0.0024gh slew=1.00 host=1041.03195 local=1041.02958
[21:29:30.901] [JOIN] INFO: [life] hand=1,536,2047119104,1,362792960 from=PARKED to=HI reason=drive
[21:29:30.901] [JOIN] INFO: [inv] APPLY hand=1,1,2172729600,1,1709716736 items=13
[21:29:30.901] [JOIN] INFO: [inv] APPLY hand=1,1,2172729600,3,3548706048 items=11
[21:29:30.901] [JOIN] INFO: [census] park hand=1,1632202112 name='Mercenary' d=137 local=-71482,1664,25078 host=-71390,1659,25179 (parks=220)
[21:29:30.985] [JOIN] INFO: [sneak] DETECT RECV hand=2,3233642496 seers=6 applied=6 unseen=0 cleared=0
[21:29:30.985] [JOIN] INFO: [sneak] DETECT RECV hand=4,2053588864 seers=6 applied=6 unseen=0 cleared=0
[21:29:31.006] [JOIN] INFO: [census] FREEZE hand=1,1632202112 name='Mercenary' d=0 (frozen=20)
[21:29:31.034] [JOIN] INFO: [sneak] DETECT RECV hand=3,705200192 seers=8 applied=8 unseen=0 cleared=0
[21:29:31.092] [JOIN] INFO: [sneak] DETECT RECV hand=1,2916870144 seers=6 applied=6 unseen=0 cleared=0
[21:29:31.147] [JOIN] INFO: [speed] REQ mult=0.00 paused=1 combat=0
[21:29:31.257] [JOIN] INFO: [census] FREEZE hand=1,2663207936 name='Planito' d=34 (frozen=20)
[21:29:31.346] [JOIN] INFO: [ai] suspended=5 driven=33 targets=45 rel=100 relWalk=1412u/159s snapCbt=0 snapVeto=0 frzAct=113517 frzHurt=0
[21:29:31.346] [JOIN] INFO: [trust] trusted=30 driven=15 grants=87 revokes=0 koRel=0 koExp=0
[21:29:31.462] [JOIN] INFO: [sneak] DETECT RECV hand=2,3233642496 seers=6 applied=6 unseen=0 cleared=0
[21:29:31.462] [JOIN] INFO: [sneak] DETECT RECV hand=4,2053588864 seers=6 applied=6 unseen=0 cleared=0
[21:29:31.462] [JOIN] INFO: [sneak] DETECT RECV hand=3,705200192 seers=9 applied=9 unseen=0 cleared=0
[21:29:31.462] [JOIN] INFO: [sneak] DETECT RECV hand=1,2916870144 seers=7 applied=7 unseen=0 cleared=0
[21:29:31.462] [JOIN] INFO: [sneak] DETECT RECV hand=2,3233642496 seers=7 applied=7 unseen=0 cleared=0
[21:29:31.462] [JOIN] INFO: [sneak] DETECT RECV hand=4,2053588864 seers=7 applied=7 unseen=0 cleared=0
[21:29:31.462] [JOIN] INFO: [speed] SET mult=0.00 paused=1 combat=0
[21:29:31.510] [JOIN] INFO: [census] FREEZE hand=1,2663207936 name='Planito' d=34 (frozen=20)
[21:29:31.573] [JOIN] INFO: [sneak] DETECT RECV hand=3,705200192 seers=9 applied=9 unseen=0 cleared=0
[21:29:31.758] [JOIN] INFO: [spawn] INFO send hand=1,357,3856933632,1,2553832960 found=1 dead=0 age=1.00 sid='1227-gamedata.base' fac='1214-gamedata.base'
[21:29:31.758] [JOIN] INFO: [spawn] INFO send hand=1,358,2981689344,1,2694091776 found=1 dead=0 age=1.00 sid='1227-gamedata.base' fac='1214-gamedata.base'
[21:29:31.768] [JOIN] INFO: [census] FREEZE hand=1,2663207936 name='Planito' d=34 (frozen=19)
[21:29:31.886] [JOIN] INFO: [census] park hand=1,191040032 name='Sparks' d=125 local=-71463,1647,25359 host=-71389,1643,25459 (parks=222)
[21:29:32.019] [JOIN] INFO: [census] FREEZE hand=1,2663207936 name='Planito' d=34 (frozen=19)
[21:29:32.249] [JOIN] INFO: [cam] center=-71367.3,1657.3,25264.1
[21:29:32.278] [JOIN] INFO: [snap] squad hand=2,3640503040 name='Gerrinak The Stone Bunny' gap=40.9 gate=40.8 srcVel=0.0 cSpeed=15.0 mult=0.00 slew=1.00 dest=1 skipped=0
[21:29:32.278] [JOIN] INFO: [interp] lerp=33911 extrap=11450 clamp=7 seg=156 single=244751 snapSq=1 snapNpc=0 reissueSq=225 reissueNpc=73 restFlip=0 delay=242 jit=72.5 starve=12 snapMid=17 restFlipMid=1 haltDrv=0 haltCbt=0
[21:29:32.278] [JOIN] INFO: [interp] worstZero hand=2,3640503040 zero=115 active=315 seg=113
[21:29:32.278] [JOIN] INFO: [census] FREEZE hand=1,2663207936 name='Planito' d=34 (frozen=19)
[21:29:32.335] [JOIN] INFO: [trust] grant hand=1,362792960 streak=150
[21:29:32.531] [JOIN] INFO: [snap] squad hand=2,3640503040 name='Gerrinak The Stone Bunny' gap=40.9 gate=30.8 srcVel=0.0 cSpeed=15.0 mult=0.00 slew=1.00 dest=0 skipped=27
[21:29:32.531] [JOIN] INFO: [census] FREEZE hand=1,2663207936 name='Planito' d=34 (frozen=19)
[21:29:32.728] [JOIN] INFO: [auth] map n=95 host=95 join=0 veto=0 vetoTotal=0 gen=116 div=0 consult=1048566 recv=213 stale=0 refuse=0
[21:29:32.765] [JOIN] INFO: [deed] AUDIT hand=0.2385.11111.198.830322240 isPlayer=1 set=1 sale=0 shop=0 public=1 desig=0 resident=1/0 town=0/1 interior=0 internals=0 doors=0/0/0 furn=0/0/0 canUse=1 home=0/1/0 stuff=1 wallet=3081 squads=2/0/0 cur=0/0 base=-1/-1 owner='204-gamedata.base' name='Campfire'
[21:29:32.786] [JOIN] INFO: [snap] squad hand=1,1709716736 name='Stone' gap=21.3 gate=19.4 srcVel=0.0 cSpeed=19.1 mult=0.00 slew=1.00 dest=0 skipped=15
[21:29:32.786] [JOIN] INFO: [census] FREEZE hand=1,2663207936 name='Planito' d=34 (frozen=19)
[21:29:32.896] [JOIN] INFO: [census] park hand=1,191040032 name='Sparks' d=125 local=-71463,1647,25359 host=-71389,1643,25459 (parks=225)
[21:29:33.040] [JOIN] INFO: [snap] squad hand=1,1709716736 name='Stone' gap=21.3 gate=14.8 srcVel=0.0 cSpeed=19.1 mult=0.00 slew=1.00 dest=0 skipped=80
[21:29:33.040] [JOIN] INFO: [census] FREEZE hand=1,2663207936 name='Planito' d=34 (frozen=19)
[21:29:33.290] [JOIN] INFO: [snap] squad hand=1,1709716736 name='Stone' gap=21.3 gate=11.3 srcVel=0.0 cSpeed=19.1 mult=0.00 slew=1.00 dest=0 skipped=80
[21:29:33.291] [JOIN] INFO: [census] FREEZE hand=1,2663207936 name='Planito' d=34 (frozen=19)
[21:29:33.318] [JOIN] INFO: [life] hand=1,487,3947631872,1,328491200 from=HI to=PARKED reason=census-wide
[21:29:33.318] [JOIN] INFO: [audit] exist near=37 wide=93 drv=22 cen=69 hid=0 ghost=2 supp=0 census=95 fresh=1 parks=227 nearCap=0 wideCap=0 peerTrunc=0 staleMs=0 edges=0 ghostMax=261 ghostEdge=0 dorm=0 attnR=1000 dormPc=0 pcs=7 mine=0 skip=0 cells=1 truncHold=0 wdHold=0 noBody=0 lostItems=0
[21:29:33.546] [JOIN] INFO: [snap] squad hand=1,1709716736 name='Stone' gap=21.3 gate=8.7 srcVel=0.0 cSpeed=19.1 mult=0.00 slew=1.00 dest=0 skipped=77
[21:29:33.547] [JOIN] INFO: [census] FREEZE hand=1,2663207936 name='Planito' d=34 (frozen=19)
[21:29:33.687] [JOIN] INFO: [sneak] DETECT RECV hand=2,3233642496 seers=6 applied=6 unseen=0 cleared=0
[21:29:33.687] [JOIN] INFO: [sneak] DETECT RECV hand=3,705200192 seers=8 applied=8 unseen=0 cleared=0
[21:29:33.687] [JOIN] INFO: [sneak] DETECT RECV hand=4,2053588864 seers=6 applied=6 unseen=0 cleared=0
[21:29:33.687] [JOIN] INFO: [sneak] DETECT RECV hand=1,2916870144 seers=7 applied=7 unseen=0 cleared=0
[21:29:33.689] [JOIN] INFO: [cam] hint recv=-71259.5,1646.8,25004.8
[21:29:33.804] [JOIN] INFO: [snap] squad hand=1,1709716736 name='Stone' gap=21.1 gate=8.0 srcVel=0.0 cSpeed=19.4 mult=0.00 slew=1.00 dest=0 skipped=71
[21:29:33.804] [JOIN] INFO: [census] FREEZE hand=1,2663207936 name='Planito' d=34 (frozen=19)
[21:29:33.901] [JOIN] INFO: [census] park hand=1,191040032 name='Sparks' d=125 local=-71463,1647,25359 host=-71389,1643,25459 (parks=228)
[21:29:34.055] [JOIN] INFO: [snap] squad hand=1,1709716736 name='Stone' gap=21.1 gate=8.0 srcVel=0.0 cSpeed=19.4 mult=0.00 slew=1.00 dest=0 skipped=83
[21:29:34.055] [JOIN] INFO: [census] FREEZE hand=1,2663207936 name='Planito' d=34 (frozen=19)
[21:29:34.073] [JOIN] INFO: [stats] RECV hand=2,3640503040 ok=1 str=29.7 dex=18.6 tough=45.5 stealth=33.8 athl=43.4 xp=0
[21:29:34.091] [JOIN] INFO: [taskkey] key=31 desc='Staying close' repro=0 subject=1
[21:29:34.280] [JOIN] INFO: [cell] MAP cells=1 slots=2 16,37=0
[21:29:34.306] [JOIN] INFO: [snap] squad hand=1,1709716736 name='Stone' gap=21.1 gate=8.0 srcVel=0.0 cSpeed=19.4 mult=0.00 slew=1.00 dest=0 skipped=80
[21:29:34.306] [JOIN] INFO: [census] FREEZE hand=1,2663207936 name='Planito' d=34 (frozen=19)
[21:29:34.349] [JOIN] INFO: [ai] suspended=5 driven=28 targets=45 rel=100 relWalk=1412u/159s snapCbt=0 snapVeto=0 frzAct=118693 frzHurt=0
[21:29:34.349] [JOIN] INFO: [trust] trusted=31 driven=14 grants=88 revokes=0 koRel=0 koExp=0
[21:29:34.556] [JOIN] INFO: [snap] squad hand=1,1709716736 name='Stone' gap=21.1 gate=8.0 srcVel=0.0 cSpeed=19.4 mult=0.00 slew=1.00 dest=0 skipped=80
[21:29:34.556] [JOIN] INFO: [census] FREEZE hand=1,2663207936 name='Planito' d=34 (frozen=19)
[21:29:34.810] [JOIN] INFO: [snap] squad hand=1,1709716736 name='Stone' gap=21.1 gate=8.0 srcVel=0.0 cSpeed=19.4 mult=0.00 slew=1.00 dest=0 skipped=77
[21:29:34.811] [JOIN] INFO: [census] FREEZE hand=1,2663207936 name='Planito' d=34 (frozen=19)
[21:29:34.905] [JOIN] INFO: [census] park hand=1,191040032 name='Sparks' d=125 local=-71463,1647,25359 host=-71389,1643,25459 (parks=231)
[21:29:35.066] [JOIN] INFO: [snap] squad hand=1,1709716736 name='Stone' gap=21.1 gate=8.0 srcVel=0.0 cSpeed=19.4 mult=0.00 slew=1.00 dest=0 skipped=80
[21:29:35.066] [JOIN] INFO: [census] FREEZE hand=1,2663207936 name='Planito' d=34 (frozen=19)
[21:29:35.144] [JOIN] INFO: [sneak] DETECT RECV hand=2,3233642496 seers=6 applied=6 unseen=0 cleared=0
[21:29:35.144] [JOIN] INFO: [sneak] DETECT RECV hand=3,705200192 seers=8 applied=8 unseen=0 cleared=0
[21:29:35.144] [JOIN] INFO: [sneak] DETECT RECV hand=4,2053588864 seers=6 applied=6 unseen=0 cleared=0
[21:29:35.212] [JOIN] INFO: [census] cull NPC hand=1,1362182656 name='Mercenary' pos=-71614,1644,25365 (census=95 wide=93 supp=1 culls=3)
[21:29:35.320] [JOIN] INFO: [snap] squad hand=1,1709716736 name='Stone' gap=21.1 gate=8.0 srcVel=0.0 cSpeed=19.4 mult=0.00 slew=1.00 dest=0 skipped=77
[21:29:35.320] [JOIN] INFO: [census] FREEZE hand=1,2663207936 name='Planito' d=34 (frozen=19)
[21:29:35.320] [JOIN] INFO: [budget] pub avg=165us max=389us apply avg=142us max=286us frames=520 over2ms=0
[21:29:35.320] [JOIN] INFO: [q] peak evt=0 ent=5/4096 inv=2 cen=1 stealth=6 cam=1 (dropped ent=3753 earlier)
[21:29:35.395] [JOIN] INFO: [sneak] DETECT RECV hand=1,2916870144 seers=7 applied=7 unseen=0 cleared=0
[21:29:35.445] [JOIN] INFO: [net] CLOCKSYNC offset=-7201563 rtt=77 n=68
[21:29:35.445] [JOIN] INFO: [net] [net] bandwidth out=10.8 KB/s in=10.1 KB/s (window 5s)
[21:29:35.446] [JOIN] INFO: [net] [net] mix out ent=78/25.1KB census=5/15.4KB inv=4/7.1KB med=7/3.2KB stats=4/0.8KB spwnInf=2/0.3KB +cam=5,spdReq=2,cell=1
[21:29:35.446] [JOIN] INFO: [net] [net] mix in  census=5/15.4KB ent=30/9.7KB stealth=23/9.6KB med=20/9.1KB inv=2/3.8KB stats=3/0.6KB +time=5,cam=5,spwnReq=2,spdSet=2,tpong=2,cell=1,money=1
[21:29:35.538] [JOIN] INFO: [authority] restore NPC hand=1,1362182656 (proxy/driven exemption; supp=0)
[21:29:35.574] [JOIN] INFO: [snap] squad hand=1,1709716736 name='Stone' gap=21.1 gate=8.0 srcVel=0.0 cSpeed=19.4 mult=0.00 slew=1.00 dest=0 skipped=74
[21:29:35.574] [JOIN] INFO: [census] FREEZE hand=1,2663207936 name='Planito' d=34 (frozen=19)
[21:29:35.741] [JOIN] INFO: [spawn] INFO send hand=1,312,386474624,1,3778564352 found=1 dead=0 age=1.00 sid='1289-gamedata.base' fac='1214-gamedata.base'
[21:29:35.741] [JOIN] INFO: [spawn] INFO send hand=1,382,2239623936,1,1362182656 found=1 dead=0 age=1.00 sid='1227-gamedata.base' fac='1214-gamedata.base'
[21:29:35.741] [JOIN] INFO: [spawn] INFO send hand=1,421,837524416,1,1400268544 found=1 dead=0 age=1.00 sid='1292-gamedata.base' fac='1214-gamedata.base'
[21:29:35.826] [JOIN] INFO: [snap] squad hand=1,1709716736 name='Stone' gap=21.1 gate=8.0 srcVel=0.0 cSpeed=19.4 mult=0.00 slew=1.00 dest=0 skipped=77
[21:29:35.826] [JOIN] INFO: [census] FREEZE hand=1,2663207936 name='Planito' d=34 (frozen=18)
[21:29:35.862] [JOIN] INFO: [stats] RECV hand=1,1709716736 ok=1 str=42.3 dex=33.2 tough=45.2 stealth=60.9 athl=56.8 xp=0
[21:29:35.862] [JOIN] INFO: [stats] RECV hand=3,3548706048 ok=1 str=3.8 dex=10.1 tough=24.4 stealth=31.0 athl=24.5 xp=0
[21:29:35.863] [JOIN] INFO: [inv] APPLY hand=1,1,2172729600,1,1709716736 items=13
[21:29:35.863] [JOIN] INFO: [inv] APPLY hand=1,1,2172729600,3,3548706048 items=11
[21:29:35.912] [JOIN] INFO: [census] park hand=1,191040032 name='Sparks' d=125 local=-71463,1647,25359 host=-71389,1643,25459 (parks=234)
[21:29:36.078] [JOIN] INFO: [snap] squad hand=1,1709716736 name='Stone' gap=21.1 gate=8.0 srcVel=0.0 cSpeed=19.4 mult=0.00 slew=1.00 dest=0 skipped=80
[21:29:36.078] [JOIN] INFO: [census] FREEZE hand=1,2663207936 name='Planito' d=34 (frozen=18)
[21:29:36.335] [JOIN] INFO: [snap] squad hand=1,1709716736 name='Stone' gap=21.1 gate=8.0 srcVel=0.0 cSpeed=19.4 mult=0.00 slew=1.00 dest=0 skipped=77
[21:29:36.335] [JOIN] INFO: [census] FREEZE hand=1,2663207936 name='Planito' d=34 (frozen=18)
[21:29:36.592] [JOIN] INFO: [snap] squad hand=1,1709716736 name='Stone' gap=21.1 gate=8.0 srcVel=0.0 cSpeed=19.4 mult=0.00 slew=1.00 dest=0 skipped=74
[21:29:36.592] [JOIN] INFO: [census] FREEZE hand=1,2663207936 name='Planito' d=34 (frozen=18)
[21:29:36.846] [JOIN] INFO: [snap] squad hand=1,1709716736 name='Stone' gap=21.1 gate=8.0 srcVel=0.0 cSpeed=19.4 mult=0.00 slew=1.00 dest=0 skipped=80
[21:29:36.846] [JOIN] INFO: [census] FREEZE hand=1,2663207936 name='Planito' d=34 (frozen=18)
[21:29:36.918] [JOIN] INFO: [census] park hand=1,191040032 name='Sparks' d=125 local=-71463,1647,25359 host=-71389,1643,25459 (parks=237)
[21:29:36.955] [JOIN] INFO: [time] OFFSET off=0.0005gh slew=1.00 host=1041.05539 local=1041.05490
[21:29:37.098] [JOIN] INFO: [snap] squad hand=1,1709716736 name='Stone' gap=21.1 gate=8.0 srcVel=0.0 cSpeed=19.4 mult=0.00 slew=1.00 dest=0 skipped=80
[21:29:37.098] [JOIN] INFO: [census] FREEZE hand=1,2663207936 name='Planito' d=34 (frozen=18)
[21:29:37.123] [JOIN] INFO: [wi] scan rollup baselined=0 streamed=0 over 60s
[21:29:37.132] [JOIN] INFO: [sneak] DETECT RECV hand=2,3233642496 seers=6 applied=6 unseen=0 cleared=0
[21:29:37.132] [JOIN] INFO: [sneak] DETECT RECV hand=3,705200192 seers=8 applied=8 unseen=0 cleared=0
[21:29:37.132] [JOIN] INFO: [sneak] DETECT RECV hand=4,2053588864 seers=6 applied=6 unseen=0 cleared=0
[21:29:37.142] [JOIN] INFO: [door] rollup sent=0 (resend=0) recv=0 applied=0 nohand=0 converged=0 over=30s
[21:29:37.252] [JOIN] INFO: [cam] center=-71367.3,1657.3,25264.1
[21:29:37.262] [JOIN] INFO: [gate] hand=1,207763664 host=51 local=65535  agree=186130/205386 (90%)
[21:29:37.281] [JOIN] INFO: [interp] lerp=35328 extrap=11601 clamp=7 seg=156 single=258378 snapSq=1451 snapNpc=0 reissueSq=226 reissueNpc=73 restFlip=0 delay=538 jit=164.9 starve=15 snapMid=17 restFlipMid=1 haltDrv=0 haltCbt=0
[21:29:37.281] [JOIN] INFO: [interp] worstZero hand=2,3640503040 zero=638 active=838 seg=85
[21:29:37.351] [JOIN] INFO: [snap] squad hand=1,1709716736 name='Stone' gap=21.1 gate=8.0 srcVel=0.0 cSpeed=19.4 mult=0.00 slew=1.00 dest=0 skipped=80
[21:29:37.351] [JOIN] INFO: [ai] suspended=4 driven=27 targets=45 rel=100 relWalk=1412u/159s snapCbt=0 snapVeto=0 frzAct=123590 frzHurt=0
[21:29:37.351] [JOIN] INFO: [trust] trusted=31 driven=14 grants=88 revokes=0 koRel=0 koExp=0
[21:29:37.352] [JOIN] INFO: [census] FREEZE hand=1,2663207936 name='Planito' d=34 (frozen=18)
[21:29:37.368] [JOIN] INFO: [sneak] DETECT RECV hand=1,2916870144 seers=7 applied=7 unseen=0 cleared=0
[21:29:37.602] [JOIN] INFO: [snap] squad hand=1,1709716736 name='Stone' gap=21.1 gate=8.0 srcVel=0.0 cSpeed=19.4 mult=0.00 slew=1.00 dest=0 skipped=80
[21:29:37.602] [JOIN] INFO: [census] FREEZE hand=1,2663207936 name='Planito' d=34 (frozen=18)
[21:29:37.695] [JOIN] INFO: [spawn] INFO send hand=1,357,3856933632,1,2553832960 found=1 dead=0 age=1.00 sid='1227-gamedata.base' fac='1214-gamedata.base'
[21:29:37.695] [JOIN] INFO: [spawn] INFO send hand=1,358,2981689344,1,2694091776 found=1 dead=0 age=1.00 sid='1227-gamedata.base' fac='1214-gamedata.base'
[21:29:37.745] [JOIN] INFO: [auth] map n=95 host=95 join=0 veto=0 vetoTotal=0 gen=121 div=0 consult=1100606 recv=213 stale=0 refuse=0
[21:29:37.745] [JOIN] INFO: [census] sent n=95 radius=2000 mid=0 anchors=2 a0=loaded:8 a1=loaded:87 enum=95 notmine=0 proxyrow=0 attnR=1000 resendSup=250 nearSup=1663
[21:29:37.785] [JOIN] INFO: [deed] AUDIT hand=0.2385.11111.198.830322240 isPlayer=1 set=1 sale=0 shop=0 public=1 desig=0 resident=1/0 town=0/1 interior=0 internals=0 doors=0/0/0 furn=0/0/0 canUse=1 home=0/1/0 stuff=1 wallet=3081 squads=2/0/0 cur=0/0 base=-1/-1 owner='204-gamedata.base' name='Campfire'
[21:29:37.852] [JOIN] INFO: [snap] squad hand=1,1709716736 name='Stone' gap=21.1 gate=8.0 srcVel=0.0 cSpeed=19.4 mult=0.00 slew=1.00 dest=0 skipped=77
[21:29:37.852] [JOIN] INFO: [census] FREEZE hand=1,2663207936 name='Planito' d=34 (frozen=17)
[21:29:37.919] [JOIN] INFO: [census] park hand=1,191040032 name='Sparks' d=125 local=-71463,1647,25359 host=-71389,1643,25459 (parks=240)
[21:29:37.976] [JOIN] INFO: [sneak] DETECT RECV hand=1,2916870144 seers=6 applied=6 unseen=1 cleared=0
[21:29:37.976] [JOIN] INFO: [sneak] DETECT RECV hand=2,3233642496 seers=5 applied=5 unseen=1 cleared=0
[21:29:37.976] [JOIN] INFO: [sneak] DETECT RECV hand=3,705200192 seers=7 applied=7 unseen=1 cleared=0
[21:29:37.976] [JOIN] INFO: [sneak] DETECT RECV hand=4,2053588864 seers=5 applied=5 unseen=1 cleared=0
[21:29:38.103] [JOIN] INFO: [snap] squad hand=1,1709716736 name='Stone' gap=20.9 gate=8.0 srcVel=0.0 cSpeed=19.4 mult=0.00 slew=1.00 dest=0 skipped=65
[21:29:38.103] [JOIN] INFO: [census] FREEZE hand=1,2663207936 name='Planito' d=34 (frozen=17)
[21:29:38.353] [JOIN] INFO: [snap] squad hand=1,1709716736 name='Stone' gap=20.9 gate=8.0 srcVel=0.0 cSpeed=19.4 mult=0.00 slew=1.00 dest=0 skipped=80
[21:29:38.353] [JOIN] INFO: [census] FREEZE hand=1,2663207936 name='Planito' d=34 (frozen=17)
[21:29:38.417] [JOIN] INFO: [audit] exist near=37 wide=93 drv=29 cen=63 hid=0 ghost=1 supp=0 census=95 fresh=1 parks=242 nearCap=0 wideCap=0 peerTrunc=0 staleMs=0 edges=0 ghostMax=290 ghostEdge=0 dorm=0 attnR=1000 dormPc=0 pcs=7 mine=0 skip=0 cells=1 truncHold=0 wdHold=0 noBody=0 lostItems=0
[21:29:38.607] [JOIN] INFO: [snap] squad hand=1,1709716736 name='Stone' gap=20.9 gate=8.0 srcVel=0.0 cSpeed=19.4 mult=0.00 slew=1.00 dest=0 skipped=83
[21:29:38.607] [JOIN] INFO: [census] FREEZE hand=1,2663207936 name='Planito' d=34 (frozen=17)
[21:29:38.746] [JOIN] INFO: [sneak] DETECT RECV hand=1,2916870144 seers=5 applied=5 unseen=1 cleared=0
[21:29:38.746] [JOIN] INFO: [sneak] DETECT RECV hand=2,3233642496 seers=4 applied=4 unseen=1 cleared=0
[21:29:38.759] [JOIN] INFO: [sneak] DETECT RECV hand=3,705200192 seers=6 applied=6 unseen=1 cleared=0
[21:29:38.759] [JOIN] INFO: [sneak] DETECT RECV hand=4,2053588864 seers=4 applied=4 unseen=1 cleared=0
[21:29:38.761] [JOIN] INFO: [life] hand=1,404,362304672,1,207763664 from=PARKED to=MID reason=drive
[21:29:38.773] [JOIN] INFO: [life] hand=1,404,362304672,1,207763664 from=MID to=PARKED reason=mid-rest
[21:29:38.865] [JOIN] INFO: [snap] squad hand=1,1709716736 name='Stone' gap=20.7 gate=8.0 srcVel=0.0 cSpeed=18.3 mult=0.00 slew=1.00 dest=0 skipped=68
[21:29:38.865] [JOIN] INFO: [census] FREEZE hand=1,2663207936 name='Planito' d=34 (frozen=17)
[21:29:38.874] [JOIN] INFO: [cam] hint recv=-71258.9,1646.7,25004.6
[21:29:38.925] [JOIN] INFO: [census] park hand=1,191040032 name='Sparks' d=125 local=-71463,1647,25359 host=-71390,1643,25460 (parks=243)
[21:29:39.063] [JOIN] INFO: [stats] RECV hand=2,3640503040 ok=1 str=29.7 dex=18.6 tough=45.5 stealth=33.8 athl=43.4 xp=0
[21:29:39.119] [JOIN] INFO: [snap] squad hand=1,1709716736 name='Stone' gap=20.7 gate=8.0 srcVel=0.0 cSpeed=18.3 mult=0.00 slew=1.00 dest=0 skipped=83
[21:29:39.119] [JOIN] INFO: [census] FREEZE hand=1,2663207936 name='Planito' d=34 (frozen=17)
[21:29:39.267] [JOIN] INFO: [gate] hand=1,207763664 host=51 local=65535  agree=190158/209619 (90%)
[21:29:39.288] [JOIN] INFO: [cell] MAP cells=1 slots=2 16,37=0
[21:29:39.375] [JOIN] INFO: [snap] squad hand=1,1709716736 name='Stone' gap=20.7 gate=8.0 srcVel=0.0 cSpeed=18.3 mult=0.00 slew=1.00 dest=0 skipped=77
[21:29:39.375] [JOIN] INFO: [census] FREEZE hand=1,2663207936 name='Planito' d=34 (frozen=17)
[21:29:39.632] [JOIN] INFO: [snap] squad hand=1,1709716736 name='Stone' gap=20.7 gate=8.0 srcVel=0.0 cSpeed=18.3 mult=0.00 slew=1.00 dest=0 skipped=80
[21:29:39.632] [JOIN] INFO: [census] FREEZE hand=1,2663207936 name='Planito' d=34 (frozen=17)
[21:29:39.886] [JOIN] INFO: [snap] squad hand=1,1709716736 name='Stone' gap=20.7 gate=8.0 srcVel=0.0 cSpeed=18.3 mult=0.00 slew=1.00 dest=0 skipped=77
[21:29:39.887] [JOIN] INFO: [census] FREEZE hand=1,2663207936 name='Planito' d=34 (frozen=16)
[21:29:39.924] [JOIN] INFO: [census] recv n=95 culls=3 trunc=0
[21:29:39.934] [JOIN] INFO: [census] park hand=1,191040032 name='Sparks' d=125 local=-71463,1647,25359 host=-71390,1643,25460 (parks=246)
[21:29:40.141] [JOIN] INFO: [snap] squad hand=1,1709716736 name='Stone' gap=20.7 gate=8.0 srcVel=0.0 cSpeed=18.3 mult=0.00 slew=1.00 dest=0 skipped=80
[21:29:40.141] [JOIN] INFO: [census] FREEZE hand=1,2663207936 name='Planito' d=34 (frozen=16)
[21:29:40.223] [JOIN] INFO: [stage] lines=190/10s peak us: frame-end=16680/8197 engine=3222/1161 app:targets=194/70 app:authority=186/67 app:pubCensus=142/1
[21:29:40.276] [JOIN] INFO: [life] hand=1,404,362304672,1,207763664 from=PARKED to=MID reason=drive
[21:29:40.286] [JOIN] INFO: [life] hand=1,404,362304672,1,207763664 from=MID to=PARKED reason=mid-rest
[21:29:40.323] [JOIN] INFO: [budget] pub avg=168us max=444us apply avg=149us max=321us frames=517 over2ms=0
[21:29:40.323] [JOIN] INFO: [q] peak evt=0 ent=5/4096 inv=2 cen=1 stealth=4 cam=1 (dropped ent=3753 earlier)
[21:29:40.356] [JOIN] INFO: [ai] suspended=5 driven=28 targets=45 rel=102 relWalk=1466u/170s snapCbt=0 snapVeto=0 frzAct=128011 frzHurt=0
[21:29:40.356] [JOIN] INFO: [trust] trusted=31 driven=14 grants=88 revokes=0 koRel=0 koExp=0
[21:29:40.377] [JOIN] INFO: [life] hand=1,489,3635986432,1,1112304640 from=HI to=PARKED reason=census-wide
[21:29:40.398] [JOIN] INFO: [snap] squad hand=1,1709716736 name='Stone' gap=20.7 gate=8.0 srcVel=0.0 cSpeed=18.3 mult=0.00 slew=1.00 dest=0 skipped=80
[21:29:40.398] [JOIN] INFO: [census] FREEZE hand=1,2663207936 name='Planito' d=34 (frozen=16)
[21:29:40.481] [JOIN] INFO: [net] CLOCKSYNC offset=-7201563 rtt=77 n=70
[21:29:40.481] [JOIN] INFO: [net] [net] bandwidth out=11.3 KB/s in=9.2 KB/s (window 5s)
[21:29:40.481] [JOIN] INFO: [net] [net] mix out ent=76/24.5KB census=5/15.4KB inv=4/7.1KB med=7/3.2KB stats=4/0.8KB spwnInf=5/0.7KB +cam=5,deed=1,spdReq=2,cell=1
[21:29:40.481] [JOIN] INFO: [net] [net] mix in  census=5/15.4KB ent=36/11.8KB med=13/5.9KB stealth=12/5.0KB inv=2/3.8KB research=11/0.6KB +stats=3,spwnReq=5,time=5,cam=5,spdSet=3,tpong=2,cell=1,money=1
[21:29:40.635] [JOIN] INFO: [sneak] DETECT RECV hand=1,2916870144 seers=5 applied=5 unseen=1 cleared=0
[21:29:40.635] [JOIN] INFO: [sneak] DETECT RECV hand=2,3233642496 seers=4 applied=4 unseen=1 cleared=0
[21:29:40.635] [JOIN] INFO: [sneak] DETECT RECV hand=3,705200192 seers=6 applied=6 unseen=1 cleared=0
[21:29:40.635] [JOIN] INFO: [sneak] DETECT RECV hand=4,2053588864 seers=4 applied=4 unseen=1 cleared=0
[21:29:40.648] [JOIN] INFO: [snap] squad hand=1,1709716736 name='Stone' gap=20.7 gate=8.0 srcVel=0.0 cSpeed=18.3 mult=0.00 slew=1.00 dest=0 skipped=77
[21:29:40.648] [JOIN] INFO: [census] FREEZE hand=1,2663207936 name='Planito' d=34 (frozen=16)
[21:29:40.813] [JOIN] INFO: [stats] RECV hand=1,1709716736 ok=1 str=42.3 dex=33.2 tough=45.2 stealth=60.9 athl=56.8 xp=0
[21:29:40.813] [JOIN] INFO: [stats] RECV hand=3,3548706048 ok=1 str=3.8 dex=10.1 tough=24.4 stealth=31.0 athl=24.5 xp=0
[21:29:40.814] [JOIN] INFO: [inv] APPLY hand=1,1,2172729600,1,1709716736 items=13
[21:29:40.814] [JOIN] INFO: [inv] APPLY hand=1,1,2172729600,3,3548706048 items=11
[21:29:40.898] [JOIN] INFO: [snap] squad hand=1,1709716736 name='Stone' gap=20.7 gate=8.0 srcVel=0.0 cSpeed=18.3 mult=0.00 slew=1.00 dest=0 skipped=80
[21:29:40.898] [JOIN] INFO: [census] FREEZE hand=1,2663207936 name='Planito' d=34 (frozen=16)
[21:29:40.898] [JOIN] INFO: [life] hand=1,536,2047119104,1,362792960 from=HI to=PARKED reason=census-wide
[21:29:40.936] [JOIN] INFO: [census] park hand=1,191040032 name='Sparks' d=125 local=-71463,1647,25359 host=-71390,1643,25460 (parks=249)
[21:29:41.150] [JOIN] INFO: [snap] squad hand=1,1709716736 name='Stone' gap=20.7 gate=8.0 srcVel=0.0 cSpeed=18.3 mult=0.00 slew=1.00 dest=0 skipped=74
[21:29:41.150] [JOIN] INFO: [census] FREEZE hand=1,2663207936 name='Planito' d=34 (frozen=16)
[21:29:41.271] [JOIN] INFO: [gate] hand=1,207763664 host=51 local=65535  agree=193818/213488 (90%)
[21:29:41.348] [JOIN] INFO: [speed] REQ mult=5.00 paused=0 combat=0
[21:29:41.400] [JOIN] INFO: [census] FREEZE hand=1,2663207936 name='Planito' d=34 (frozen=15)
[21:29:41.655] [JOIN] INFO: [census] FREEZE hand=1,2663207936 name='Planito' d=34 (frozen=13)
[21:29:41.710] [JOIN] INFO: [sneak] DETECT RECV hand=1,2916870144 seers=4 applied=4 unseen=1 cleared=0
[21:29:41.710] [JOIN] INFO: [sneak] DETECT RECV hand=2,3233642496 seers=3 applied=3 unseen=1 cleared=0
[21:29:41.710] [JOIN] INFO: [sneak] DETECT RECV hand=3,705200192 seers=5 applied=5 unseen=1 cleared=0
[21:29:41.710] [JOIN] INFO: [sneak] DETECT RECV hand=4,2053588864 seers=3 applied=3 unseen=1 cleared=0
[21:29:41.710] [JOIN] INFO: [sneak] DETECT RECV hand=1,2916870144 seers=5 applied=5 unseen=0 cleared=0
[21:29:41.710] [JOIN] INFO: [sneak] DETECT RECV hand=2,3233642496 seers=6 applied=6 unseen=0 cleared=0
[21:29:41.710] [JOIN] INFO: [sneak] DETECT RECV hand=3,705200192 seers=8 applied=8 unseen=0 cleared=0
[21:29:41.710] [JOIN] INFO: [sneak] DETECT RECV hand=4,2053588864 seers=5 applied=5 unseen=0 cleared=0
[21:29:41.710] [JOIN] INFO: [speed] SET mult=5.00 paused=0 combat=0
[21:29:41.710] [JOIN] INFO: [spawn] INFO send hand=1,312,386474624,1,3778564352 found=1 dead=0 age=1.00 sid='1289-gamedata.base' fac='1214-gamedata.base'
[21:29:41.710] [JOIN] INFO: [spawn] INFO send hand=1,382,2239623936,1,1362182656 found=1 dead=0 age=1.00 sid='1227-gamedata.base' fac='1214-gamedata.base'
[21:29:41.710] [JOIN] INFO: [spawn] INFO send hand=1,421,837524416,1,1400268544 found=1 dead=0 age=1.00 sid='1292-gamedata.base' fac='1214-gamedata.base'
[21:29:45.522] [JOIN] INFO: [net] CLOCKSYNC offset=-7201563 rtt=77 n=73
[21:29:45.522] [JOIN] INFO: [net] [net] bandwidth out=4.0 KB/s in=17.6 KB/s (window 5s)
[21:29:45.522] [JOIN] INFO: [net] [net] mix out ent=29/9.3KB census=2/6.1KB inv=1/2.7KB med=1/0.5KB spwnInf=3/0.4KB cam=1/0.0KB +spdReq=1
[21:29:45.522] [JOIN] INFO: [net] [net] mix in  stealth=70/29.2KB ent=68/22.1KB census=5/15.4KB med=31/14.1KB inv=2/3.8KB stats=3/0.6KB +spwnReq=5,time=5,cam=5,deed=1,spdSet=3,tpong=3,cell=1,money=1
[21:29:50.585] [JOIN] INFO: [net] CLOCKSYNC offset=-7201563 rtt=77 n=75
[21:29:50.585] [JOIN] INFO: [net] [net] bandwidth out=0.8 KB/s in=24.4 KB/s (window 5s)
[21:29:50.585] [JOIN] INFO: [net] [net] mix out ent=9/2.9KB
[21:29:50.585] [JOIN] INFO: [net] [net] mix in  ent=86/47.3KB stealth=78/32.5KB med=42/19.2KB census=5/15.4KB inv=2/3.8KB stats=3/0.6KB +evt=9,time=5,cam=5,spwnReq=2,spdSet=2,tpong=2,cell=1,money=1
[21:29:50.585] [JOIN] ERROR: [net] [watchdog] MAIN THREAD STALLED 8805ms phase='frame-end' beats=518714 - the game is frozen, not merely quiet; inbound is not being drained
[21:29:53.631] [JOIN] INFO: [steam] session peer=76561198095203167 active=0 connecting=1 relay=0 err=0
[21:29:55.595] [JOIN] INFO: [net] CLOCKSYNC offset=-7201563 rtt=77 n=76
[21:29:55.595] [JOIN] INFO: [net] [net] bandwidth out=0.7 KB/s in=12.3 KB/s (window 5s)
[21:29:55.595] [JOIN] INFO: [net] [net] mix out ent=10/3.2KB
[21:29:55.595] [JOIN] INFO: [net] [net] mix in  ent=37/29.4KB stealth=32/13.3KB med=16/7.3KB census=2/6.1KB inv=2/3.8KB stats=2/0.4KB +time=2,cam=2,spdSet=1,tpong=1
[21:29:58.800] [JOIN] INFO: [steam] session peer=76561198095203167 active=1 connecting=0 relay=0 err=0
[21:29:59.670] [JOIN] INFO: [net] disconnected from host
[21:29:59.721] [JOIN] INFO: [net] reconnecting
[21:30:00.639] [JOIN] INFO: [net] CLOCKSYNC offset=-7201563 rtt=77 n=76
[21:30:00.639] [JOIN] INFO: [net] [net] bandwidth out=0.6 KB/s in=0.0 KB/s (window 5s)
[21:30:00.639] [JOIN] INFO: [net] [net] mix out ent=10/3.2KB
