[19:20:07.639] [HOST] INFO: log opened
[19:20:07.639] [HOST] INFO: [host] KenshiLib runtime=0.4.0 built-against=v0.1-1-gb566d74-dirty
[19:20:07.639] [HOST] INFO: [host] ENet vendored=5a9c537-dirty
[19:20:07.639] [HOST] INFO: KenshiCoop loaded! (clean rebuild)
[19:20:07.639] [HOST] INFO: KenshiCoop: build Aug  9 2026 21:12:29
[19:20:07.639] [HOST] INFO: KenshiCoop: role=HOST proto=v56 port=27800 save=''
[19:20:07.639] [HOST] INFO: KenshiCoop: effective cfg scenario='' transport=steam on=[inv,xfer,world,med,speed,speedCombatCap,stats,carry,furn,chain,stealth,prone,money,spawn,recruit,faction,time,door,build,bdoor,hunger,save,load,prod,research,deed,store,squad,latejoin,aiSuspend,gateAuth,camInterest,censusFreezeAi,dmgFloat,weather,dialogue] off=[blockXfer,crashTracer,splitAuth] censusR=2000 mintR=600 park=120 snap=8.0/0.75s armMs=45000 attnR=1000 cellAuth=1 midBand=256/32 healDeb=1500/1500 doorHold=5000 koRel=3000
[19:20:07.674] [HOST] INFO: [engine] CAPS saveload=1 savepath=1 hand_resolve=1 npc_stream=1 limb=1 stats=1 carry=1 furniture=1 chain=1 shackle=1 slave=1 stealth=1 camera=1 speed=1 quiet_speed=1 door=1 build=1 machine=1 time=1 wallet=1 faction=1 combat_escalate=1 move_restore=1 deed=1 hull=1
[19:20:07.674] [HOST] INFO: [caps] 0 of 17 enabled features are missing their engine capability
[19:20:07.674] [HOST] INFO: KenshiCoop: ownership ranks = {0} (bidirectional presence)
[19:20:07.674] [HOST] INFO: KenshiCoop: interp delay=50-200ms extrap=250ms stale=2000ms snap=50u drive catchupK=2.00 snapDist=8.0u snapSec=0.75 sendStamp=1 census=2000u mint=600u park=120u starveHold=10000ms
[19:20:07.708] [HOST] INFO: [ai] periodicUpdate detour installed; AI-suspend ON (default)
[19:20:07.776] [HOST] INFO: [dlg] speech-bubble capture installed; dialogue relay ON
[19:20:07.810] [HOST] INFO: [dmg] hitByMeleeAttack detour installed; damage guard ON (host, driven peer-squad bodies)
[19:20:07.810] [HOST] INFO: [dmg] suppressed-hit damage floaters ON (KENSHICOOP_DAMAGE_FLOATERS=0 disables)
[19:20:07.841] [HOST] INFO: [shop] buyItem detour installed; purchase logging ON
[19:20:07.875] [HOST] INFO: [wi] dropItem detour installed; query-free drop capture ON
[19:20:07.907] [HOST] INFO: [recruit] recruit detour installed; recruitment sync ON
[19:20:07.976] [HOST] INFO: [build] createBuilding capture installed; placement logging ON
[19:20:08.010] [HOST] INFO: [build] dismantle detour installed; removal logging ON
[19:20:08.077] [HOST] INFO: [fac] affectRelations detours installed; relation logging ON
[19:20:08.111] [HOST] INFO: [save] save detour installed; coordinated save ON
[19:20:08.179] [HOST] INFO: [load] load detour installed; coordinated load ON
[19:20:08.213] [HOST] INFO: KenshiCoop: title hook armed (F2 panel + push-on-connect at menu; no auto-load save)
[19:20:08.213] [HOST] INFO: [steam] id=76561198095203167 loggedOn=1 iface=SteamNetworking005
[19:20:08.213] [HOST] INFO: [invite] ready: mm=SteamMatchMaking009 friends=SteamFriends015 (in-panel friend picker armed)
[19:20:08.213] [HOST] INFO: KenshiCoop: session DEFERRED - press F2 in-game to pick role/transport, enter the friend's Steam ID, and check CONNECTED
[19:20:11.244] [HOST] INFO: [boot] title-tick running=0 host=1 started=0 saveEmpty=1
[19:20:11.247] [HOST] INFO: [coop-ui] gui ptr=00007FF754C82750
[19:20:15.715] [HOST] INFO: [load] LOCAL-LOAD name='coop6' suppressed=0 bypass=0 via=menu
[19:20:25.215] [HOST] INFO: [budget] pub avg=0us max=6us apply avg=0us max=1us frames=329 over2ms=0
[19:20:30.110] [HOST] INFO: KenshiCoop: gameplay started
[19:20:30.110] [HOST] INFO: [load] 1 pre-gameplay load edge(s) discarded (title-screen auto-load)
[19:20:30.241] [HOST] INFO: [speed] intent hooks installed (setGameSpeed/userPause/togglePause)
[19:20:30.241] [HOST] INFO: [taskkey] key=98 desc='Sleeping' repro=1 subject=1
[19:20:30.241] [HOST] INFO: [seatres] HOST task=98 npc=1,3642333952 subj=2993,1872924800 ok=1 npcpos=-37717.4,-43151.0 subjpos=-37717.4,-43151.0 d=0.0
[19:20:30.241] [HOST] INFO: [seatres] HOST task=98 npc=1,306640640 subj=2994,2293457152 ok=1 npcpos=-37691.3,-43181.1 subjpos=-37691.3,-43181.1 d=0.0
[19:20:30.241] [HOST] INFO: [taskkey] key=1 desc='Moving' repro=0 subject=1
[19:20:30.241] [HOST] INFO: [taskkey] key=128 desc='Retreating' repro=0 subject=0
[19:20:30.241] [HOST] INFO: [seatres] HOST task=98 npc=1,3540405248 subj=2996,828369152 ok=1 npcpos=-37609.0,-43199.5 subjpos=-37609.0,-43199.5 d=0.0
[19:20:30.241] [HOST] INFO: [seatres] HOST task=98 npc=1,930175808 subj=2997,2954467840 ok=1 npcpos=-37569.1,-43183.2 subjpos=-37569.1,-43183.2 d=0.0
[19:20:30.241] [HOST] INFO: [taskkey] key=87 desc='Operating machine' repro=1 subject=1
[19:20:30.241] [HOST] INFO: [seatres] HOST task=87 npc=1,1742797824 subj=2923,1480102528 ok=1 npcpos=-37556.6,-43194.2 subjpos=-37556.3,-43194.3 d=0.3
[19:20:30.241] [HOST] INFO: [wi] BASELINE seeded=0 (save-native, never-stream)
[19:20:30.241] [HOST] INFO: [med] SEND hand=1,1709716736 npc=0 blood=81.8 bleed=0.00 fl=100.0,100.0,100.0,100.0 bd=0.0,0.0,0.0,0.0 flags=0 nparts=7 pmin=47.9 smin=0.0 ls=0,0,0,0
[19:20:30.241] [HOST] INFO: [stats] SEND hand=1,1709716736 str=9.0 dex=5.6 tough=11.4 stealth=1.2 athl=18.9 xp=0 fap=0
[19:20:30.241] [HOST] INFO: [wallet] POOL SEED t=18447 role=host
[19:20:30.241] [HOST] INFO: [prod] SEND key=0.1432.11111.2906.3057983488 kind=0 class=4 pwr=1 state=2 out='42311-changes_otto.mod' outAmt=0.000 in0=0.000 in1=0.000 grown=-1.000 first=1 seq=1
[19:20:30.241] [HOST] INFO: [prod] SEND key=0.1432.11111.2909.1970703104 kind=0 class=4 pwr=1 state=0 out='1946-gamedata.base' outAmt=0.000 in0=0.000 in1=0.000 grown=-1.000 first=1 seq=2
[19:20:30.262] [HOST] INFO: [r401] lever scan isKnown=00007ff75337e430 can=00007ff7533820d0 start=00007ff753383680
[19:20:30.262] [HOST] INFO: [r401] levers located by prologue scan
[19:20:30.262] [HOST] INFO: [research] SEND sid='5359-gamedata.base' seq=1
[19:20:30.262] [HOST] INFO: [deed] SEND hand=0.1432.11111.612.3788940544 owned=1 owner='204-gamedata.base' name='Small Shack' seq=1
[19:20:30.262] [HOST] INFO: [deed] AUDIT hand=0.1432.11111.612.3788940544 isPlayer=1 set=1 sale=0 shop=0 public=0 desig=9 resident=0/0 town=0/1 interior=1 internals=0 doors=1/1/0 furn=0/0/0 canUse=1 home=1/1/0 stuff=1 wallet=18447 squads=2/0/0 cur=0/0 base=1/0 owner='204-gamedata.base' name='Small Shack'
[19:20:30.262] [HOST] INFO: [speed] REQ mult=1.00 paused=0 combat=0
[19:20:30.262] [HOST] INFO: [speed] SET mult=1.00 paused=0 combat=0 (my=1.00 peer=-1.00)
[19:20:30.262] [HOST] INFO: [weather] SEND '48711-rebirth.mod' str=1.00 eff=1.00 end=7039 season=0
[19:20:30.265] [HOST] INFO: [ai] suspended=0 driven=0
[19:20:30.266] [HOST] INFO: [census] sent n=107 radius=2000 mid=47 anchors=2 a0=loaded:31 a1=loaded:76 enum=107 notmine=0 proxyrow=0 attnR=1000
[19:20:30.266] [HOST] INFO: [cam] center=-37502.9,721.4,-42599.6
[19:20:30.266] [HOST] INFO: [cell] MAP cells=0 slots=0
[19:20:30.266] [HOST] INFO: [budget] pub avg=74us max=21246us apply avg=0us max=188us frames=286 over2ms=1
[19:20:30.281] [HOST] INFO: [wallet] POOL SEND t=18447 ack=0
[19:20:30.299] [HOST] INFO: [taskkey] key=36 desc='Patrolling town' repro=0 subject=0
[19:20:30.386] [HOST] INFO: [furn] SEND ENTER id=1 occ=1,930175808 furn=2997,2954467840 kind=1
[19:20:30.401] [HOST] INFO: [seatres] HOST task=87 npc=1,2342163200 subj=2941,3447143680 ok=1 npcpos=-37558.0,-43159.2 subjpos=-37558.0,-43159.2 d=0.0
[19:20:30.401] [HOST] INFO: [furn] SEND ENTER id=2 occ=1,306640640 furn=2994,2293457152 kind=1
[19:20:30.446] [HOST] INFO: [taskkey] key=51 desc='Stand at node' repro=0 subject=1
[19:20:30.446] [HOST] INFO: [furn] SEND ENTER id=3 occ=1,3540405248 furn=2996,828369152 kind=1
[19:20:30.586] [HOST] INFO: [furn] SEND ENTER id=4 occ=1,3642333952 furn=2993,1872924800 kind=1
[19:20:30.603] [HOST] INFO: [inv] SEND hand=0,1432,11111,2898,417846688 kind=0 key=0,1432,11111,2898,417846688 items=1 hash=3322406022
[19:20:30.603] [HOST] INFO: [inv] SEND hand=0,1432,11111,2903,936401344 kind=0 key=0,1432,11111,2903,936401344 items=0 hash=0
[19:20:30.603] [HOST] INFO: [inv] SEND hand=0,1432,11111,2904,2251586816 kind=0 key=0,1432,11111,2904,2251586816 items=0 hash=0
[19:20:30.604] [HOST] INFO: [inv] SEND hand=0,1432,11111,2905,3309448192 kind=0 key=0,1432,11111,2905,3309448192 items=0 hash=0
[19:20:30.604] [HOST] INFO: [inv] SEND hand=0,1432,11111,2906,3057983488 kind=0 key=0,1432,11111,2906,3057983488 items=0 hash=0
[19:20:30.604] [HOST] INFO: [inv] SEND hand=0,1432,11111,2909,1970703104 kind=0 key=0,1432,11111,2909,1970703104 items=0 hash=0
[19:20:30.604] [HOST] INFO: [inv] SEND hand=1,1,2172729600,1,1709716736 kind=0 key=1,1,2172729600,1,1709716736 items=13 hash=2311471089
[19:20:30.635] [HOST] INFO: [taskkey] key=180 desc='Gate guard' repro=0 subject=1
[19:20:30.720] [HOST] INFO: [carry] SEND PICKUP id=5 carrier=12,2175537152 carried=1,612915008
[19:20:30.781] [HOST] INFO: [event] SEND id=6 ev=1 hand=1,224,2495971584,1,612915008 actor=0,0 bs 0->19
[19:20:30.781] [HOST] INFO: [med] SEND hand=1,612915008 npc=1 blood=41.2 bleed=0.04 fl=100.0,34.7,51.3,100.0 bd=0.0,15.8,48.7,0.0 flags=1 nparts=7 pmin=20.8 smin=0.0 ls=0,0,0,0
[19:20:30.844] [HOST] INFO: [taskkey] key=221 desc='Operating machine' repro=1 subject=1
[19:20:30.844] [HOST] INFO: [seatres] HOST task=221 npc=2,701782208 subj=3035,422119136 ok=1 npcpos=-37166.6,-42926.5 subjpos=-37166.6,-42926.5 d=0.0
[19:20:30.904] [HOST] INFO: [event] SEND id=7 ev=1 hand=1,140,1534545920,1,756347648 actor=0,0 bs 0->2051
[19:20:30.904] [HOST] INFO: [med] SEND hand=1,756347648 npc=1 blood=78.6 bleed=0.00 fl=100.0,100.0,64.9,100.0 bd=0.0,0.0,0.0,0.0 flags=1 nparts=7 pmin=64.5 smin=0.0 ls=0,0,0,0
[19:20:30.964] [HOST] INFO: [event] SEND id=8 ev=1 hand=1,137,2739013632,1,2035034240 actor=0,0 bs 0->2051
[19:20:30.965] [HOST] INFO: [med] SEND hand=1,2035034240 npc=1 blood=78.6 bleed=0.00 fl=100.0,100.0,100.0,100.0 bd=0.0,0.0,0.0,0.0 flags=1 nparts=7 pmin=65.4 smin=0.0 ls=0,0,0,0
[19:20:31.918] [HOST] INFO: [med] SEND hand=1,756347648 npc=1 blood=78.6 bleed=0.00 fl=100.0,100.0,64.9,100.0 bd=0.0,0.0,0.0,0.0 flags=1 nparts=7 pmin=64.5 smin=0.0 ls=0,0,0,0
[19:20:32.235] [HOST] INFO: [steam] accepted inbound session from 76561198880981766
[19:20:32.286] [HOST] INFO: [cell] CLAIM rank=0 cell=23,22 seq=1 dwell=3 pos=-37497,-42577
[19:20:32.286] [HOST] INFO: [cell] MAP cells=1 slots=1 23,22=0
[19:20:32.730] [HOST] INFO: [seatres] HOST task=221 npc=2,3759399424 subj=3410,21240234 ok=1 npcpos=-37605.9,-43370.3 subjpos=-37605.9,-43370.3 d=0.0
[19:20:32.853] [HOST] INFO: [seatres] HOST task=221 npc=1,1965331968 subj=2686,2758178816 ok=1 npcpos=-37077.5,-42453.4 subjpos=-37077.5,-42453.4 d=0.0
[19:20:33.275] [HOST] INFO: [ai] suspended=0 driven=0
[19:20:33.334] [HOST] INFO: [med] SEND hand=1,2035034240 npc=1 blood=78.6 bleed=0.00 fl=100.0,100.0,100.0,100.0 bd=0.0,0.0,0.0,0.0 flags=1 nparts=7 pmin=65.4 smin=0.0 ls=0,0,0,0
[19:20:34.239] [HOST] INFO: [med] SEND hand=1,756347648 npc=1 blood=78.6 bleed=0.00 fl=100.0,100.0,64.8,100.0 bd=0.0,0.0,0.0,0.0 flags=1 nparts=7 pmin=64.4 smin=0.0 ls=0,0,0,0
[19:20:35.052] [HOST] INFO: [coop-ui] panel opened
[19:20:35.088] [HOST] INFO: [speed] REQ mult=1.00 paused=0 combat=0
[19:20:35.289] [HOST] INFO: [cam] center=-37502.9,721.4,-42599.6
[19:20:35.289] [HOST] INFO: [budget] pub avg=148us max=506us apply avg=20us max=132us frames=314 over2ms=0
[19:20:35.304] [HOST] INFO: [deed] AUDIT hand=0.1432.11111.612.3788940544 isPlayer=1 set=1 sale=0 shop=0 public=0 desig=9 resident=0/0 town=0/1 interior=1 internals=0 doors=1/1/0 furn=0/0/0 canUse=1 home=1/1/0 stuff=1 wallet=18447 squads=2/0/0 cur=0/0 base=1/0 owner='204-gamedata.base' name='Small Shack'
[19:20:35.730] [HOST] INFO: [med] SEND hand=1,1709716736 npc=0 blood=81.8 bleed=0.00 fl=100.0,100.0,100.0,100.0 bd=0.0,0.0,0.0,0.0 flags=0 nparts=7 pmin=48.0 smin=0.0 ls=0,0,0,0
[19:20:35.946] [HOST] INFO: [med] SEND hand=1,612915008 npc=1 blood=41.0 bleed=0.03 fl=100.0,34.7,51.4,100.0 bd=0.0,15.8,48.6,0.0 flags=1 nparts=7 pmin=20.8 smin=0.0 ls=0,0,0,0
[19:20:36.130] [HOST] INFO: [med] SEND hand=1,1709716736 npc=0 blood=81.8 bleed=0.00 fl=100.0,100.0,100.0,100.0 bd=0.0,0.0,0.0,0.0 flags=0 nparts=7 pmin=48.0 smin=0.0 ls=0,0,0,0
[19:20:36.146] [HOST] INFO: [seatres] HOST task=87 npc=1,3732910080 subj=2935,2406860288 ok=1 npcpos=-37668.5,-43204.9 subjpos=-37664.4,-43213.0 d=9.0
[19:20:36.280] [HOST] INFO: [ai] suspended=0 driven=0
[19:20:36.629] [HOST] INFO: [taskkey] key=146 desc='Turret gunner' repro=0 subject=1
[19:20:36.792] [HOST] INFO: [coop-ui] paste friend id=76561198880981766 ok=1
[19:20:37.290] [HOST] INFO: [cell] MAP cells=1 slots=1 23,22=0
[19:20:37.360] [HOST] INFO: [med] SEND hand=1,2035034240 npc=1 blood=78.6 bleed=0.00 fl=100.0,100.0,100.0,100.0 bd=0.0,0.0,0.0,0.0 flags=3 nparts=7 pmin=65.4 smin=0.0 ls=0,0,0,0
[19:20:37.970] [HOST] INFO: [coop-ui] connection -> ONLINE
[19:20:37.982] [HOST] INFO: [coop-ui] CONNECT role=HOST transport=steam
[19:20:37.982] [HOST] INFO: [leave] cleared proxies=0
[19:20:37.982] [HOST] INFO: [leave] cleared worldProxies=0 stale=0
[19:20:37.982] [HOST] INFO: [leave] restored suppressed=0 despawned=0
[19:20:37.982] [HOST] INFO: [load] session reset: pointer caches, session maps, change gates cleared
[19:20:37.982] [HOST] INFO: [role] behaviour re-derived for HOST: combat-report off, gate-authority off
[19:20:37.982] [HOST] INFO: [coop-ui] connect: role=HOST transport=steam peer=76561198880981766 ownRanks={0} src=role
[19:20:37.982] [HOST] INFO: [steam] tunnel peer=76561198880981766 (session pre-accepted)
[19:20:37.982] [HOST] INFO: [steam] transport=steam armed (connect by SteamID; no port forwarding)
[19:20:37.982] [HOST] INFO: KenshiCoop: starting as HOST
[19:20:37.983] [HOST] INFO: [furn] SEND ENTER id=9 occ=1,3642333952 furn=2993,1872924800 kind=1
[19:20:37.983] [HOST] INFO: [furn] SEND ENTER id=10 occ=1,306640640 furn=2994,2293457152 kind=1
[19:20:37.983] [HOST] INFO: [furn] SEND ENTER id=11 occ=1,3540405248 furn=2996,828369152 kind=1
[19:20:37.983] [HOST] INFO: [furn] SEND ENTER id=12 occ=1,930175808 furn=2997,2954467840 kind=1
[19:20:37.983] [HOST] INFO: [wi] BASELINE seeded=1 (save-native, never-stream)
[19:20:37.983] [HOST] INFO: [med] SEND hand=1,1709716736 npc=0 blood=81.8 bleed=0.00 fl=100.0,100.0,100.0,100.0 bd=0.0,0.0,0.0,0.0 flags=0 nparts=7 pmin=48.0 smin=0.0 ls=0,0,0,0
[19:20:37.983] [HOST] INFO: [stats] SEND hand=1,1709716736 str=9.0 dex=5.6 tough=11.4 stealth=1.2 athl=18.9 xp=0 fap=0
[19:20:37.983] [HOST] INFO: [wallet] POOL SEED t=18447 role=host
[19:20:37.983] [HOST] INFO: [prod] SEND key=0.1432.11111.2906.3057983488 kind=0 class=4 pwr=1 state=2 out='42311-changes_otto.mod' outAmt=0.000 in0=0.000 in1=0.000 grown=-1.000 first=1 seq=3
[19:20:37.983] [HOST] INFO: [steam] ENet socket hooks installed (tunnel on P2P channel 0)
[19:20:37.983] [HOST] INFO: [net] transport=steam (ENet tunnelled over Steam P2P)
[19:20:37.983] [HOST] INFO: [research] SEND sid='5359-gamedata.base' seq=2
[19:20:37.984] [HOST] INFO: [deed] SEND hand=0.1432.11111.612.3788940544 owned=1 owner='204-gamedata.base' name='Small Shack' seq=2
[19:20:37.984] [HOST] INFO: [deed] AUDIT hand=0.1432.11111.612.3788940544 isPlayer=1 set=1 sale=0 shop=0 public=0 desig=9 resident=0/0 town=0/1 interior=1 internals=0 doors=1/1/0 furn=0/0/0 canUse=1 home=1/1/0 stuff=1 wallet=18447 squads=2/0/0 cur=0/0 base=1/0 owner='204-gamedata.base' name='Small Shack'
[19:20:37.984] [HOST] INFO: [speed] REQ mult=1.00 paused=0 combat=0
[19:20:37.984] [HOST] INFO: [speed] SET mult=1.00 paused=0 combat=0 (my=1.00 peer=-1.00)
[19:20:37.984] [HOST] INFO: [net] hosting
[19:20:37.984] [HOST] INFO: [steam] session peer=76561198880981766 active=0 connecting=1 relay=0 err=0
[19:20:37.986] [HOST] INFO: [cell] MAP cells=0 slots=0
[19:20:37.999] [HOST] INFO: [coop-ui] banner box=00000000ED67C010 label=000000125CA31CC0
[19:20:37.999] [HOST] INFO: [wallet] POOL SEND t=18447 ack=0
[19:20:38.340] [HOST] INFO: [inv] SEND hand=0,1432,11111,2898,417846688 kind=0 key=0,1432,11111,2898,417846688 items=1 hash=3322406022
[19:20:38.340] [HOST] INFO: [inv] SEND hand=0,1432,11111,2903,936401344 kind=0 key=0,1432,11111,2903,936401344 items=0 hash=0
[19:20:38.340] [HOST] INFO: [inv] SEND hand=0,1432,11111,2904,2251586816 kind=0 key=0,1432,11111,2904,2251586816 items=0 hash=0
[19:20:38.340] [HOST] INFO: [inv] SEND hand=0,1432,11111,2905,3309448192 kind=0 key=0,1432,11111,2905,3309448192 items=0 hash=0
[19:20:38.340] [HOST] INFO: [inv] SEND hand=0,1432,11111,2906,3057983488 kind=0 key=0,1432,11111,2906,3057983488 items=0 hash=0
[19:20:38.340] [HOST] INFO: [inv] SEND hand=1,1,2172729600,1,1709716736 kind=0 key=1,1,2172729600,1,1709716736 items=13 hash=2311471089
[19:20:38.559] [HOST] INFO: [event] SEND id=13 ev=2 hand=1,137,2739013632,1,2035034240 actor=0,0 bs 0->2055
[19:20:38.560] [HOST] INFO: [med] SEND hand=1,2035034240 npc=1 blood=78.6 bleed=0.00 fl=100.0,100.0,100.0,100.0 bd=0.0,0.0,0.0,0.0 flags=3 nparts=7 pmin=65.4 smin=0.0 ls=0,0,0,0
[19:20:39.049] [HOST] INFO: [event] SEND id=14 ev=1 hand=1,140,1534545920,1,756347648 actor=0,0 bs 0->2051
[19:20:39.049] [HOST] INFO: [med] SEND hand=1,756347648 npc=1 blood=78.6 bleed=0.00 fl=100.0,100.0,64.8,100.0 bd=0.0,0.0,0.0,0.0 flags=1 nparts=7 pmin=64.4 smin=0.0 ls=0,0,0,0
[19:20:39.284] [HOST] INFO: [ai] suspended=0 driven=0
[19:20:39.406] [HOST] INFO: [coop-ui] panel closed
[19:20:39.439] [HOST] INFO: [speed] REQ mult=1.00 paused=0 combat=0
[19:20:40.004] [HOST] INFO: [cell] CLAIM rank=0 cell=23,22 seq=3 dwell=3 pos=-37497,-42577
[19:20:40.004] [HOST] INFO: [cell] MAP cells=1 slots=1 23,22=0
[19:20:40.018] [HOST] INFO: [med] SEND hand=1,1709716736 npc=0 blood=81.8 bleed=0.00 fl=100.0,100.0,100.0,100.0 bd=0.0,0.0,0.0,0.0 flags=0 nparts=7 pmin=48.1 smin=0.0 ls=0,0,0,0
[19:20:40.227] [HOST] INFO: [taskkey] key=29 desc='Move order' repro=0 subject=0
[19:20:40.287] [HOST] INFO: [cam] center=-37502.9,721.4,-42599.6
[19:20:40.303] [HOST] INFO: [budget] pub avg=144us max=614us apply avg=22us max=592us frames=308 over2ms=0
[19:20:40.709] [HOST] INFO: [med] SEND hand=1,756347648 npc=1 blood=78.6 bleed=0.00 fl=100.0,100.0,64.8,100.0 bd=0.0,0.0,0.0,0.0 flags=1 nparts=7 pmin=64.4 smin=0.0 ls=0,0,0,0
[19:20:41.004] [HOST] INFO: [census] sent n=208 radius=2000 mid=57 anchors=2 a0=loaded:31 a1=loaded:177 enum=208 notmine=0 proxyrow=0 attnR=1000
[19:20:41.635] [HOST] INFO: [fac] AFFECT-EV me='1305-gamedata.base' whom='1083-gamedata.base' event=12 mult=0.025 after=-16.37 skipped=0
[19:20:41.699] [HOST] INFO: [steam] first tunnel packet received from peer
[19:20:41.808] [HOST] INFO: [net] peer connecting (awaiting HELLO)
[19:20:41.808] [HOST] INFO: [net] peer connected id=1 (proto v56)
[19:20:41.821] [HOST] INFO: handshake: peer present id=1 (local id=0)
[19:20:41.821] [HOST] INFO: [latejoin] RESYNC place=0 remove=0 fac=0 door=0 bdoor=0 med=3 stats=1 money=1 inv=6 world=0 prod=1 deed=1
[19:20:41.822] [HOST] INFO: [boot] baking save 'coop6' to push to join on connect
[19:20:41.822] [HOST] INFO: [save] LOCAL-SAVE name='coop6' autosave=0 suppressed=0
[19:20:41.822] [HOST] INFO: [save] WATCH armed folder='C:\Users\dhowe\AppData\Local\kenshi\save\coop6' baseFiles=262 baseBytes=15775307
[19:20:41.974] [HOST] INFO: [steam] session peer=76561198880981766 active=1 connecting=0 relay=0 err=0
[19:20:42.191] [HOST] INFO: [speed] REQ mult=1.00 paused=0 combat=0
[19:20:42.288] [HOST] INFO: [ai] suspended=0 driven=0
[19:20:42.824] [HOST] INFO: [med] SEND hand=1,756347648 npc=1 blood=78.6 bleed=0.00 fl=100.0,100.0,64.8,100.0 bd=0.0,0.0,0.0,0.0 flags=3 nparts=7 pmin=64.4 smin=0.0 ls=0,0,0,0
[19:20:43.018] [HOST] INFO: [net] [net] bandwidth out=10.3 KB/s in=0.1 KB/s (window 5s)
[19:20:43.192] [HOST] INFO: [deed] AUDIT hand=0.1432.11111.612.3788940544 isPlayer=1 set=1 sale=0 shop=0 public=0 desig=9 resident=0/0 town=0/1 interior=1 internals=0 doors=1/1/0 furn=0/0/0 canUse=1 home=1/1/0 stuff=1 wallet=18447 squads=2/0/0 cur=0/0 base=1/0 owner='204-gamedata.base' name='Small Shack'
[19:20:43.941] [HOST] INFO: [save] QUIESCED kind=settled name='coop6' files=264 bytes=15930474 waitMs=2125
[19:20:43.965] [HOST] INFO: [boot] GO->join id=1 name='coop6' fp=b853159e (push on connect)
[19:20:44.162] [HOST] INFO: [load] NACK id=1 name='coop6' joinFp=c5328dd6 -> transfer after reload
[19:20:44.162] [HOST] INFO: [load] starting fallback transfer name='coop6'
[19:20:44.163] [HOST] INFO: [save] XFER-BEGIN id=1 name='coop6' files=264 bytes=15930474
[19:20:44.329] [HOST] INFO: [event] SEND id=15 ev=2 hand=1,140,1534545920,1,756347648 actor=0,0 bs 2051->2055
[19:20:45.005] [HOST] INFO: [cell] MAP cells=1 slots=1 23,22=0
[19:20:45.287] [HOST] INFO: [cam] center=-37509.5,690.7,-42811.1
[19:20:45.301] [HOST] INFO: [ai] suspended=0 driven=0
[19:20:45.313] [HOST] INFO: [budget] pub avg=136us max=492us apply avg=20us max=142us frames=338 over2ms=0
[19:20:46.112] [HOST] INFO: [seatres] HOST task=87 npc=1,3904540928 subj=2583,2646728448 ok=1 npcpos=-36491.7,-43266.8 subjpos=-36485.2,-43269.6 d=7.0
[19:20:46.112] [HOST] INFO: [seatres] HOST task=87 npc=1,1339233408 subj=2584,3760131840 ok=1 npcpos=-36484.5,-43242.0 subjpos=-36481.6,-43244.2 d=3.6
[19:20:46.790] [HOST] INFO: [fac] AFFECT-EV me='1305-gamedata.base' whom='1083-gamedata.base' event=8 mult=0.025 after=-16.37 skipped=11
[19:20:48.021] [HOST] INFO: [net] [net] bandwidth out=456.0 KB/s in=3.3 KB/s (window 5s)
[19:20:48.225] [HOST] INFO: [deed] AUDIT hand=0.1432.11111.612.3788940544 isPlayer=1 set=1 sale=0 shop=0 public=0 desig=9 resident=0/0 town=0/1 interior=1 internals=0 doors=1/1/0 furn=0/0/0 canUse=1 home=1/1/0 stuff=1 wallet=18447 squads=2/0/0 cur=0/0 base=1/0 owner='204-gamedata.base' name='Small Shack'
[19:20:48.310] [HOST] INFO: [ai] suspended=0 driven=0
[19:20:50.016] [HOST] INFO: [cell] MAP cells=1 slots=1 23,22=0
[19:20:50.284] [HOST] INFO: [cam] center=-37601.9,706.0,-42949.6
[19:20:50.322] [HOST] INFO: [budget] pub avg=131us max=376us apply avg=19us max=120us frames=431 over2ms=0
[19:20:50.600] [HOST] INFO: [inv] SEND hand=0,1432,11111,3011,1090576128 kind=0 key=0,1432,11111,3011,1090576128 items=0 hash=0
[19:20:51.209] [HOST] INFO: [stats] SEND hand=1,1709716736 str=9.0 dex=5.6 tough=11.4 stealth=1.2 athl=18.9 xp=0 fap=0
[19:20:51.222] [HOST] INFO: [census] sent n=208 radius=2000 mid=66 anchors=3 a0=loaded:45 a1=loaded:158 a2=loaded:5 enum=208 notmine=0 proxyrow=0 attnR=1000
[19:20:51.251] [HOST] INFO: [fac] AFFECT-EV me='1535106-Triangle Weapon.mod' whom='1535106-Triangle Weapon.mod' event=8 mult=0.025 after=100.00 skipped=0
[19:20:51.314] [HOST] INFO: [ai] suspended=0 driven=0
[19:20:51.877] [HOST] INFO: [fac] AFFECT-EV me='1305-gamedata.base' whom='1083-gamedata.base' event=8 mult=0.025 after=-16.37 skipped=32
[19:20:51.986] [HOST] INFO: [save] XFER-SENT id=1 files=264 bytes=15930474 ms=7828
[19:20:52.895] [HOST] INFO: [seatres] HOST task=87 npc=1,2482055680 subj=2939,1210205056 ok=1 npcpos=-37567.1,-43123.0 subjpos=-37562.9,-43130.0 d=8.2
[19:20:53.033] [HOST] INFO: [net] [net] bandwidth out=674.5 KB/s in=4.8 KB/s (window 5s)
[19:20:53.246] [HOST] INFO: [deed] AUDIT hand=0.1432.11111.612.3788940544 isPlayer=1 set=1 sale=0 shop=0 public=0 desig=9 resident=0/0 town=0/1 interior=1 internals=0 doors=1/1/0 furn=0/0/0 canUse=1 home=1/1/0 stuff=1 wallet=18447 squads=2/0/0 cur=0/0 base=1/0 owner='204-gamedata.base' name='Small Shack'
[19:20:54.323] [HOST] INFO: [ai] suspended=0 driven=0
[19:20:55.017] [HOST] INFO: [cell] MAP cells=1 slots=1 23,22=0
[19:20:55.284] [HOST] INFO: [cam] center=-37627.0,704.8,-43020.9
[19:20:55.323] [HOST] INFO: [budget] pub avg=135us max=368us apply avg=19us max=153us frames=460 over2ms=0
[19:20:56.231] [HOST] INFO: [wd] increase-untracked sid='556-gamedata.base' inc=1 (real arrival, but no tracked ground instance to name)
[19:20:56.589] [HOST] INFO: [inv] SEND hand=1,1,2172729600,1,1709716736 kind=0 key=1,1,2172729600,1,1709716736 items=14 hash=430782716
[19:20:56.977] [HOST] INFO: [fac] AFFECT-EV me='1305-gamedata.base' whom='1083-gamedata.base' event=8 mult=0.025 after=-16.36 skipped=46
[19:20:57.328] [HOST] INFO: [ai] suspended=0 driven=0
[19:20:58.064] [HOST] INFO: [net] [net] bandwidth out=622.5 KB/s in=4.7 KB/s (window 5s)
[19:20:58.273] [HOST] INFO: [deed] AUDIT hand=0.1432.11111.612.3788940544 isPlayer=1 set=1 sale=0 shop=0 public=0 desig=9 resident=0/0 town=0/1 interior=1 internals=0 doors=1/1/0 furn=0/0/0 canUse=1 home=1/1/0 stuff=1 wallet=18447 squads=2/0/0 cur=0/0 base=1/0 owner='204-gamedata.base' name='Small Shack'
[19:21:00.021] [HOST] INFO: [cell] MAP cells=1 slots=1 23,22=0
[19:21:00.247] [HOST] INFO: [door] rollup sent=0 (resend=0) recv=0 applied=0 nohand=0 converged=0 over=30s
[19:21:00.285] [HOST] INFO: [cam] center=-37577.2,702.4,-43095.1
[19:21:00.330] [HOST] INFO: [ai] suspended=0 driven=0
[19:21:00.330] [HOST] INFO: [budget] pub avg=142us max=419us apply avg=17us max=163us frames=462 over2ms=0
[19:21:00.372] [HOST] INFO: [taskkey] key=12 desc='Talking' repro=0 subject=1
[19:21:00.385] [HOST] INFO: [speed] REQ mult=0.00 paused=1 combat=0
[19:21:00.385] [HOST] INFO: [speed] SET mult=0.00 paused=1 combat=0 (my=0.00 peer=-1.00)
[19:21:01.115] [HOST] INFO: [speed] REQ mult=1.00 paused=0 combat=0
[19:21:01.115] [HOST] INFO: [speed] SET mult=1.00 paused=0 combat=0 (my=1.00 peer=-1.00)
[19:21:01.274] [HOST] INFO: [census] sent n=207 radius=2000 mid=72 anchors=2 a0=loaded:97 a1=loaded:110 enum=207 notmine=0 proxyrow=0 attnR=1000
[19:21:01.284] [HOST] INFO: [prod] SEND key=0.1432.11111.2909.1970703104 kind=0 class=4 pwr=1 state=0 out='1946-gamedata.base' outAmt=0.000 in0=0.000 in1=0.000 grown=-1.000 first=1 seq=6
[19:21:01.635] [HOST] INFO: [inv] SEND hand=0,1432,11111,2909,1970703104 kind=0 key=0,1432,11111,2909,1970703104 items=0 hash=0
[19:21:02.031] [HOST] INFO: [wd] DROP id=1 sid='556-gamedata.base' owner=1,1,2172729600,1,1709716736 pos=-37598.30,703.90,-43043.03 tracked=1
[19:21:02.833] [HOST] INFO: [wallet] POOL LOCAL t=18729 was=18447 delta=282
[19:21:02.858] [HOST] INFO: [wallet] POOL SEND t=18729 ack=0
[19:21:03.064] [HOST] INFO: [net] [net] bandwidth out=560.9 KB/s in=4.1 KB/s (window 5s)
[19:21:03.299] [HOST] INFO: [deed] AUDIT hand=0.1432.11111.612.3788940544 isPlayer=1 set=1 sale=0 shop=0 public=0 desig=9 resident=0/0 town=0/1 interior=1 internals=0 doors=1/1/0 furn=0/0/0 canUse=1 home=1/1/0 stuff=1 wallet=18729 squads=2/0/0 cur=0/0 base=1/0 owner='204-gamedata.base' name='Small Shack'
[19:21:03.335] [HOST] INFO: [ai] suspended=0 driven=0
[19:21:03.815] [HOST] INFO: [fac] AFFECT-EV me='42022-rebirth.mod' whom='1535106-Triangle Weapon.mod' event=1 mult=0.001 after=-100.00 skipped=0
[19:21:03.832] [HOST] INFO: [inv] SEND hand=1,1,2172729600,1,1709716736 kind=0 key=1,1,2172729600,1,1709716736 items=13 hash=2311471089
[19:21:03.950] [HOST] INFO: [fac] AFFECT-EV me='1535106-Triangle Weapon.mod' whom='42022-rebirth.mod' event=1 mult=0.025 after=-100.00 skipped=0
[19:21:05.030] [HOST] INFO: [cell] MAP cells=1 slots=1 23,22=0
[19:21:05.290] [HOST] INFO: [cam] center=-37547.4,711.7,-43108.2
[19:21:05.333] [HOST] INFO: [budget] pub avg=139us max=403us apply avg=18us max=439us frames=446 over2ms=0
[19:21:06.338] [HOST] INFO: [ai] suspended=0 driven=0
[19:21:08.065] [HOST] INFO: [net] [net] bandwidth out=691.7 KB/s in=5.1 KB/s (window 5s)
[19:21:08.324] [HOST] INFO: [deed] AUDIT hand=0.1432.11111.612.3788940544 isPlayer=1 set=1 sale=0 shop=0 public=0 desig=9 resident=0/0 town=0/1 interior=1 internals=0 doors=1/1/0 furn=0/0/0 canUse=1 home=1/1/0 stuff=1 wallet=18729 squads=2/0/0 cur=0/0 base=1/0 owner='204-gamedata.base' name='Small Shack'
[19:21:09.343] [HOST] INFO: [ai] suspended=0 driven=0
[19:21:09.457] [HOST] INFO: [med] SEND hand=1,1709716736 npc=0 blood=81.8 bleed=0.00 fl=100.0,100.0,100.0,100.0 bd=0.0,0.0,0.0,0.0 flags=0 nparts=7 pmin=48.5 smin=0.0 ls=0,0,0,0
[19:21:10.040] [HOST] INFO: [cell] MAP cells=1 slots=1 23,22=0
[19:21:10.285] [HOST] INFO: [cam] center=-37587.7,703.8,-43039.2
[19:21:10.336] [HOST] INFO: [budget] pub avg=136us max=424us apply avg=16us max=167us frames=459 over2ms=0
[19:21:11.333] [HOST] INFO: [census] sent n=198 radius=2000 mid=64 anchors=2 a0=loaded:89 a1=loaded:109 enum=198 notmine=0 proxyrow=0 attnR=1000
[19:21:12.220] [HOST] INFO: [wd] ground-prune sid='556-gamedata.base' drop=0/1 (247 consecutive reads over 3008ms, everLive=1: not a free ground item)
[19:21:12.361] [HOST] INFO: [ai] suspended=0 driven=0
[19:21:13.064] [HOST] INFO: [net] [net] bandwidth out=361.9 KB/s in=2.7 KB/s (window 5s)
[19:21:13.368] [HOST] INFO: [deed] AUDIT hand=0.1432.11111.612.3788940544 isPlayer=1 set=1 sale=0 shop=0 public=0 desig=9 resident=0/0 town=0/1 interior=1 internals=0 doors=1/1/0 furn=0/0/0 canUse=1 home=1/1/0 stuff=1 wallet=18729 squads=2/0/0 cur=0/0 base=1/0 owner='204-gamedata.base' name='Small Shack'
[19:21:13.836] [HOST] INFO: [med] SEND hand=1,1709716736 npc=0 blood=81.8 bleed=0.00 fl=100.0,100.0,100.0,100.0 bd=0.0,0.0,0.0,0.0 flags=0 nparts=7 pmin=48.6 smin=0.0 ls=0,0,0,0
[19:21:14.855] [HOST] INFO: [wd] increase-untracked sid='713069-Mediocre All Black Armor.mod' inc=1 (real arrival, but no tracked ground instance to name)
[19:21:15.039] [HOST] INFO: [cell] MAP cells=1 slots=1 23,22=0
[19:21:15.219] [HOST] INFO: [inv] SEND hand=1,1,2172729600,1,1709716736 kind=0 key=1,1,2172729600,1,1709716736 items=14 hash=1843078949
[19:21:15.292] [HOST] INFO: [cam] center=-37587.7,703.8,-43039.2
[19:21:15.342] [HOST] INFO: [budget] pub avg=144us max=495us apply avg=17us max=149us frames=332 over2ms=0
[19:21:15.377] [HOST] INFO: [ai] suspended=0 driven=0
[19:21:16.243] [HOST] INFO: [save] XFER-ACK id=1 ok=1 files=264 bytes=15930474
[19:21:17.577] [HOST] INFO: [wd] DROP id=2 sid='713069-Mediocre All Black Armor.mod' owner=1,1,2172729600,1,1709716736 pos=-37572.52,701.71,-43121.46 tracked=1
[19:21:17.734] [HOST] INFO: [wd] DROP id=3 sid='2225-chris_r.mod' owner=1,1,2172729600,1,1709716736 pos=-37588.70,703.21,-43067.30 tracked=1
[19:21:18.079] [HOST] INFO: [net] [net] bandwidth out=372.6 KB/s in=3.1 KB/s (window 5s)
[19:21:18.385] [HOST] INFO: [ai] suspended=0 driven=0
[19:21:18.394] [HOST] INFO: [deed] AUDIT hand=0.1432.11111.612.3788940544 isPlayer=1 set=1 sale=0 shop=0 public=0 desig=9 resident=0/0 town=0/1 interior=1 internals=0 doors=1/1/0 furn=0/0/0 canUse=1 home=1/1/0 stuff=1 wallet=18729 squads=2/0/0 cur=0/0 base=1/0 owner='204-gamedata.base' name='Small Shack'
[19:21:18.730] [HOST] INFO: [inv] SEND hand=1,1,2172729600,1,1709716736 kind=0 key=1,1,2172729600,1,1709716736 items=14 hash=3574676645
[19:21:20.054] [HOST] INFO: [cell] MAP cells=1 slots=1 23,22=0
[19:21:20.293] [HOST] INFO: [cam] center=-37587.7,703.8,-43039.2
[19:21:20.350] [HOST] INFO: [budget] pub avg=139us max=391us apply avg=17us max=125us frames=407 over2ms=0
[19:21:21.393] [HOST] INFO: [ai] suspended=0 driven=0
[19:21:21.393] [HOST] INFO: [census] sent n=198 radius=2000 mid=67 anchors=2 a0=loaded:88 a1=loaded:110 enum=198 notmine=0 proxyrow=0 attnR=1000
[19:21:22.297] [HOST] INFO: [seatres] HOST task=98 npc=11,1737426816 subj=2315,1438354432 ok=1 npcpos=-36643.5,-43855.7 subjpos=-36648.8,-43842.6 d=14.1
[19:21:23.081] [HOST] INFO: [net] [net] bandwidth out=37.3 KB/s in=0.1 KB/s (window 5s)
[19:21:23.427] [HOST] INFO: [deed] AUDIT hand=0.1432.11111.612.3788940544 isPlayer=1 set=1 sale=0 shop=0 public=0 desig=9 resident=0/0 town=0/1 interior=1 internals=0 doors=1/1/0 furn=0/0/0 canUse=1 home=1/1/0 stuff=1 wallet=18729 squads=2/0/0 cur=0/0 base=1/0 owner='204-gamedata.base' name='Small Shack'
[19:21:24.403] [HOST] INFO: [ai] suspended=0 driven=0
[19:21:25.057] [HOST] INFO: [cell] MAP cells=1 slots=1 23,22=0
[19:21:25.287] [HOST] INFO: [cam] center=-37628.8,703.6,-43079.4
[19:21:25.350] [HOST] INFO: [budget] pub avg=141us max=387us apply avg=17us max=158us frames=411 over2ms=0
[19:21:27.411] [HOST] INFO: [ai] suspended=0 driven=0
[19:21:28.113] [HOST] INFO: [net] [net] bandwidth out=39.3 KB/s in=0.2 KB/s (window 5s)
[19:21:28.445] [HOST] INFO: [deed] AUDIT hand=0.1432.11111.612.3788940544 isPlayer=1 set=1 sale=0 shop=0 public=0 desig=9 resident=0/0 town=0/1 interior=1 internals=0 doors=1/1/0 furn=0/0/0 canUse=1 home=1/1/0 stuff=1 wallet=18729 squads=2/0/0 cur=0/0 base=1/0 owner='204-gamedata.base' name='Small Shack'
[19:21:29.043] [HOST] INFO: [stats] RECV hand=1,2916870144 ok=1 str=6.4 dex=1.3 tough=11.6 stealth=1.3 athl=25.7 xp=0
[19:21:29.045] [HOST] INFO: [life] hand=1,2,2989257728,1,2916870144 from=UNKNOWN to=HI reason=drive
[19:21:29.045] [HOST] INFO: [interp] lerp=0 extrap=0 clamp=0 seg=0 single=1 snapSq=0 snapNpc=0 reissueSq=0 reissueNpc=0 restFlip=0 delay=50 jit=0.0 starve=0 snapMid=0 restFlipMid=0 haltDrv=0
[19:21:29.206] [HOST] INFO: [census] recv n=0 culls=0
[19:21:29.206] [HOST] INFO: [census] fresh again (wide culling re-enabled; staleMs=58929 edges=0)
[19:21:29.206] [HOST] INFO: [audit] exist near=13 wide=196 drv=0 cen=0 hid=0 ghost=0 supp=0 census=0 fresh=1 parks=0 nearCap=0 wideCap=0 staleMs=58929 edges=0 ghostMax=-1 ghostEdge=0 dorm=0 attnR=1000 dormPc=0 pcs=2 mine=196 skip=196 cells=1
[19:21:29.206] [HOST] INFO: [cam] hint recv=-37502.9,721.4,-42599.6
[19:21:29.215] [HOST] INFO: [speed] REQ RECV owner=1 mult=1.00 paused=0 combat=0
[19:21:29.215] [HOST] INFO: [dlg] RECV 'Did anybody else get a rash in the outlands? Just me?'
[19:21:29.215] [HOST] INFO: [spawn] INFO send hand=1,31,3256835840,1,3219238400 found=1 dead=0 age=1.00 sid='14492-rebirth.mod' fac='14491-rebirth.mod'
[19:21:29.215] [HOST] INFO: [spawn] INFO send hand=1,31,3256835840,2,1994384768 found=1 dead=0 age=1.00 sid='14492-rebirth.mod' fac='14491-rebirth.mod'
[19:21:29.215] [HOST] INFO: [spawn] INFO send hand=1,31,3256835840,3,2267700224 found=1 dead=0 age=1.00 sid='14492-rebirth.mod' fac='14491-rebirth.mod'
[19:21:29.215] [HOST] INFO: [spawn] INFO send hand=1,31,3256835840,4,1310791040 found=1 dead=0 age=1.00 sid='14492-rebirth.mod' fac='14491-rebirth.mod'
[19:21:29.215] [HOST] INFO: [spawn] INFO send hand=1,31,3256835840,5,1707397504 found=1 dead=0 age=1.00 sid='14492-gamedata.base' fac='14491-rebirth.mod'
[19:21:29.215] [HOST] INFO: [spawn] INFO send hand=1,31,3256835840,6,2685058560 found=1 dead=0 age=1.00 sid='14502-rebirth.mod' fac='14491-rebirth.mod'
[19:21:29.215] [HOST] INFO: [spawn] INFO send hand=1,35,2051025408,1,1777587840 found=1 dead=0 age=1.00 sid='46995-rebirth.mod' fac='1214-gamedata.base'
[19:21:29.215] [HOST] INFO: [spawn] INFO send hand=1,35,2051025408,2,3943115264 found=1 dead=0 age=1.00 sid='46995-rebirth.mod' fac='1214-gamedata.base'
[19:21:29.215] [HOST] INFO: [spawn] INFO send hand=1,35,2051025408,3,2092285184 found=1 dead=0 age=1.00 sid='46995-rebirth.mod' fac='1214-gamedata.base'
[19:21:29.215] [HOST] INFO: [spawn] INFO send hand=1,36,3447631872,1,3904540928 found=1 dead=0 age=1.00 sid='1535275-Mediocre Black Armor.mod' fac='1535273-Mediocre Black Armor.mod'
[19:21:29.215] [HOST] INFO: [spawn] INFO send hand=1,37,2831054592,1,1339233408 found=1 dead=0 age=1.00 sid='1535275-Mediocre Black Armor.mod' fac='1535382-Mediocre Black Armor.mod'
[19:21:29.215] [HOST] INFO: [spawn] INFO send hand=1,38,3124999936,1,1815795840 found=1 dead=0 age=1.00 sid='4999487-DialoguePlus.mod' fac='1083-gamedata.base'
[19:21:29.215] [HOST] INFO: [spawn] INFO send hand=1,38,3124999936,2,136230464 found=1 dead=0 age=1.00 sid='4999487-DialoguePlus.mod' fac='1083-gamedata.base'
[19:21:29.215] [HOST] INFO: [spawn] INFO send hand=1,38,3124999936,3,2558227456 found=1 dead=0 age=1.00 sid='4999487-DialoguePlus.mod' fac='1083-gamedata.base'
[19:21:29.215] [HOST] INFO: [spawn] INFO send hand=1,39,3749755904,1,3392089856 found=1 dead=0 age=1.00 sid='58279-Dialogue.mod' fac='1088-gamedata.base'
[19:21:29.215] [HOST] INFO: [spawn] INFO send hand=1,43,2240844800,1,1647949184 found=1 dead=0 age=1.00 sid='2243-gamedata.base' fac='1083-gamedata.base'
[19:21:29.215] [HOST] INFO: [spawn] INFO send hand=1,47,830810560,1,612915008 found=1 dead=0 age=1.00 sid='1304-gamedata.base' fac='1305-gamedata.base'
[19:21:29.215] [HOST] INFO: [spawn] INFO send hand=1,50,3217651456,1,1667114240 found=1 dead=0 age=1.00 sid='40558-rebirth.mod' fac='1083-gamedata.base'
[19:21:29.215] [HOST] INFO: [spawn] INFO send hand=1,50,3217651456,2,2340820224 found=1 dead=0 age=1.00 sid='43349-Dialogue.mod' fac='1083-gamedata.base'
[19:21:29.215] [HOST] INFO: [spawn] INFO send hand=1,50,3217651456,3,3120605440 found=1 dead=0 age=1.00 sid='40558-rebirth.mod' fac='1083-gamedata.base'
[19:21:29.215] [HOST] INFO: [spawn] INFO send hand=1,52,443237312,1,595214848 found=1 dead=0 age=1.00 sid='1411-gamedata.base' fac='1083-gamedata.base'
[19:21:29.215] [HOST] INFO: [spawn] INFO send hand=1,52,443237312,2,614746112 found=1 dead=0 age=1.00 sid='1408-gamedata.base' fac='1083-gamedata.base'
[19:21:29.215] [HOST] INFO: [spawn] INFO send hand=1,52,443237312,3,1959350528 found=1 dead=0 age=1.00 sid='1408-gamedata.base' fac='1083-gamedata.base'
[19:21:29.215] [HOST] INFO: [spawn] INFO send hand=1,52,443237312,4,1605956992 found=1 dead=0 age=1.00 sid='1408-gamedata.base' fac='1083-gamedata.base'
[19:21:29.215] [HOST] INFO: [spawn] INFO send hand=1,52,443237312,5,3360839936 found=1 dead=0 age=1.00 sid='1408-gamedata.base' fac='1083-gamedata.base'
[19:21:29.215] [HOST] INFO: [spawn] INFO send hand=1,52,443237312,6,1700561536 found=1 dead=0 age=1.00 sid='1408-gamedata.base' fac='1083-gamedata.base'
[19:21:29.215] [HOST] INFO: [spawn] INFO send hand=1,52,443237312,7,3765014528 found=1 dead=0 age=1.00 sid='1408-gamedata.base' fac='1083-gamedata.base'
[19:21:29.215] [HOST] INFO: [spawn] INFO send hand=1,52,443237312,8,2418823168 found=1 dead=0 age=1.00 sid='1408-gamedata.base' fac='1083-gamedata.base'
[19:21:29.215] [HOST] INFO: [spawn] INFO send hand=1,52,443237312,10,3366577152 found=1 dead=0 age=1.00 sid='1408-gamedata.base' fac='1083-gamedata.base'
[19:21:29.215] [HOST] INFO: [spawn] INFO send hand=1,52,443237312,11,3689209088 found=1 dead=0 age=1.00 sid='1408-gamedata.base' fac='1083-gamedata.base'
[19:21:29.215] [HOST] INFO: [spawn] INFO send hand=1,52,443237312,12,962158208 found=1 dead=0 age=1.00 sid='1408-gamedata.base' fac='1083-gamedata.base'
[19:21:29.215] [HOST] INFO: [spawn] INFO send hand=1,57,890747072,1,1814697216 found=1 dead=0 age=1.00 sid='43399-Dialogue.mod' fac='1083-gamedata.base'
[19:21:29.215] [HOST] INFO: [spawn] INFO send hand=1,57,890747072,2,2517089792 found=1 dead=0 age=1.00 sid='43357-Dialogue.mod' fac='1083-gamedata.base'
[19:21:29.215] [HOST] INFO: [spawn] INFO send hand=1,57,890747072,3,1537353472 found=1 dead=0 age=1.00 sid='43357-Dialogue.mod' fac='1083-gamedata.base'
[19:21:29.215] [HOST] INFO: [spawn] INFO send hand=1,58,249267584,1,387451168 found=1 dead=0 age=1.00 sid='17086-Dialogue.mod' fac='1083-gamedata.base'
[19:21:29.215] [HOST] INFO: [spawn] INFO send hand=1,58,249267584,2,3736816384 found=1 dead=0 age=1.00 sid='1411-gamedata.base' fac='1083-gamedata.base'
[19:21:29.215] [HOST] INFO: [spawn] INFO send hand=1,58,249267584,3,2628173824 found=1 dead=0 age=1.00 sid='18879-rebirth.mod' fac='1083-gamedata.base'
[19:21:29.215] [HOST] INFO: [spawn] INFO send hand=1,58,249267584,6,297729504 found=1 dead=0 age=1.00 sid='18879-rebirth.mod' fac='1083-gamedata.base'
[19:21:29.215] [HOST] INFO: [spawn] INFO send hand=1,64,2087280256,1,3254150400 found=1 dead=0 age=1.00 sid='18882-rebirth.mod' fac='1083-gamedata.base'
[19:21:29.215] [HOST] INFO: [spawn] INFO send hand=1,64,2087280256,2,3219726592 found=1 dead=0 age=1.00 sid='1408-gamedata.base' fac='1083-gamedata.base'
[19:21:29.215] [HOST] INFO: [spawn] INFO send hand=1,64,2087280256,3,787231424 found=1 dead=0 age=1.00 sid='1408-gamedata.base' fac='1083-gamedata.base'
[19:21:29.215] [HOST] INFO: [spawn] INFO send hand=1,64,2087280256,4,3773193472 found=1 dead=0 age=1.00 sid='1408-gamedata.base' fac='1083-gamedata.base'
[19:21:29.215] [HOST] INFO: [spawn] INFO send hand=1,64,2087280256,5,2694702080 found=1 dead=0 age=1.00 sid='1408-gamedata.base' fac='1083-gamedata.base'
[19:21:29.215] [HOST] INFO: [spawn] INFO send hand=1,67,3061035264,1,109985352 found=1 dead=0 age=1.00 sid='18880-rebirth.mod' fac='1083-gamedata.base'
[19:21:29.215] [HOST] INFO: [spawn] INFO send hand=1,67,3061035264,2,2515747072 found=1 dead=0 age=1.00 sid='18880-rebirth.mod' fac='1083-gamedata.base'
[19:21:29.215] [HOST] INFO: [spawn] INFO send hand=1,67,3061035264,3,2105102592 found=1 dead=0 age=1.00 sid='18880-rebirth.mod' fac='1083-gamedata.base'
[19:21:29.215] [HOST] INFO: [spawn] INFO send hand=1,67,3061035264,4,693847680 found=1 dead=0 age=1.00 sid='18880-rebirth.mod' fac='1083-gamedata.base'
[19:21:29.215] [HOST] INFO: [spawn] INFO send hand=1,67,3061035264,5,1679199232 found=1 dead=0 age=1.00 sid='18880-rebirth.mod' fac='1083-gamedata.base'
[19:21:29.215] [HOST] INFO: [spawn] INFO send hand=1,67,3061035264,6,1648925824 found=1 dead=0 age=1.00 sid='18880-rebirth.mod' fac='1083-gamedata.base'
[19:21:29.215] [HOST] INFO: [spawn] INFO send hand=1,67,3061035264,7,1975097600 found=1 dead=0 age=1.00 sid='18880-rebirth.mod' fac='1083-gamedata.base'
[19:21:29.215] [HOST] INFO: [spawn] INFO send hand=1,67,3061035264,8,3573608448 found=1 dead=0 age=1.00 sid='18880-rebirth.mod' fac='1083-gamedata.base'
[19:21:29.215] [HOST] INFO: [spawn] INFO send hand=1,67,3061035264,9,3905151488 found=1 dead=0 age=1.00 sid='18880-rebirth.mod' fac='1083-gamedata.base'
[19:21:29.215] [HOST] INFO: [spawn] INFO send hand=1,70,1003784192,1,3390991104 found=1 dead=0 age=1.00 sid='43356-Dialogue.mod' fac='1083-gamedata.base'
[19:21:29.215] [HOST] INFO: [spawn] INFO send hand=1,70,1003784192,2,1028808576 found=1 dead=0 age=1.00 sid='43357-Dialogue.mod' fac='1083-gamedata.base'
[19:21:29.215] [HOST] INFO: [spawn] INFO send hand=1,72,1283325184,1,1372680704 found=1 dead=0 age=1.00 sid='43356-Dialogue.mod' fac='1083-gamedata.base'
[19:21:29.215] [HOST] INFO: [spawn] INFO send hand=1,72,1283325184,2,2980835072 found=1 dead=0 age=1.00 sid='43357-Dialogue.mod' fac='1083-gamedata.base'
[19:21:29.215] [HOST] INFO: [spawn] INFO send hand=1,73,3543701248,1,75561520 found=1 dead=0 age=1.00 sid='2236-gamedata.base' fac='1083-gamedata.base'
[19:21:29.215] [HOST] INFO: [spawn] INFO send hand=1,73,3543701248,2,2525756928 found=1 dead=0 age=1.00 sid='1189-gamedata.base' fac='1083-gamedata.base'
[19:21:29.215] [HOST] INFO: [spawn] INFO send hand=1,73,3543701248,3,3929321216 found=1 dead=0 age=1.00 sid='1189-gamedata.base' fac='1083-gamedata.base'
[19:21:29.215] [HOST] INFO: [spawn] INFO send hand=1,73,3543701248,4,1102050816 found=1 dead=0 age=1.00 sid='43357-Dialogue.mod' fac='1083-gamedata.base'
[19:21:29.215] [HOST] INFO: [spawn] INFO send hand=1,108,2702148352,1,1657959040 found=1 dead=0 age=1.00 sid='14492-rebirth.mod' fac='14491-rebirth.mod'
[19:21:29.215] [HOST] INFO: [spawn] INFO send hand=1,109,128295896,1,1583740288 found=1 dead=0 age=1.00 sid='14492-gamedata.base' fac='14491-rebirth.mod'
[19:21:29.215] [HOST] INFO: [spawn] INFO send hand=1,110,3348022528,1,1739257856 found=1 dead=0 age=1.00 sid='1535275-Mediocre Black Armor.mod' fac='1535382-Mediocre Black Armor.mod'
[19:21:29.215] [HOST] INFO: [spawn] INFO send hand=1,111,252075200,1,2733154304 found=1 dead=0 age=1.00 sid='14492-rebirth.mod' fac='14491-rebirth.mod'
[19:21:29.215] [HOST] INFO: [spawn] INFO send hand=1,121,1146972672,1,2729858304 found=1 dead=0 age=1.00 sid='46995-rebirth.mod' fac='1214-gamedata.base'
[19:21:29.215] [HOST] INFO: [spawn] INFO send hand=1,127,3401367296,1,1707885696 found=1 dead=0 age=1.00 sid='46995-rebirth.mod' fac='1214-gamedata.base'
[19:21:29.215] [HOST] INFO: [spawn] INFO send hand=1,128,3862915072,1,1382934528 found=1 dead=0 age=1.00 sid='14492-gamedata.base' fac='14491-rebirth.mod'
[19:21:29.215] [HOST] INFO: [spawn] INFO send hand=1,134,2148315392,1,1930541952 found=1 dead=0 age=1.00 sid='14492-rebirth.mod' fac='14491-rebirth.mod'
[19:21:29.215] [HOST] INFO: [spawn] INFO send hand=1,139,976318336,1,3621704192 found=1 dead=0 age=1.00 sid='58279-Dialogue.mod' fac='1088-gamedata.base'
[19:21:29.215] [HOST] INFO: [spawn] INFO send hand=1,159,1265991168,1,1917480448 found=1 dead=0 age=1.00 sid='18880-rebirth.mod' fac='1083-gamedata.base'
[19:21:29.215] [HOST] INFO: [spawn] INFO send hand=1,160,1620483456,1,3871704064 found=1 dead=0 age=1.00 sid='18880-rebirth.mod' fac='1083-gamedata.base'
[19:21:29.215] [HOST] INFO: [spawn] INFO send hand=1,230,2668579072,1,1708740224 found=1 dead=0 age=1.00 sid='1303-gamedata.base' fac='1305-gamedata.base'
[19:21:29.215] [HOST] INFO: [spawn] INFO send hand=1,249,2381957888,1,302368160 found=1 dead=0 age=1.00 sid='1411-gamedata.base' fac='1083-gamedata.base'
[19:21:29.215] [HOST] INFO: [spawn] INFO send hand=1,250,1839721728,1,1600707968 found=1 dead=0 age=1.00 sid='1189-gamedata.base' fac='1083-gamedata.base'
[19:21:29.215] [HOST] INFO: [spawn] INFO send hand=1,251,2972290048,1,3411743232 found=1 dead=0 age=1.00 sid='18879-rebirth.mod' fac='1083-gamedata.base'
[19:21:29.215] [HOST] INFO: [spawn] INFO send hand=1,252,3208984320,1,1195678720 found=1 dead=0 age=1.00 sid='1411-gamedata.base' fac='1083-gamedata.base'
[19:21:29.215] [HOST] INFO: [spawn] INFO send hand=1,253,2770141696,1,1731201152 found=1 dead=0 age=1.00 sid='18880-rebirth.mod' fac='1083-gamedata.base'
[19:21:29.215] [HOST] INFO: [spawn] INFO send hand=1,255,2366210816,1,801513664 found=1 dead=0 age=1.00 sid='18880-rebirth.mod' fac='1083-gamedata.base'
[19:21:29.215] [HOST] INFO: [spawn] INFO send hand=1,257,1070312512,1,3916748032 found=1 dead=0 age=1.00 sid='18880-rebirth.mod' fac='1083-gamedata.base'
[19:21:29.215] [HOST] INFO: [spawn] INFO send hand=1,258,986572288,1,957641600 found=1 dead=0 age=1.00 sid='1411-gamedata.base' fac='1083-gamedata.base'
[19:21:29.215] [HOST] INFO: [spawn] INFO send hand=1,259,3648071168,1,3185668864 found=1 dead=0 age=1.00 sid='17086-Dialogue.mod' fac='1083-gamedata.base'
[19:21:29.215] [HOST] INFO: [spawn] INFO send hand=1,260,1717651328,1,2248046848 found=1 dead=0 age=1.00 sid='18879-rebirth.mod' fac='1083-gamedata.base'
[19:21:29.215] [HOST] INFO: [spawn] INFO send hand=1,261,1585693312,1,1275268608 found=1 dead=0 age=1.00 sid='1411-gamedata.base' fac='1083-gamedata.base'
[19:21:29.215] [HOST] INFO: [spawn] INFO send hand=1,262,2003662080,1,2244384768 found=1 dead=0 age=1.00 sid='18880-rebirth.mod' fac='1083-gamedata.base'
[19:21:29.215] [HOST] INFO: [spawn] INFO send hand=1,263,1256713856,1,1045532224 found=1 dead=0 age=1.00 sid='1408-gamedata.base' fac='1083-gamedata.base'
[19:21:29.215] [HOST] INFO: [spawn] INFO send hand=1,264,3971069440,1,1790893568 found=1 dead=0 age=1.00 sid='1408-gamedata.base' fac='1083-gamedata.base'
[19:21:29.215] [HOST] INFO: [spawn] INFO send hand=1,265,1576660096,1,2553222656 found=1 dead=0 age=1.00 sid='18880-rebirth.mod' fac='1083-gamedata.base'
[19:21:29.215] [HOST] INFO: [spawn] INFO send hand=1,266,2983398400,1,1543823232 found=1 dead=0 age=1.00 sid='18880-rebirth.mod' fac='1083-gamedata.base'
[19:21:29.215] [HOST] INFO: [spawn] INFO send hand=1,267,566406272,1,1188232448 found=1 dead=0 age=1.00 sid='18882-rebirth.mod' fac='1083-gamedata.base'
[19:21:29.215] [HOST] INFO: [spawn] INFO send hand=1,268,2237793024,1,2284667904 found=1 dead=0 age=1.00 sid='1408-gamedata.base' fac='1083-gamedata.base'
[19:21:29.215] [HOST] INFO: [spawn] INFO send hand=1,270,471679680,1,1510375936 found=1 dead=0 age=1.00 sid='18879-rebirth.mod' fac='1083-gamedata.base'
[19:21:29.215] [HOST] INFO: [spawn] INFO send hand=1,271,1838623104,1,817993152 found=1 dead=0 age=1.00 sid='1408-gamedata.base' fac='1083-gamedata.base'
[19:21:29.215] [HOST] INFO: [spawn] INFO send hand=1,272,583251968,1,1070312512 found=1 dead=0 age=1.00 sid='18880-rebirth.mod' fac='1083-gamedata.base'
[19:21:29.215] [HOST] INFO: [spawn] INFO send hand=1,273,2443603456,1,3490478592 found=1 dead=0 age=1.00 sid='18880-rebirth.mod' fac='1083-gamedata.base'
[19:21:29.215] [HOST] INFO: [spawn] INFO send hand=1,274,2644653312,1,2670166016 found=1 dead=0 age=1.00 sid='18880-rebirth.mod' fac='1083-gamedata.base'
[19:21:29.215] [HOST] INFO: [spawn] INFO send hand=1,275,2052246144,1,555175808 found=1 dead=0 age=1.00 sid='18880-rebirth.mod' fac='1083-gamedata.base'
[19:21:29.215] [HOST] INFO: [spawn] INFO send hand=1,276,1011352512,1,2002563456 found=1 dead=0 age=1.00 sid='18880-rebirth.mod' fac='1083-gamedata.base'
[19:21:29.215] [HOST] INFO: [spawn] INFO send hand=1,277,203735344,1,2104736384 found=1 dead=0 age=1.00 sid='18880-rebirth.mod' fac='1083-gamedata.base'
[19:21:29.215] [HOST] INFO: [spawn] INFO send hand=1,278,3553344768,1,1531860352 found=1 dead=0 age=1.00 sid='1189-gamedata.base' fac='1083-gamedata.base'
[19:21:29.215] [HOST] INFO: [spawn] INFO send hand=1,281,460327136,1,3252197376 found=1 dead=0 age=1.00 sid='1408-gamedata.base' fac='1083-gamedata.base'
[19:21:29.215] [HOST] INFO: [spawn] INFO send hand=1,283,3956909056,1,1383056640 found=1 dead=0 age=1.00 sid='1408-gamedata.base' fac='1083-gamedata.base'
[19:21:29.215] [HOST] INFO: [spawn] INFO send hand=1,284,1109008768,1,2681884672 found=1 dead=0 age=1.00 sid='1408-gamedata.base' fac='1083-gamedata.base'
[19:21:29.215] [HOST] INFO: [spawn] INFO send hand=1,285,851196288,1,3985717760 found=1 dead=0 age=1.00 sid='18880-rebirth.mod' fac='1083-gamedata.base'
[19:21:29.215] [HOST] INFO: [spawn] INFO send hand=1,286,2430419968,1,2366210816 found=1 dead=0 age=1.00 sid='18880-rebirth.mod' fac='1083-gamedata.base'
[19:21:29.215] [HOST] INFO: [spawn] INFO send hand=1,287,1452636672,1,3931396608 found=1 dead=0 age=1.00 sid='18880-rebirth.mod' fac='1083-gamedata.base'
[19:21:29.215] [HOST] INFO: [spawn] INFO send hand=1,288,579711936,1,87402344 found=1 dead=0 age=1.00 sid='43357-Dialogue.mod' fac='1083-gamedata.base'
[19:21:29.215] [HOST] INFO: [spawn] INFO send hand=1,291,1024780288,1,2693847552 found=1 dead=0 age=1.00 sid='1411-gamedata.base' fac='1083-gamedata.base'
[19:21:29.310] [HOST] INFO: [census] re-judge sweep radius=2500 (was stale; enumerated=200 trunc=0)
[19:21:29.536] [HOST] INFO: [inv] APPLY hand=0,1432,11111,2903,936401344 items=0
[19:21:29.536] [HOST] INFO: [inv] APPLY hand=0,1432,11111,2904,2251586816 items=0
[19:21:29.536] [HOST] INFO: [inv] APPLY hand=0,1432,11111,2905,3309448192 items=0
[19:21:29.536] [HOST] INFO: [inv] APPLY hand=0,1432,11111,2906,3057983488 items=0
[19:21:29.546] [HOST] INFO: [inv] APPLY hand=1,2,2989257728,1,2916870144 items=10
[19:21:29.800] [HOST] INFO: [inv] SEND hand=0,1432,11111,2895,3778564352 kind=0 key=0,1432,11111,2895,3778564352 items=0 hash=0
[19:21:30.064] [HOST] INFO: [cell] MAP cells=1 slots=1 23,22=0
[19:21:30.254] [HOST] INFO: [door] rollup sent=0 (resend=0) recv=0 applied=0 nohand=0 converged=0 over=30s
[19:21:30.286] [HOST] INFO: [cam] center=-37632.2,702.7,-43118.8
[19:21:30.357] [HOST] INFO: [budget] pub avg=141us max=584us apply avg=28us max=1009us frames=494 over2ms=0
[19:21:30.419] [HOST] INFO: [ai] suspended=1 driven=1
[19:21:30.440] [HOST] INFO: [inv] APPLY hand=0,1432,11111,2895,3778564352 items=0
[19:21:30.440] [HOST] INFO: [inv] APPLY hand=0,1432,11111,2909,1970703104 items=0
[19:21:31.116] [HOST] INFO: [cell] RECV owner=1 rank=1 cell=23,22 seq=1
[19:21:31.116] [HOST] INFO: [cell] MAP cells=1 slots=2 23,22=0
[19:21:31.420] [HOST] INFO: [census] sent n=200 radius=2000 mid=65 anchors=3 a0=loaded:45 a1=loaded:131 a2=loaded:24 enum=200 notmine=0 proxyrow=0 attnR=1000
[19:21:31.689] [HOST] INFO: [speed] REQ mult=0.00 paused=1 combat=0
[19:21:31.689] [HOST] INFO: [speed] SET mult=0.00 paused=1 combat=0 (my=0.00 peer=1.00)
[19:21:31.817] [HOST] INFO: [seatres] HOST task=98 npc=14,2630981376 subj=3169,2012939392 ok=1 npcpos=-37511.7,-44144.0 subjpos=-37511.7,-44144.0 d=0.0
[19:21:31.817] [HOST] INFO: [seatres] HOST task=98 npc=12,2050292992 subj=3156,2112670848 ok=1 npcpos=-37520.9,-44173.5 subjpos=-37520.9,-44173.5 d=0.0
[19:21:33.115] [HOST] INFO: [net] [net] bandwidth out=41.4 KB/s in=3.3 KB/s (window 5s)
[19:21:33.425] [HOST] INFO: [ai] suspended=1 driven=1
[19:21:33.467] [HOST] INFO: [deed] AUDIT hand=0.1432.11111.612.3788940544 isPlayer=1 set=1 sale=0 shop=0 public=0 desig=9 resident=0/0 town=0/1 interior=1 internals=0 doors=1/1/0 furn=0/0/0 canUse=1 home=1/1/0 stuff=1 wallet=18729 squads=2/0/0 cur=0/0 base=1/0 owner='204-gamedata.base' name='Small Shack'
[19:21:34.051] [HOST] INFO: [stats] RECV hand=1,2916870144 ok=1 str=6.4 dex=1.3 tough=11.6 stealth=1.3 athl=25.7 xp=0
[19:21:34.052] [HOST] INFO: [interp] lerp=431 extrap=0 clamp=0 seg=0 single=79 snapSq=0 snapNpc=0 reissueSq=0 reissueNpc=0 restFlip=0 delay=117 jit=14.0 starve=0 snapMid=0 restFlipMid=0 haltDrv=0
[19:21:34.217] [HOST] INFO: [audit] exist near=20 wide=198 drv=0 cen=0 hid=0 ghost=0 supp=0 census=0 fresh=1 parks=0 nearCap=0 wideCap=0 staleMs=58929 edges=0 ghostMax=-1 ghostEdge=0 dorm=0 attnR=1000 dormPc=0 pcs=2 mine=198 skip=198 cells=1
[19:21:34.411] [HOST] INFO: [inv] APPLY hand=0,1432,11111,2903,936401344 items=0
[19:21:34.411] [HOST] INFO: [inv] APPLY hand=0,1432,11111,2904,2251586816 items=0
[19:21:34.411] [HOST] INFO: [inv] APPLY hand=0,1432,11111,2905,3309448192 items=0
[19:21:34.411] [HOST] INFO: [inv] APPLY hand=0,1432,11111,2906,3057983488 items=0
[19:21:34.419] [HOST] INFO: [inv] APPLY hand=1,2,2989257728,1,2916870144 items=10
[19:21:35.135] [HOST] INFO: [spawn] INFO send hand=1,38,3124999936,1,1815795840 found=1 dead=0 age=1.00 sid='4999487-DialoguePlus.mod' fac='1083-gamedata.base'
[19:21:35.135] [HOST] INFO: [spawn] INFO send hand=1,38,3124999936,2,136230464 found=1 dead=0 age=1.00 sid='4999487-DialoguePlus.mod' fac='1083-gamedata.base'
[19:21:35.135] [HOST] INFO: [spawn] INFO send hand=1,38,3124999936,3,2558227456 found=1 dead=0 age=1.00 sid='4999487-DialoguePlus.mod' fac='1083-gamedata.base'
[19:21:35.135] [HOST] INFO: [spawn] INFO send hand=1,43,2240844800,1,1647949184 found=1 dead=0 age=1.00 sid='2243-gamedata.base' fac='1083-gamedata.base'
[19:21:35.135] [HOST] INFO: [spawn] INFO send hand=1,70,1003784192,1,3390991104 found=1 dead=0 age=1.00 sid='43356-Dialogue.mod' fac='1083-gamedata.base'
[19:21:35.135] [HOST] INFO: [spawn] INFO send hand=1,70,1003784192,2,1028808576 found=1 dead=0 age=1.00 sid='43357-Dialogue.mod' fac='1083-gamedata.base'
[19:21:35.135] [HOST] INFO: [spawn] INFO send hand=1,72,1283325184,1,1372680704 found=1 dead=0 age=1.00 sid='43356-Dialogue.mod' fac='1083-gamedata.base'
[19:21:35.135] [HOST] INFO: [spawn] INFO send hand=1,72,1283325184,2,2980835072 found=1 dead=0 age=1.00 sid='43357-Dialogue.mod' fac='1083-gamedata.base'
[19:21:35.135] [HOST] INFO: [spawn] INFO send hand=1,159,1265991168,1,1917480448 found=1 dead=0 age=1.00 sid='18880-rebirth.mod' fac='1083-gamedata.base'
[19:21:35.135] [HOST] INFO: [spawn] INFO send hand=1,250,1839721728,1,1600707968 found=1 dead=0 age=1.00 sid='1189-gamedata.base' fac='1083-gamedata.base'
[19:21:35.135] [HOST] INFO: [spawn] INFO send hand=1,253,2770141696,1,1731201152 found=1 dead=0 age=1.00 sid='18880-rebirth.mod' fac='1083-gamedata.base'
[19:21:35.135] [HOST] INFO: [spawn] INFO send hand=1,255,2366210816,1,801513664 found=1 dead=0 age=1.00 sid='18880-rebirth.mod' fac='1083-gamedata.base'
[19:21:35.135] [HOST] INFO: [spawn] INFO send hand=1,259,3648071168,1,3185668864 found=1 dead=0 age=1.00 sid='17086-Dialogue.mod' fac='1083-gamedata.base'
[19:21:35.135] [HOST] INFO: [spawn] INFO send hand=1,261,1585693312,1,1275268608 found=1 dead=0 age=1.00 sid='1411-gamedata.base' fac='1083-gamedata.base'
[19:21:35.135] [HOST] INFO: [spawn] INFO send hand=1,264,3971069440,1,1790893568 found=1 dead=0 age=1.00 sid='1408-gamedata.base' fac='1083-gamedata.base'
[19:21:35.135] [HOST] INFO: [spawn] INFO send hand=1,268,2237793024,1,2284667904 found=1 dead=0 age=1.00 sid='1408-gamedata.base' fac='1083-gamedata.base'
[19:21:35.135] [HOST] INFO: [spawn] INFO send hand=1,270,471679680,1,1510375936 found=1 dead=0 age=1.00 sid='18879-rebirth.mod' fac='1083-gamedata.base'
[19:21:35.135] [HOST] INFO: [spawn] INFO send hand=1,272,583251968,1,1070312512 found=1 dead=0 age=1.00 sid='18880-rebirth.mod' fac='1083-gamedata.base'
[19:21:35.135] [HOST] INFO: [spawn] INFO send hand=1,274,2644653312,1,2670166016 found=1 dead=0 age=1.00 sid='18880-rebirth.mod' fac='1083-gamedata.base'
[19:21:35.135] [HOST] INFO: [spawn] INFO send hand=1,278,3553344768,1,1531860352 found=1 dead=0 age=1.00 sid='1189-gamedata.base' fac='1083-gamedata.base'
[19:21:35.135] [HOST] INFO: [spawn] INFO send hand=1,286,2430419968,1,2366210816 found=1 dead=0 age=1.00 sid='18880-rebirth.mod' fac='1083-gamedata.base'
[19:21:35.135] [HOST] INFO: [spawn] INFO send hand=1,287,1452636672,1,3931396608 found=1 dead=0 age=1.00 sid='18880-rebirth.mod' fac='1083-gamedata.base'
[19:21:35.135] [HOST] INFO: [spawn] INFO send hand=1,288,579711936,1,87402344 found=1 dead=0 age=1.00 sid='43357-Dialogue.mod' fac='1083-gamedata.base'
[19:21:35.136] [HOST] INFO: [spawn] INFO send hand=1,291,1024780288,1,2693847552 found=1 dead=0 age=1.00 sid='1411-gamedata.base' fac='1083-gamedata.base'
[19:21:35.137] [HOST] INFO: [cam] hint recv=-37458.0,704.1,-42630.0
[19:21:35.288] [HOST] INFO: [cam] center=-37665.8,711.4,-43202.3
[19:21:35.336] [HOST] INFO: [furn] SEND ENTER id=16 occ=1,409667968 furn=3154,3659912192 kind=1
[19:21:35.365] [HOST] INFO: [budget] pub avg=166us max=478us apply avg=48us max=318us frames=521 over2ms=0
[19:21:35.394] [HOST] INFO: [inv] APPLY hand=0,1432,11111,2909,1970703104 items=0
[19:21:36.120] [HOST] INFO: [cell] MAP cells=1 slots=2 23,22=0
[19:21:36.426] [HOST] INFO: [ai] suspended=1 driven=1
[19:21:36.669] [HOST] INFO: [inv] resent 68 unchanged snapshot(s) in 61s
[19:21:38.144] [HOST] INFO: [net] [net] bandwidth out=34.8 KB/s in=3.0 KB/s (window 5s)
[19:21:38.488] [HOST] INFO: [deed] AUDIT hand=0.1432.11111.612.3788940544 isPlayer=1 set=1 sale=0 shop=0 public=0 desig=9 resident=0/0 town=0/1 interior=1 internals=0 doors=1/1/0 furn=0/0/0 canUse=1 home=1/1/0 stuff=1 wallet=18729 squads=2/0/0 cur=0/0 base=1/0 owner='204-gamedata.base' name='Small Shack'
[19:21:39.055] [HOST] INFO: [interp] lerp=974 extrap=0 clamp=0 seg=0 single=91 snapSq=0 snapNpc=0 reissueSq=0 reissueNpc=0 restFlip=0 delay=120 jit=14.0 starve=0 snapMid=0 restFlipMid=0 haltDrv=0
[19:21:39.071] [HOST] INFO: [stats] RECV hand=1,2916870144 ok=1 str=6.4 dex=1.3 tough=11.6 stealth=1.3 athl=25.7 xp=0
[19:21:39.232] [HOST] INFO: [audit] exist near=18 wide=198 drv=0 cen=0 hid=0 ghost=0 supp=0 census=0 fresh=1 parks=0 nearCap=0 wideCap=0 staleMs=58929 edges=0 ghostMax=-1 ghostEdge=0 dorm=0 attnR=1000 dormPc=0 pcs=2 mine=198 skip=198 cells=1
[19:21:39.406] [HOST] INFO: [inv] APPLY hand=0,1432,11111,2903,936401344 items=0
[19:21:39.406] [HOST] INFO: [inv] APPLY hand=0,1432,11111,2904,2251586816 items=0
[19:21:39.406] [HOST] INFO: [inv] APPLY hand=0,1432,11111,2905,3309448192 items=0
[19:21:39.406] [HOST] INFO: [inv] APPLY hand=0,1432,11111,2906,3057983488 items=0
[19:21:39.415] [HOST] INFO: [inv] APPLY hand=1,2,2989257728,1,2916870144 items=10
[19:21:39.434] [HOST] INFO: [ai] suspended=1 driven=1
[19:21:40.159] [HOST] INFO: [census] recv n=0 culls=0
[19:21:40.159] [HOST] INFO: [cam] hint recv=-37500.2,705.7,-42892.3
[19:21:40.285] [HOST] INFO: [cam] center=-37665.8,711.4,-43202.3
[19:21:40.370] [HOST] INFO: [budget] pub avg=162us max=402us apply avg=46us max=201us frames=562 over2ms=0
[19:21:40.415] [HOST] INFO: [inv] APPLY hand=0,1432,11111,2909,1970703104 items=0
[19:21:41.124] [HOST] INFO: [cell] MAP cells=1 slots=2 23,22=0
[19:21:41.131] [HOST] INFO: [spawn] INFO send hand=1,38,3124999936,1,1815795840 found=1 dead=0 age=1.00 sid='4999487-DialoguePlus.mod' fac='1083-gamedata.base'
[19:21:41.131] [HOST] INFO: [spawn] INFO send hand=1,38,3124999936,2,136230464 found=1 dead=0 age=1.00 sid='4999487-DialoguePlus.mod' fac='1083-gamedata.base'
[19:21:41.131] [HOST] INFO: [spawn] INFO send hand=1,38,3124999936,3,2558227456 found=1 dead=0 age=1.00 sid='4999487-DialoguePlus.mod' fac='1083-gamedata.base'
[19:21:41.131] [HOST] INFO: [spawn] INFO send hand=1,43,2240844800,1,1647949184 found=1 dead=0 age=1.00 sid='2243-gamedata.base' fac='1083-gamedata.base'
[19:21:41.131] [HOST] INFO: [spawn] INFO send hand=1,70,1003784192,1,3390991104 found=1 dead=0 age=1.00 sid='43356-Dialogue.mod' fac='1083-gamedata.base'
[19:21:41.131] [HOST] INFO: [spawn] INFO send hand=1,70,1003784192,2,1028808576 found=1 dead=0 age=1.00 sid='43357-Dialogue.mod' fac='1083-gamedata.base'
[19:21:41.131] [HOST] INFO: [spawn] INFO send hand=1,72,1283325184,1,1372680704 found=1 dead=0 age=1.00 sid='43356-Dialogue.mod' fac='1083-gamedata.base'
[19:21:41.131] [HOST] INFO: [spawn] INFO send hand=1,72,1283325184,2,2980835072 found=1 dead=0 age=1.00 sid='43357-Dialogue.mod' fac='1083-gamedata.base'
[19:21:41.131] [HOST] INFO: [spawn] INFO send hand=1,159,1265991168,1,1917480448 found=1 dead=0 age=1.00 sid='18880-rebirth.mod' fac='1083-gamedata.base'
[19:21:41.131] [HOST] INFO: [spawn] INFO send hand=1,250,1839721728,1,1600707968 found=1 dead=0 age=1.00 sid='1189-gamedata.base' fac='1083-gamedata.base'
[19:21:41.131] [HOST] INFO: [spawn] INFO send hand=1,253,2770141696,1,1731201152 found=1 dead=0 age=1.00 sid='18880-rebirth.mod' fac='1083-gamedata.base'
[19:21:41.131] [HOST] INFO: [spawn] INFO send hand=1,255,2366210816,1,801513664 found=1 dead=0 age=1.00 sid='18880-rebirth.mod' fac='1083-gamedata.base'
[19:21:41.131] [HOST] INFO: [spawn] INFO send hand=1,259,3648071168,1,3185668864 found=1 dead=0 age=1.00 sid='17086-Dialogue.mod' fac='1083-gamedata.base'
[19:21:41.131] [HOST] INFO: [spawn] INFO send hand=1,261,1585693312,1,1275268608 found=1 dead=0 age=1.00 sid='1411-gamedata.base' fac='1083-gamedata.base'
[19:21:41.131] [HOST] INFO: [spawn] INFO send hand=1,264,3971069440,1,1790893568 found=1 dead=0 age=1.00 sid='1408-gamedata.base' fac='1083-gamedata.base'
[19:21:41.131] [HOST] INFO: [spawn] INFO send hand=1,268,2237793024,1,2284667904 found=1 dead=0 age=1.00 sid='1408-gamedata.base' fac='1083-gamedata.base'
[19:21:41.131] [HOST] INFO: [spawn] INFO send hand=1,270,471679680,1,1510375936 found=1 dead=0 age=1.00 sid='18879-rebirth.mod' fac='1083-gamedata.base'
[19:21:41.131] [HOST] INFO: [spawn] INFO send hand=1,272,583251968,1,1070312512 found=1 dead=0 age=1.00 sid='18880-rebirth.mod' fac='1083-gamedata.base'
[19:21:41.131] [HOST] INFO: [spawn] INFO send hand=1,274,2644653312,1,2670166016 found=1 dead=0 age=1.00 sid='18880-rebirth.mod' fac='1083-gamedata.base'
[19:21:41.131] [HOST] INFO: [spawn] INFO send hand=1,278,3553344768,1,1531860352 found=1 dead=0 age=1.00 sid='1189-gamedata.base' fac='1083-gamedata.base'
[19:21:41.131] [HOST] INFO: [spawn] INFO send hand=1,286,2430419968,1,2366210816 found=1 dead=0 age=1.00 sid='18880-rebirth.mod' fac='1083-gamedata.base'
[19:21:41.131] [HOST] INFO: [spawn] INFO send hand=1,287,1452636672,1,3931396608 found=1 dead=0 age=1.00 sid='18880-rebirth.mod' fac='1083-gamedata.base'
[19:21:41.131] [HOST] INFO: [spawn] INFO send hand=1,288,579711936,1,87402344 found=1 dead=0 age=1.00 sid='43357-Dialogue.mod' fac='1083-gamedata.base'
[19:21:41.131] [HOST] INFO: [spawn] INFO send hand=1,291,1024780288,1,2693847552 found=1 dead=0 age=1.00 sid='1411-gamedata.base' fac='1083-gamedata.base'
[19:21:41.452] [HOST] INFO: [census] sent n=199 radius=2000 mid=72 anchors=3 a0=loaded:89 a1=loaded:76 a2=loaded:34 enum=199 notmine=0 proxyrow=0 attnR=1000
[19:21:42.439] [HOST] INFO: [ai] suspended=1 driven=1
[19:21:43.142] [HOST] INFO: [net] [net] bandwidth out=19.4 KB/s in=3.5 KB/s (window 5s)
[19:21:43.182] [HOST] INFO: [spawn] INFO send hand=1,70,1003784192,1,3390991104 found=1 dead=0 age=1.00 sid='43356-Dialogue.mod' fac='1083-gamedata.base'
[19:21:43.182] [HOST] INFO: [spawn] INFO send hand=1,70,1003784192,2,1028808576 found=1 dead=0 age=1.00 sid='43357-Dialogue.mod' fac='1083-gamedata.base'
[19:21:43.182] [HOST] INFO: [spawn] INFO send hand=1,72,1283325184,1,1372680704 found=1 dead=0 age=1.00 sid='43356-Dialogue.mod' fac='1083-gamedata.base'
[19:21:43.182] [HOST] INFO: [spawn] INFO send hand=1,72,1283325184,2,2980835072 found=1 dead=0 age=1.00 sid='43357-Dialogue.mod' fac='1083-gamedata.base'
[19:21:43.182] [HOST] INFO: [spawn] INFO send hand=1,159,1265991168,1,1917480448 found=1 dead=0 age=1.00 sid='18880-rebirth.mod' fac='1083-gamedata.base'
[19:21:43.182] [HOST] INFO: [spawn] INFO send hand=1,250,1839721728,1,1600707968 found=1 dead=0 age=1.00 sid='1189-gamedata.base' fac='1083-gamedata.base'
[19:21:43.182] [HOST] INFO: [spawn] INFO send hand=1,253,2770141696,1,1731201152 found=1 dead=0 age=1.00 sid='18880-rebirth.mod' fac='1083-gamedata.base'
[19:21:43.182] [HOST] INFO: [spawn] INFO send hand=1,255,2366210816,1,801513664 found=1 dead=0 age=1.00 sid='18880-rebirth.mod' fac='1083-gamedata.base'
[19:21:43.182] [HOST] INFO: [spawn] INFO send hand=1,259,3648071168,1,3185668864 found=1 dead=0 age=1.00 sid='17086-Dialogue.mod' fac='1083-gamedata.base'
[19:21:43.182] [HOST] INFO: [spawn] INFO send hand=1,261,1585693312,1,1275268608 found=1 dead=0 age=1.00 sid='1411-gamedata.base' fac='1083-gamedata.base'
[19:21:43.182] [HOST] INFO: [spawn] INFO send hand=1,264,3971069440,1,1790893568 found=1 dead=0 age=1.00 sid='1408-gamedata.base' fac='1083-gamedata.base'
[19:21:43.182] [HOST] INFO: [spawn] INFO send hand=1,268,2237793024,1,2284667904 found=1 dead=0 age=1.00 sid='1408-gamedata.base' fac='1083-gamedata.base'
[19:21:43.182] [HOST] INFO: [spawn] INFO send hand=1,270,471679680,1,1510375936 found=1 dead=0 age=1.00 sid='18879-rebirth.mod' fac='1083-gamedata.base'
[19:21:43.182] [HOST] INFO: [spawn] INFO send hand=1,272,583251968,1,1070312512 found=1 dead=0 age=1.00 sid='18880-rebirth.mod' fac='1083-gamedata.base'
[19:21:43.182] [HOST] INFO: [spawn] INFO send hand=1,274,2644653312,1,2670166016 found=1 dead=0 age=1.00 sid='18880-rebirth.mod' fac='1083-gamedata.base'
[19:21:43.182] [HOST] INFO: [spawn] INFO send hand=1,278,3553344768,1,1531860352 found=1 dead=0 age=1.00 sid='1189-gamedata.base' fac='1083-gamedata.base'
[19:21:43.182] [HOST] INFO: [spawn] INFO send hand=1,286,2430419968,1,2366210816 found=1 dead=0 age=1.00 sid='18880-rebirth.mod' fac='1083-gamedata.base'
[19:21:43.182] [HOST] INFO: [spawn] INFO send hand=1,287,1452636672,1,3931396608 found=1 dead=0 age=1.00 sid='18880-rebirth.mod' fac='1083-gamedata.base'
[19:21:43.182] [HOST] INFO: [spawn] INFO send hand=1,288,579711936,1,87402344 found=1 dead=0 age=1.00 sid='43357-Dialogue.mod' fac='1083-gamedata.base'
[19:21:43.182] [HOST] INFO: [spawn] INFO send hand=1,291,1024780288,1,2693847552 found=1 dead=0 age=1.00 sid='1411-gamedata.base' fac='1083-gamedata.base'
[19:21:43.505] [HOST] INFO: [deed] AUDIT hand=0.1432.11111.612.3788940544 isPlayer=1 set=1 sale=0 shop=0 public=0 desig=9 resident=0/0 town=0/1 interior=1 internals=0 doors=1/1/0 furn=0/0/0 canUse=1 home=1/1/0 stuff=1 wallet=18729 squads=2/0/0 cur=0/0 base=1/0 owner='204-gamedata.base' name='Small Shack'
[19:21:44.058] [HOST] INFO: [interp] lerp=1534 extrap=0 clamp=0 seg=0 single=95 snapSq=0 snapNpc=0 reissueSq=0 reissueNpc=0 restFlip=0 delay=124 jit=14.0 starve=0 snapMid=0 restFlipMid=0 haltDrv=0
[19:21:44.074] [HOST] INFO: [stats] RECV hand=1,2916870144 ok=1 str=6.4 dex=1.3 tough=11.6 stealth=1.3 athl=25.7 xp=0
[19:21:44.244] [HOST] INFO: [audit] exist near=18 wide=198 drv=0 cen=0 hid=0 ghost=0 supp=0 census=0 fresh=1 parks=0 nearCap=0 wideCap=0 staleMs=58929 edges=0 ghostMax=-1 ghostEdge=0 dorm=0 attnR=1000 dormPc=0 pcs=2 mine=198 skip=198 cells=1
[19:21:44.453] [HOST] INFO: [inv] APPLY hand=0,1432,11111,2903,936401344 items=0
[19:21:44.453] [HOST] INFO: [inv] APPLY hand=0,1432,11111,2904,2251586816 items=0
[19:21:44.453] [HOST] INFO: [inv] APPLY hand=0,1432,11111,2905,3309448192 items=0
[19:21:44.453] [HOST] INFO: [inv] APPLY hand=0,1432,11111,2906,3057983488 items=0
[19:21:44.462] [HOST] INFO: [inv] APPLY hand=1,2,2989257728,1,2916870144 items=10
[19:21:44.503] [HOST] INFO: [inv] APPLY hand=0,1432,11111,3011,1090576128 items=0
[19:21:45.194] [HOST] INFO: [cam] hint recv=-37514.5,705.1,-42929.6
[19:21:45.290] [HOST] INFO: [cam] center=-37665.8,711.4,-43202.3
[19:21:45.371] [HOST] INFO: [budget] pub avg=158us max=407us apply avg=46us max=232us frames=564 over2ms=0
[19:21:45.441] [HOST] INFO: [ai] suspended=1 driven=1
[19:21:45.441] [HOST] INFO: [inv] APPLY hand=0,1432,11111,2909,1970703104 items=0
[19:21:46.128] [HOST] INFO: [cell] MAP cells=1 slots=2 23,22=0
[19:21:47.145] [HOST] INFO: [spawn] INFO send hand=1,159,1265991168,1,1917480448 found=1 dead=0 age=1.00 sid='18880-rebirth.mod' fac='1083-gamedata.base'
[19:21:47.145] [HOST] INFO: [spawn] INFO send hand=1,250,1839721728,1,1600707968 found=1 dead=0 age=1.00 sid='1189-gamedata.base' fac='1083-gamedata.base'
[19:21:47.145] [HOST] INFO: [spawn] INFO send hand=1,253,2770141696,1,1731201152 found=1 dead=0 age=1.00 sid='18880-rebirth.mod' fac='1083-gamedata.base'
[19:21:47.145] [HOST] INFO: [spawn] INFO send hand=1,255,2366210816,1,801513664 found=1 dead=0 age=1.00 sid='18880-rebirth.mod' fac='1083-gamedata.base'
[19:21:47.145] [HOST] INFO: [spawn] INFO send hand=1,259,3648071168,1,3185668864 found=1 dead=0 age=1.00 sid='17086-Dialogue.mod' fac='1083-gamedata.base'
[19:21:47.145] [HOST] INFO: [spawn] INFO send hand=1,261,1585693312,1,1275268608 found=1 dead=0 age=1.00 sid='1411-gamedata.base' fac='1083-gamedata.base'
[19:21:47.145] [HOST] INFO: [spawn] INFO send hand=1,264,3971069440,1,1790893568 found=1 dead=0 age=1.00 sid='1408-gamedata.base' fac='1083-gamedata.base'
[19:21:47.145] [HOST] INFO: [spawn] INFO send hand=1,268,2237793024,1,2284667904 found=1 dead=0 age=1.00 sid='1408-gamedata.base' fac='1083-gamedata.base'
[19:21:47.145] [HOST] INFO: [spawn] INFO send hand=1,270,471679680,1,1510375936 found=1 dead=0 age=1.00 sid='18879-rebirth.mod' fac='1083-gamedata.base'
[19:21:47.145] [HOST] INFO: [spawn] INFO send hand=1,272,583251968,1,1070312512 found=1 dead=0 age=1.00 sid='18880-rebirth.mod' fac='1083-gamedata.base'
[19:21:47.145] [HOST] INFO: [spawn] INFO send hand=1,274,2644653312,1,2670166016 found=1 dead=0 age=1.00 sid='18880-rebirth.mod' fac='1083-gamedata.base'
[19:21:47.145] [HOST] INFO: [spawn] INFO send hand=1,278,3553344768,1,1531860352 found=1 dead=0 age=1.00 sid='1189-gamedata.base' fac='1083-gamedata.base'
[19:21:47.145] [HOST] INFO: [spawn] INFO send hand=1,286,2430419968,1,2366210816 found=1 dead=0 age=1.00 sid='18880-rebirth.mod' fac='1083-gamedata.base'
[19:21:47.145] [HOST] INFO: [spawn] INFO send hand=1,287,1452636672,1,3931396608 found=1 dead=0 age=1.00 sid='18880-rebirth.mod' fac='1083-gamedata.base'
[19:21:47.145] [HOST] INFO: [spawn] INFO send hand=1,288,579711936,1,87402344 found=1 dead=0 age=1.00 sid='43357-Dialogue.mod' fac='1083-gamedata.base'
[19:21:47.145] [HOST] INFO: [spawn] INFO send hand=1,291,1024780288,1,2693847552 found=1 dead=0 age=1.00 sid='1411-gamedata.base' fac='1083-gamedata.base'
[19:21:48.143] [HOST] INFO: [net] [net] bandwidth out=31.0 KB/s in=3.8 KB/s (window 5s)
[19:21:48.448] [HOST] INFO: [ai] suspended=1 driven=1
[19:21:48.536] [HOST] INFO: [deed] AUDIT hand=0.1432.11111.612.3788940544 isPlayer=1 set=1 sale=0 shop=0 public=0 desig=9 resident=0/0 town=0/1 interior=1 internals=0 doors=1/1/0 furn=0/0/0 canUse=1 home=1/1/0 stuff=1 wallet=18729 squads=2/0/0 cur=0/0 base=1/0 owner='204-gamedata.base' name='Small Shack'
[19:21:49.062] [HOST] INFO: [stats] RECV hand=1,2916870144 ok=1 str=6.4 dex=1.3 tough=11.6 stealth=1.3 athl=25.7 xp=0
[19:21:49.063] [HOST] INFO: [interp] lerp=2098 extrap=0 clamp=0 seg=0 single=96 snapSq=0 snapNpc=0 reissueSq=0 reissueNpc=0 restFlip=0 delay=117 jit=14.0 starve=0 snapMid=0 restFlipMid=0 haltDrv=0
[19:21:49.180] [HOST] INFO: [spawn] INFO send hand=1,287,1452636672,1,3931396608 found=1 dead=0 age=1.00 sid='18880-rebirth.mod' fac='1083-gamedata.base'
[19:21:49.180] [HOST] INFO: [spawn] INFO send hand=1,288,579711936,1,87402344 found=1 dead=0 age=1.00 sid='43357-Dialogue.mod' fac='1083-gamedata.base'
[19:21:49.180] [HOST] INFO: [spawn] INFO send hand=1,291,1024780288,1,2693847552 found=1 dead=0 age=1.00 sid='1411-gamedata.base' fac='1083-gamedata.base'
[19:21:49.262] [HOST] INFO: [audit] exist near=18 wide=198 drv=0 cen=0 hid=0 ghost=0 supp=0 census=0 fresh=1 parks=0 nearCap=0 wideCap=0 staleMs=58929 edges=0 ghostMax=-1 ghostEdge=0 dorm=0 attnR=1000 dormPc=0 pcs=2 mine=198 skip=198 cells=1
[19:21:49.433] [HOST] INFO: [inv] APPLY hand=0,1432,11111,2903,936401344 items=0
[19:21:49.433] [HOST] INFO: [inv] APPLY hand=0,1432,11111,2904,2251586816 items=0
[19:21:49.433] [HOST] INFO: [inv] APPLY hand=0,1432,11111,2905,3309448192 items=0
[19:21:49.433] [HOST] INFO: [inv] APPLY hand=0,1432,11111,2906,3057983488 items=0
[19:21:49.433] [HOST] INFO: [inv] APPLY hand=1,2,2989257728,1,2916870144 items=10
[19:21:49.530] [HOST] INFO: [inv] APPLY hand=0,1432,11111,3011,1090576128 items=0
[19:21:50.256] [HOST] INFO: [census] recv n=0 culls=0
[19:21:50.256] [HOST] INFO: [cam] hint recv=-37514.5,705.1,-42929.6
[19:21:50.283] [HOST] INFO: [cam] center=-37665.8,711.4,-43202.3
[19:21:50.371] [HOST] INFO: [budget] pub avg=158us max=378us apply avg=47us max=315us frames=561 over2ms=0
[19:21:50.456] [HOST] INFO: [inv] APPLY hand=0,1432,11111,2909,1970703104 items=0
[19:21:51.134] [HOST] INFO: [cell] MAP cells=1 slots=2 23,22=0
[19:21:51.454] [HOST] INFO: [ai] suspended=1 driven=1
[19:21:51.507] [HOST] INFO: [census] sent n=199 radius=2000 mid=72 anchors=3 a0=loaded:89 a1=loaded:77 a2=loaded:33 enum=199 notmine=0 proxyrow=0 attnR=1000
[19:21:53.162] [HOST] INFO: [spawn] INFO send hand=1,159,1265991168,1,1917480448 found=1 dead=0 age=1.00 sid='18880-rebirth.mod' fac='1083-gamedata.base'
[19:21:53.162] [HOST] INFO: [spawn] INFO send hand=1,253,2770141696,1,1731201152 found=1 dead=0 age=1.00 sid='18880-rebirth.mod' fac='1083-gamedata.base'
[19:21:53.162] [HOST] INFO: [spawn] INFO send hand=1,255,2366210816,1,801513664 found=1 dead=0 age=1.00 sid='18880-rebirth.mod' fac='1083-gamedata.base'
[19:21:53.162] [HOST] INFO: [spawn] INFO send hand=1,261,1585693312,1,1275268608 found=1 dead=0 age=1.00 sid='1411-gamedata.base' fac='1083-gamedata.base'
[19:21:53.162] [HOST] INFO: [spawn] INFO send hand=1,264,3971069440,1,1790893568 found=1 dead=0 age=1.00 sid='1408-gamedata.base' fac='1083-gamedata.base'
[19:21:53.162] [HOST] INFO: [spawn] INFO send hand=1,268,2237793024,1,2284667904 found=1 dead=0 age=1.00 sid='1408-gamedata.base' fac='1083-gamedata.base'
[19:21:53.162] [HOST] INFO: [spawn] INFO send hand=1,270,471679680,1,1510375936 found=1 dead=0 age=1.00 sid='18879-rebirth.mod' fac='1083-gamedata.base'
[19:21:53.162] [HOST] INFO: [spawn] INFO send hand=1,272,583251968,1,1070312512 found=1 dead=0 age=1.00 sid='18880-rebirth.mod' fac='1083-gamedata.base'
[19:21:53.162] [HOST] INFO: [spawn] INFO send hand=1,274,2644653312,1,2670166016 found=1 dead=0 age=1.00 sid='18880-rebirth.mod' fac='1083-gamedata.base'
[19:21:53.269] [HOST] INFO: [net] [net] bandwidth out=29.8 KB/s in=2.9 KB/s (window 5s)
[19:21:53.552] [HOST] INFO: [deed] AUDIT hand=0.1432.11111.612.3788940544 isPlayer=1 set=1 sale=0 shop=0 public=0 desig=9 resident=0/0 town=0/1 interior=1 internals=0 doors=1/1/0 furn=0/0/0 canUse=1 home=1/1/0 stuff=1 wallet=18729 squads=2/0/0 cur=0/0 base=1/0 owner='204-gamedata.base' name='Small Shack'
[19:21:54.072] [HOST] INFO: [interp] lerp=2660 extrap=0 clamp=0 seg=0 single=100 snapSq=0 snapNpc=0 reissueSq=0 reissueNpc=0 restFlip=0 delay=123 jit=14.0 starve=0 snapMid=0 restFlipMid=0 haltDrv=0
[19:21:54.108] [HOST] INFO: [stats] RECV hand=1,2916870144 ok=1 str=6.4 dex=1.3 tough=11.6 stealth=1.3 athl=25.7 xp=0
[19:21:54.266] [HOST] INFO: [audit] exist near=15 wide=198 drv=0 cen=0 hid=0 ghost=0 supp=0 census=0 fresh=1 parks=0 nearCap=0 wideCap=0 staleMs=58929 edges=0 ghostMax=-1 ghostEdge=0 dorm=0 attnR=1000 dormPc=0 pcs=2 mine=198 skip=198 cells=1
[19:21:54.455] [HOST] INFO: [ai] suspended=1 driven=1
[19:21:54.481] [HOST] INFO: [inv] APPLY hand=0,1432,11111,2903,936401344 items=0
[19:21:54.481] [HOST] INFO: [inv] APPLY hand=0,1432,11111,2904,2251586816 items=0
[19:21:54.481] [HOST] INFO: [inv] APPLY hand=0,1432,11111,2905,3309448192 items=0
[19:21:54.481] [HOST] INFO: [inv] APPLY hand=0,1432,11111,2906,3057983488 items=0
[19:21:54.490] [HOST] INFO: [inv] APPLY hand=1,2,2989257728,1,2916870144 items=10
[19:21:55.181] [HOST] INFO: [spawn] INFO send hand=1,287,1452636672,1,3931396608 found=1 dead=0 age=1.00 sid='18880-rebirth.mod' fac='1083-gamedata.base'
[19:21:55.181] [HOST] INFO: [spawn] INFO send hand=1,291,1024780288,1,2693847552 found=1 dead=0 age=1.00 sid='1411-gamedata.base' fac='1083-gamedata.base'
[19:21:55.288] [HOST] INFO: [cam] center=-37665.8,711.4,-43202.3
[19:21:55.374] [HOST] INFO: [budget] pub avg=156us max=463us apply avg=46us max=405us frames=569 over2ms=0
[19:21:55.429] [HOST] INFO: [inv] APPLY hand=0,1432,11111,2909,1970703104 items=0
[19:21:56.134] [HOST] INFO: [cell] MAP cells=1 slots=2 23,22=0
[19:21:56.268] [HOST] INFO: [cam] hint recv=-37603.0,704.2,-43033.9
[19:21:57.460] [HOST] INFO: [ai] suspended=1 driven=1
[19:21:58.298] [HOST] INFO: [net] [net] bandwidth out=28.0 KB/s in=2.9 KB/s (window 5s)
[19:21:58.587] [HOST] INFO: [deed] AUDIT hand=0.1432.11111.612.3788940544 isPlayer=1 set=1 sale=0 shop=0 public=0 desig=9 resident=0/0 town=0/1 interior=1 internals=0 doors=1/1/0 furn=0/0/0 canUse=1 home=1/1/0 stuff=1 wallet=18729 squads=2/0/0 cur=0/0 base=1/0 owner='204-gamedata.base' name='Small Shack'
[19:21:59.081] [HOST] INFO: [interp] lerp=3208 extrap=0 clamp=0 seg=0 single=122 snapSq=0 snapNpc=0 reissueSq=0 reissueNpc=0 restFlip=0 delay=158 jit=14.0 starve=0 snapMid=0 restFlipMid=0 haltDrv=0
[19:21:59.109] [HOST] INFO: [stats] RECV hand=1,2916870144 ok=1 str=6.4 dex=1.3 tough=11.6 stealth=1.3 athl=25.7 xp=0
[19:21:59.246] [HOST] INFO: [spawn] INFO send hand=1,159,1265991168,1,1917480448 found=1 dead=0 age=1.00 sid='18880-rebirth.mod' fac='1083-gamedata.base'
[19:21:59.247] [HOST] INFO: [spawn] INFO send hand=1,253,2770141696,1,1731201152 found=1 dead=0 age=1.00 sid='18880-rebirth.mod' fac='1083-gamedata.base'
[19:21:59.247] [HOST] INFO: [spawn] INFO send hand=1,255,2366210816,1,801513664 found=1 dead=0 age=1.00 sid='18880-rebirth.mod' fac='1083-gamedata.base'
[19:21:59.247] [HOST] INFO: [spawn] INFO send hand=1,261,1585693312,1,1275268608 found=1 dead=0 age=1.00 sid='1411-gamedata.base' fac='1083-gamedata.base'
[19:21:59.247] [HOST] INFO: [spawn] INFO send hand=1,264,3971069440,1,1790893568 found=1 dead=0 age=1.00 sid='1408-gamedata.base' fac='1083-gamedata.base'
[19:21:59.247] [HOST] INFO: [spawn] INFO send hand=1,268,2237793024,1,2284667904 found=1 dead=0 age=1.00 sid='1408-gamedata.base' fac='1083-gamedata.base'
[19:21:59.247] [HOST] INFO: [spawn] INFO send hand=1,270,471679680,1,1510375936 found=1 dead=0 age=1.00 sid='18879-rebirth.mod' fac='1083-gamedata.base'
[19:21:59.247] [HOST] INFO: [spawn] INFO send hand=1,272,583251968,1,1070312512 found=1 dead=0 age=1.00 sid='18880-rebirth.mod' fac='1083-gamedata.base'
[19:21:59.247] [HOST] INFO: [spawn] INFO send hand=1,274,2644653312,1,2670166016 found=1 dead=0 age=1.00 sid='18880-rebirth.mod' fac='1083-gamedata.base'
[19:21:59.265] [HOST] INFO: [audit] exist near=15 wide=198 drv=0 cen=0 hid=0 ghost=0 supp=0 census=0 fresh=1 parks=0 nearCap=0 wideCap=0 staleMs=58929 edges=0 ghostMax=-1 ghostEdge=0 dorm=0 attnR=1000 dormPc=0 pcs=2 mine=198 skip=198 cells=1
[19:21:59.467] [HOST] INFO: [inv] APPLY hand=0,1432,11111,2903,936401344 items=0
[19:21:59.467] [HOST] INFO: [inv] APPLY hand=0,1432,11111,2904,2251586816 items=0
[19:21:59.467] [HOST] INFO: [inv] APPLY hand=0,1432,11111,2905,3309448192 items=0
[19:21:59.467] [HOST] INFO: [inv] APPLY hand=0,1432,11111,2906,3057983488 items=0
[19:21:59.467] [HOST] INFO: [inv] APPLY hand=1,2,2989257728,1,2916870144 items=10
[19:22:00.257] [HOST] INFO: [door] rollup sent=0 (resend=0) recv=0 applied=0 nohand=0 converged=0 over=30s
[19:22:00.285] [HOST] INFO: [cam] center=-37665.8,711.4,-43202.3
[19:22:00.347] [HOST] INFO: [census] recv n=0 culls=0
[19:22:00.383] [HOST] INFO: [budget] pub avg=157us max=378us apply avg=45us max=351us frames=559 over2ms=0
[19:22:00.452] [HOST] INFO: [inv] APPLY hand=0,1432,11111,2909,1970703104 items=0
[19:22:00.461] [HOST] INFO: [ai] suspended=1 driven=1
[19:22:01.137] [HOST] INFO: [cell] MAP cells=1 slots=2 23,22=0
[19:22:01.180] [HOST] INFO: [spawn] INFO send hand=1,287,1452636672,1,3931396608 found=1 dead=0 age=1.00 sid='18880-rebirth.mod' fac='1083-gamedata.base'
[19:22:01.180] [HOST] INFO: [spawn] INFO send hand=1,291,1024780288,1,2693847552 found=1 dead=0 age=1.00 sid='1411-gamedata.base' fac='1083-gamedata.base'
[19:22:01.289] [HOST] INFO: [cam] hint recv=-37546.3,701.5,-43115.5
[19:22:01.556] [HOST] INFO: [census] sent n=199 radius=2000 mid=72 anchors=2 a0=loaded:89 a1=loaded:110 enum=199 notmine=0 proxyrow=0 attnR=1000
[19:22:03.094] [HOST] INFO: [life] pruned throttle stamps=83
[19:22:03.408] [HOST] INFO: [net] [net] bandwidth out=26.5 KB/s in=3.1 KB/s (window 5s)
[19:22:03.462] [HOST] INFO: [ai] suspended=1 driven=1
[19:22:03.599] [HOST] INFO: [deed] AUDIT hand=0.1432.11111.612.3788940544 isPlayer=1 set=1 sale=0 shop=0 public=0 desig=9 resident=0/0 town=0/1 interior=1 internals=0 doors=1/1/0 furn=0/0/0 canUse=1 home=1/1/0 stuff=1 wallet=18729 squads=2/0/0 cur=0/0 base=1/0 owner='204-gamedata.base' name='Small Shack'
[19:22:04.089] [HOST] INFO: [interp] lerp=3756 extrap=0 clamp=0 seg=0 single=124 snapSq=0 snapNpc=0 reissueSq=0 reissueNpc=0 restFlip=0 delay=130 jit=14.0 starve=0 snapMid=0 restFlipMid=0 haltDrv=0
[19:22:04.118] [HOST] INFO: [stats] RECV hand=1,2916870144 ok=1 str=6.4 dex=1.3 tough=11.6 stealth=1.3 athl=25.7 xp=0
[19:22:04.357] [HOST] INFO: [audit] exist near=15 wide=198 drv=0 cen=0 hid=0 ghost=0 supp=0 census=0 fresh=1 parks=0 nearCap=0 wideCap=0 staleMs=58929 edges=0 ghostMax=-1 ghostEdge=0 dorm=0 attnR=1000 dormPc=0 pcs=2 mine=198 skip=198 cells=1
[19:22:04.467] [HOST] INFO: [inv] APPLY hand=0,1432,11111,2903,936401344 items=0
[19:22:04.467] [HOST] INFO: [inv] APPLY hand=0,1432,11111,2904,2251586816 items=0
[19:22:04.468] [HOST] INFO: [inv] APPLY hand=0,1432,11111,2905,3309448192 items=0
[19:22:04.468] [HOST] INFO: [inv] APPLY hand=0,1432,11111,2906,3057983488 items=0
[19:22:04.476] [HOST] INFO: [inv] APPLY hand=1,2,2989257728,1,2916870144 items=10
[19:22:05.218] [HOST] INFO: [spawn] INFO send hand=1,159,1265991168,1,1917480448 found=1 dead=0 age=1.00 sid='18880-rebirth.mod' fac='1083-gamedata.base'
[19:22:05.218] [HOST] INFO: [spawn] INFO send hand=1,253,2770141696,1,1731201152 found=1 dead=0 age=1.00 sid='18880-rebirth.mod' fac='1083-gamedata.base'
[19:22:05.218] [HOST] INFO: [spawn] INFO send hand=1,255,2366210816,1,801513664 found=1 dead=0 age=1.00 sid='18880-rebirth.mod' fac='1083-gamedata.base'
[19:22:05.218] [HOST] INFO: [spawn] INFO send hand=1,261,1585693312,1,1275268608 found=1 dead=0 age=1.00 sid='1411-gamedata.base' fac='1083-gamedata.base'
[19:22:05.218] [HOST] INFO: [spawn] INFO send hand=1,264,3971069440,1,1790893568 found=1 dead=0 age=1.00 sid='1408-gamedata.base' fac='1083-gamedata.base'
[19:22:05.219] [HOST] INFO: [spawn] INFO send hand=1,268,2237793024,1,2284667904 found=1 dead=0 age=1.00 sid='1408-gamedata.base' fac='1083-gamedata.base'
[19:22:05.219] [HOST] INFO: [spawn] INFO send hand=1,270,471679680,1,1510375936 found=1 dead=0 age=1.00 sid='18879-rebirth.mod' fac='1083-gamedata.base'
[19:22:05.219] [HOST] INFO: [spawn] INFO send hand=1,272,583251968,1,1070312512 found=1 dead=0 age=1.00 sid='18880-rebirth.mod' fac='1083-gamedata.base'
[19:22:05.219] [HOST] INFO: [spawn] INFO send hand=1,274,2644653312,1,2670166016 found=1 dead=0 age=1.00 sid='18880-rebirth.mod' fac='1083-gamedata.base'
[19:22:05.282] [HOST] INFO: [cam] center=-37665.8,711.4,-43202.3
[19:22:05.386] [HOST] INFO: [budget] pub avg=159us max=379us apply avg=44us max=261us frames=557 over2ms=0
[19:22:05.492] [HOST] INFO: [inv] APPLY hand=0,1432,11111,2909,1970703104 items=0
[19:22:06.144] [HOST] INFO: [cell] MAP cells=1 slots=2 23,22=0
[19:22:06.299] [HOST] INFO: [cam] hint recv=-37546.3,701.5,-43115.5
[19:22:06.466] [HOST] INFO: [ai] suspended=1 driven=1
[19:22:07.204] [HOST] INFO: [spawn] INFO send hand=1,287,1452636672,1,3931396608 found=1 dead=0 age=1.00 sid='18880-rebirth.mod' fac='1083-gamedata.base'
[19:22:07.204] [HOST] INFO: [spawn] INFO send hand=1,291,1024780288,1,2693847552 found=1 dead=0 age=1.00 sid='1411-gamedata.base' fac='1083-gamedata.base'
[19:22:07.250] [HOST] INFO: [speed] REQ mult=1.00 paused=0 combat=0
[19:22:07.250] [HOST] INFO: [speed] SET mult=1.00 paused=0 combat=0 (my=1.00 peer=1.00)
[19:22:08.318] [HOST] INFO: [inv] APPLY hand=0,1432,11111,3011,1090576128 items=0
[19:22:08.475] [HOST] INFO: [wd] APPLY id=1 sid='556-gamedata.base' owner=1,2,2989257728,1,2916870144 moved=1 pos=-37598.30,703.90,-43043.03 tracked=1
[19:22:08.622] [HOST] INFO: [deed] AUDIT hand=0.1432.11111.612.3788940544 isPlayer=1 set=1 sale=0 shop=0 public=0 desig=9 resident=0/0 town=0/1 interior=1 internals=0 doors=1/1/0 furn=0/0/0 canUse=1 home=1/1/0 stuff=1 wallet=18729 squads=2/0/0 cur=0/0 base=1/0 owner='204-gamedata.base' name='Small Shack'
[19:22:08.989] [HOST] INFO: [net] [net] bandwidth out=29.2 KB/s in=3.1 KB/s (window 6s)
[19:22:09.054] [HOST] INFO: [wd] PICKUP-APPLY id=1 sid='556-gamedata.base' owner=1,2,2989257728,1,2916870144 ref=0/1 moved=1 why=recovered-by-site trackedLeft=1
[19:22:09.100] [HOST] INFO: [interp] lerp=4286 extrap=0 clamp=0 seg=0 single=132 snapSq=0 snapNpc=0 reissueSq=9 reissueNpc=0 restFlip=0 delay=112 jit=13.1 starve=0 snapMid=0 restFlipMid=0 haltDrv=0
[19:22:09.100] [HOST] INFO: [interp] worstZero hand=1,2916870144 zero=7 active=106 seg=54
[19:22:09.152] [HOST] INFO: [stats] RECV hand=1,2916870144 ok=1 str=6.4 dex=1.3 tough=11.6 stealth=1.3 athl=25.7 xp=0
[19:22:09.391] [HOST] INFO: [audit] exist near=20 wide=198 drv=0 cen=0 hid=0 ghost=0 supp=0 census=0 fresh=1 parks=0 nearCap=0 wideCap=0 staleMs=58929 edges=0 ghostMax=-1 ghostEdge=0 dorm=0 attnR=1000 dormPc=0 pcs=2 mine=198 skip=198 cells=1
[19:22:09.470] [HOST] INFO: [ai] suspended=1 driven=1
[19:22:09.481] [HOST] INFO: [inv] APPLY hand=0,1432,11111,2903,936401344 items=0
[19:22:09.481] [HOST] INFO: [inv] APPLY hand=0,1432,11111,2904,2251586816 items=0
[19:22:09.481] [HOST] INFO: [inv] APPLY hand=0,1432,11111,2905,3309448192 items=0
[19:22:09.481] [HOST] INFO: [inv] APPLY hand=0,1432,11111,2906,3057983488 items=0
[19:22:09.481] [HOST] INFO: [inv] APPLY hand=1,2,2989257728,1,2916870144 items=10
[19:22:09.535] [HOST] INFO: [wd] APPLY id=2 sid='556-gamedata.base' owner=1,2,2989257728,1,2916870144 moved=1 pos=-37598.30,703.90,-43043.03 tracked=2
[19:22:10.289] [HOST] INFO: [cam] center=-37633.2,702.7,-43121.6
[19:22:10.353] [HOST] INFO: [census] recv n=0 culls=0
[19:22:10.397] [HOST] INFO: [budget] pub avg=160us max=438us apply avg=44us max=213us frames=512 over2ms=0
[19:22:10.460] [HOST] INFO: [inv] APPLY hand=0,1432,11111,2909,1970703104 items=0
[19:22:10.614] [HOST] INFO: [wd] PICKUP-APPLY id=2 sid='556-gamedata.base' owner=1,2,2989257728,1,2916870144 ref=1/1 moved=0 why=deferred trackedLeft=2
[19:22:10.622] [HOST] INFO: [wd] PICKUP-RETRY-OK sid='556-gamedata.base' ref=1/1 via=site afterMs=9
[19:22:11.148] [HOST] INFO: [cell] MAP cells=1 slots=2 23,22=0
[19:22:11.287] [HOST] INFO: [wd] APPLY id=3 sid='556-gamedata.base' owner=1,2,2989257728,1,2916870144 moved=1 pos=-37598.30,703.90,-43043.03 tracked=3
[19:22:11.342] [HOST] INFO: [cam] hint recv=-37546.3,701.5,-43115.5
[19:22:11.514] [HOST] INFO: [seatres] HOST task=87 npc=1,3720947200 subj=2566,1882812544 ok=1 npcpos=-36600.5,-43170.0 subjpos=-36600.5,-43170.0 d=0.0
[19:22:11.604] [HOST] INFO: [census] sent n=199 radius=2000 mid=70 anchors=2 a0=loaded:170 a1=loaded:29 enum=199 notmine=0 proxyrow=0 attnR=1000
[19:22:12.321] [HOST] INFO: [wd] PICKUP-APPLY id=3 sid='556-gamedata.base' owner=1,2,2989257728,1,2916870144 ref=1/2 moved=0 why=deferred trackedLeft=3
[19:22:12.331] [HOST] INFO: [wd] PICKUP-RETRY-OK sid='556-gamedata.base' ref=1/2 via=site afterMs=10
[19:22:12.475] [HOST] INFO: [ai] suspended=1 driven=1
[19:22:13.030] [HOST] INFO: [seatres] HOST task=87 npc=1,1626586880 subj=2560,1633666944 ok=1 npcpos=-36529.2,-43160.9 subjpos=-36529.2,-43161.4 d=0.5
[19:22:13.103] [HOST] INFO: [life] pruned throttle stamps=4
[19:22:13.300] [HOST] INFO: [inv] APPLY hand=0,1432,11111,3011,1090576128 items=0
[19:22:13.634] [HOST] INFO: [wd] ground-prune sid='556-gamedata.base' drop=1/2 (278 consecutive reads over 3012ms, everLive=1: not a free ground item)
[19:22:13.648] [HOST] INFO: [deed] AUDIT hand=0.1432.11111.612.3788940544 isPlayer=1 set=1 sale=0 shop=0 public=0 desig=9 resident=0/0 town=0/1 interior=1 internals=0 doors=1/1/0 furn=0/0/0 canUse=1 home=1/1/0 stuff=1 wallet=18729 squads=2/0/0 cur=0/0 base=1/0 owner='204-gamedata.base' name='Small Shack'
[19:22:14.033] [HOST] INFO: [net] [net] bandwidth out=22.7 KB/s in=3.4 KB/s (window 5s)
[19:22:14.108] [HOST] INFO: [stats] RECV hand=1,2916870144 ok=1 str=6.4 dex=1.3 tough=11.6 stealth=1.3 athl=25.7 xp=0
[19:22:14.110] [HOST] INFO: [interp] lerp=4729 extrap=0 clamp=0 seg=0 single=144 snapSq=0 snapNpc=0 reissueSq=9 reissueNpc=0 restFlip=0 delay=107 jit=13.1 starve=0 snapMid=0 restFlipMid=0 haltDrv=0
[19:22:14.110] [HOST] INFO: [interp] worstZero hand=1,2916870144 zero=7 active=106 seg=122
[19:22:14.453] [HOST] INFO: [audit] exist near=16 wide=187 drv=0 cen=0 hid=0 ghost=0 supp=0 census=0 fresh=1 parks=0 nearCap=0 wideCap=0 staleMs=58929 edges=0 ghostMax=-1 ghostEdge=0 dorm=0 attnR=1000 dormPc=0 pcs=2 mine=187 skip=187 cells=1
[19:22:14.594] [HOST] INFO: [inv] APPLY hand=0,1432,11111,2903,936401344 items=0
[19:22:14.594] [HOST] INFO: [inv] APPLY hand=0,1432,11111,2906,3057983488 items=0
[19:22:14.594] [HOST] INFO: [inv] APPLY hand=1,2,2989257728,1,2916870144 items=10
[19:22:14.990] [HOST] INFO: [seatres] HOST task=87 npc=1,2729858304 subj=2585,3891601664 ok=1 npcpos=-36455.3,-43272.2 subjpos=-36455.3,-43272.2 d=0.0
[19:22:15.282] [HOST] INFO: [cam] center=-37614.1,704.4,-43031.3
[19:22:15.331] [HOST] INFO: [wd] ground-prune sid='556-gamedata.base' drop=1/1 (275 consecutive reads over 3001ms, everLive=1: not a free ground item)
[19:22:15.331] [HOST] INFO: [wd] ground-prune sid='556-gamedata.base' drop=1/3 (275 consecutive reads over 3001ms, everLive=1: not a free ground item)
[19:22:15.407] [HOST] INFO: [budget] pub avg=163us max=372us apply avg=50us max=377us frames=459 over2ms=0
[19:22:15.483] [HOST] INFO: [ai] suspended=1 driven=1
[19:22:15.575] [HOST] INFO: [seatres] HOST task=87 npc=1,3621704192 subj=2927,3629638656 ok=1 npcpos=-37695.5,-43161.3 subjpos=-37698.0,-43168.7 d=7.8
[19:22:15.945] [HOST] INFO: [seatres] HOST task=87 npc=1,3945556736 subj=2556,3263427840 ok=1 npcpos=-36566.6,-43114.6 subjpos=-36565.5,-43113.5 d=1.5
[19:22:15.945] [HOST] INFO: [stats] RECV hand=1,2916870144 ok=1 str=6.4 dex=1.3 tough=11.6 stealth=1.3 athl=25.7 xp=0
[19:22:16.150] [HOST] INFO: [cell] MAP cells=1 slots=2 23,22=0
[19:22:16.323] [HOST] INFO: [inv] APPLY hand=0,1432,11111,2904,2251586816 items=0
[19:22:16.323] [HOST] INFO: [inv] APPLY hand=0,1432,11111,2905,3309448192 items=0
[19:22:16.376] [HOST] INFO: [cam] hint recv=-37549.7,702.1,-43090.4
[19:22:16.839] [HOST] INFO: [med] SEND hand=1,1709716736 npc=0 blood=81.8 bleed=0.00 fl=100.0,100.0,100.0,100.0 bd=0.0,0.0,0.0,0.0 flags=0 nparts=7 pmin=49.0 smin=0.0 ls=0,0,0,0
[19:22:18.107] [HOST] INFO: [life] pruned throttle stamps=8
[19:22:18.298] [HOST] INFO: [inv] APPLY hand=0,1432,11111,3011,1090576128 items=0
[19:22:18.489] [HOST] INFO: [ai] suspended=1 driven=1
[19:22:18.673] [HOST] INFO: [deed] AUDIT hand=0.1432.11111.612.3788940544 isPlayer=1 set=1 sale=0 shop=0 public=0 desig=9 resident=0/0 town=0/1 interior=1 internals=0 doors=1/1/0 furn=0/0/0 canUse=1 home=1/1/0 stuff=1 wallet=18729 squads=2/0/0 cur=0/0 base=1/0 owner='204-gamedata.base' name='Small Shack'
[19:22:19.033] [HOST] INFO: [net] [net] bandwidth out=26.5 KB/s in=3.2 KB/s (window 5s)
[19:22:19.067] [HOST] INFO: [med] SEND hand=1,1709716736 npc=0 blood=81.8 bleed=0.00 fl=100.0,100.0,100.0,100.0 bd=0.0,0.0,0.0,0.0 flags=0 nparts=7 pmin=49.0 smin=0.0 ls=0,0,0,0
[19:22:19.117] [HOST] INFO: [interp] lerp=5204 extrap=3 clamp=0 seg=0 single=155 snapSq=0 snapNpc=0 reissueSq=27 reissueNpc=0 restFlip=0 delay=132 jit=14.5 starve=0 snapMid=0 restFlipMid=0 haltDrv=0
[19:22:19.117] [HOST] INFO: [interp] worstZero hand=1,2916870144 zero=10 active=271 seg=55
[19:22:19.461] [HOST] INFO: [audit] exist near=15 wide=185 drv=0 cen=0 hid=0 ghost=0 supp=0 census=0 fresh=1 parks=0 nearCap=0 wideCap=0 staleMs=58929 edges=0 ghostMax=-1 ghostEdge=0 dorm=0 attnR=1000 dormPc=0 pcs=2 mine=185 skip=185 cells=1
[19:22:19.528] [HOST] INFO: [inv] APPLY hand=0,1432,11111,2903,936401344 items=0
[19:22:19.528] [HOST] INFO: [inv] APPLY hand=0,1432,11111,2906,3057983488 items=0
[19:22:19.528] [HOST] INFO: [inv] APPLY hand=1,2,2989257728,1,2916870144 items=10
[19:22:20.285] [HOST] INFO: [cam] center=-37652.1,704.7,-43042.3
[19:22:20.373] [HOST] INFO: [med] SEND hand=1,1709716736 npc=0 blood=81.8 bleed=0.00 fl=100.0,100.0,100.0,100.0 bd=0.0,0.0,0.0,0.0 flags=0 nparts=7 pmin=49.1 smin=0.0 ls=0,0,0,0
[19:22:20.384] [HOST] INFO: [census] recv n=0 culls=0
[19:22:20.414] [HOST] INFO: [budget] pub avg=160us max=409us apply avg=43us max=283us frames=497 over2ms=0
[19:22:20.780] [HOST] INFO: [med] SEND hand=1,1709716736 npc=0 blood=81.8 bleed=0.00 fl=100.0,100.0,100.0,100.0 bd=0.0,0.0,0.0,0.0 flags=0 nparts=7 pmin=49.1 smin=0.0 ls=0,0,0,0
[19:22:20.965] [HOST] INFO: [stats] RECV hand=1,2916870144 ok=1 str=6.4 dex=1.3 tough=11.6 stealth=1.3 athl=25.7 xp=0
[19:22:21.160] [HOST] INFO: [cell] MAP cells=1 slots=2 23,22=0
[19:22:21.492] [HOST] INFO: [ai] suspended=1 driven=1
[19:22:21.664] [HOST] INFO: [census] sent n=199 radius=2000 mid=71 anchors=3 a0=loaded:109 a1=loaded:2 a2=loaded:88 enum=199 notmine=0 proxyrow=0 attnR=1000
[19:22:22.367] [HOST] INFO: [cam] hint recv=-37523.4,703.5,-42992.0
[19:22:23.110] [HOST] INFO: [life] pruned throttle stamps=1
[19:22:23.361] [HOST] INFO: [inv] APPLY hand=0,1432,11111,3011,1090576128 items=0
[19:22:23.692] [HOST] INFO: [deed] AUDIT hand=0.1432.11111.612.3788940544 isPlayer=1 set=1 sale=0 shop=0 public=0 desig=9 resident=0/0 town=0/1 interior=1 internals=0 doors=1/1/0 furn=0/0/0 canUse=1 home=1/1/0 stuff=1 wallet=18729 squads=2/0/0 cur=0/0 base=1/0 owner='204-gamedata.base' name='Small Shack'
[19:22:24.048] [HOST] INFO: [net] [net] bandwidth out=31.0 KB/s in=3.0 KB/s (window 5s)
[19:22:24.122] [HOST] INFO: [interp] lerp=5682 extrap=4 clamp=0 seg=0 single=178 snapSq=0 snapNpc=0 reissueSq=33 reissueNpc=0 restFlip=0 delay=143 jit=19.6 starve=0 snapMid=0 restFlipMid=0 haltDrv=0
[19:22:24.122] [HOST] INFO: [interp] worstZero hand=1,2916870144 zero=11 active=326 seg=108
[19:22:24.150] [HOST] INFO: [furn] SEND EXIT id=17 occ=1,409667968 furn=3154,3659912192 kind=1 (occupant left stream)
[19:22:24.160] [HOST] INFO: [furn] SEND ENTER id=18 occ=1,409667968 furn=3154,3659912192 kind=1
[19:22:24.496] [HOST] INFO: [ai] suspended=1 driven=1
[19:22:24.537] [HOST] INFO: [inv] APPLY hand=0,1432,11111,2903,936401344 items=0
[19:22:24.537] [HOST] INFO: [inv] APPLY hand=0,1432,11111,2906,3057983488 items=0
[19:22:24.537] [HOST] INFO: [inv] APPLY hand=1,2,2989257728,1,2916870144 items=10
[19:22:24.537] [HOST] INFO: [audit] exist near=15 wide=185 drv=0 cen=0 hid=0 ghost=0 supp=0 census=0 fresh=1 parks=0 nearCap=0 wideCap=0 staleMs=58929 edges=0 ghostMax=-1 ghostEdge=0 dorm=0 attnR=1000 dormPc=0 pcs=2 mine=185 skip=185 cells=1
[19:22:25.291] [HOST] INFO: [cam] center=-37652.1,704.7,-43042.3
[19:22:25.419] [HOST] INFO: [budget] pub avg=160us max=412us apply avg=44us max=226us frames=495 over2ms=0
[19:22:26.037] [HOST] INFO: [stats] RECV hand=1,2916870144 ok=1 str=6.4 dex=1.3 tough=11.6 stealth=1.3 athl=25.7 xp=0
[19:22:26.161] [HOST] INFO: [cell] MAP cells=1 slots=2 23,22=0
[19:22:27.205] [HOST] INFO: [furn] SEND EXIT id=19 occ=1,409667968 furn=3154,3659912192 kind=1 (occupant left stream)
[19:22:27.376] [HOST] INFO: [cam] hint recv=-37603.9,702.9,-43093.8
[19:22:27.505] [HOST] INFO: [ai] suspended=1 driven=1
[19:22:27.644] [HOST] INFO: [furn] SEND ENTER id=20 occ=1,409667968 furn=3154,3659912192 kind=1
[19:22:28.398] [HOST] INFO: [inv] APPLY hand=0,1432,11111,3011,1090576128 items=0
[19:22:28.714] [HOST] INFO: [deed] AUDIT hand=0.1432.11111.612.3788940544 isPlayer=1 set=1 sale=0 shop=0 public=0 desig=9 resident=0/0 town=0/1 interior=1 internals=0 doors=1/1/0 furn=0/0/0 canUse=1 home=1/1/0 stuff=1 wallet=18729 squads=2/0/0 cur=0/0 base=1/0 owner='204-gamedata.base' name='Small Shack'
[19:22:29.052] [HOST] INFO: [net] [net] bandwidth out=28.4 KB/s in=3.2 KB/s (window 5s)
[19:22:29.127] [HOST] INFO: [interp] lerp=6139 extrap=31 clamp=0 seg=0 single=178 snapSq=0 snapNpc=0 reissueSq=43 reissueNpc=0 restFlip=0 delay=183 jit=34.6 starve=0 snapMid=0 restFlipMid=0 haltDrv=0
[19:22:29.127] [HOST] INFO: [interp] worstZero hand=1,2916870144 zero=14 active=454 seg=111
[19:22:29.558] [HOST] INFO: [audit] exist near=17 wide=185 drv=0 cen=0 hid=0 ghost=0 supp=0 census=0 fresh=1 parks=0 nearCap=0 wideCap=0 staleMs=58929 edges=0 ghostMax=-1 ghostEdge=0 dorm=0 attnR=1000 dormPc=0 pcs=2 mine=185 skip=185 cells=1
[19:22:29.620] [HOST] INFO: [inv] APPLY hand=0,1432,11111,2903,936401344 items=0
[19:22:29.620] [HOST] INFO: [inv] APPLY hand=0,1432,11111,2906,3057983488 items=0
[19:22:29.664] [HOST] INFO: [snap] squad hand=1,2916870144 name='Rock' gap=90.4 gate=89.9 srcVel=43.5 cSpeed=20.4 mult=1.00 slew=1.00 dest=1 skipped=0
[19:22:30.261] [HOST] INFO: [door] rollup sent=0 (resend=0) recv=0 applied=0 nohand=0 converged=0 over=30s
[19:22:30.291] [HOST] INFO: [cam] center=-37652.1,704.7,-43042.3
[19:22:30.300] [HOST] INFO: [xfer] SEND id=1 sid='1532533-blot rationpacks.mod' type=4 qty=4 src=1,1,2172729600,1,1709716736(own) dst=1,2,2989257728,1,2916870144(peer)
[19:22:30.301] [HOST] INFO: [inv] APPLY hand=1,2,2989257728,1,2916870144 items=11
[19:22:30.386] [HOST] INFO: [census] recv n=0 culls=0
[19:22:30.423] [HOST] INFO: [budget] pub avg=161us max=379us apply avg=45us max=350us frames=491 over2ms=0
[19:22:30.509] [HOST] INFO: [ai] suspended=1 driven=1
[19:22:30.528] [HOST] INFO: [xfer] ACK id=1 from=1 verdict=accept applied=4/4 waitedMs=228 sid='1532533-blot rationpacks.mod'
[19:22:30.546] [HOST] INFO: [inv] SEND hand=1,1,2172729600,1,1709716736 kind=0 key=1,1,2172729600,1,1709716736 items=13 hash=2258638849
[19:22:30.855] [HOST] INFO: [inv] APPLY hand=1,2,2989257728,1,2916870144 items=12
[19:22:30.945] [HOST] INFO: [stats] RECV hand=1,2916870144 ok=1 str=6.4 dex=1.3 tough=11.6 stealth=1.3 athl=25.7 xp=0
[19:22:31.166] [HOST] INFO: [cell] MAP cells=1 slots=2 23,22=0
[19:22:31.637] [HOST] INFO: [inv] APPLY hand=1,2,2989257728,1,2916870144 items=13
[19:22:31.715] [HOST] INFO: [census] sent n=199 radius=2000 mid=65 anchors=2 a0=loaded:101 a1=loaded:98 enum=199 notmine=0 proxyrow=0 attnR=1000
[19:22:32.262] [HOST] INFO: [taskkey] key=156 desc='Entering building' repro=0 subject=0
[19:22:32.320] [HOST] INFO: [taskkey] key=163 desc='Moving to door inside' repro=0 subject=1
[19:22:32.320] [HOST] INFO: [furn] SEND EXIT id=21 occ=1,3642333952 furn=2993,1872924800 kind=1
[19:22:32.451] [HOST] INFO: [cam] hint recv=-37601.9,705.0,-42994.7
[19:22:32.568] [HOST] INFO: [furn] SEND EXIT id=22 occ=1,930175808 furn=2997,2954467840 kind=1
[19:22:32.581] [HOST] INFO: [furn] SEND EXIT id=23 occ=1,306640640 furn=2994,2293457152 kind=1
[19:22:32.604] [HOST] INFO: [taskkey] key=73 desc='Closing door' repro=0 subject=1
[19:22:32.629] [HOST] INFO: [furn] SEND EXIT id=24 occ=1,3540405248 furn=2996,828369152 kind=1
[19:22:32.641] [HOST] INFO: [taskkey] key=83 desc='Moving to current door' repro=0 subject=1
[19:22:32.651] [HOST] INFO: [taskkey] key=82 desc='Moving to door' repro=0 subject=1
[19:22:32.664] [HOST] INFO: [taskkey] key=162 desc='Locking door from inside' repro=0 subject=1
[19:22:32.722] [HOST] INFO: [door] SEND hand=0.1432.11111.155.2459716864 open=0 locked=0 seq=1
[19:22:32.790] [HOST] INFO: [taskkey] key=72 desc='Opening door' repro=0 subject=1
[19:22:33.212] [HOST] INFO: [med] SEND hand=1,1709716736 npc=0 blood=81.8 bleed=0.00 fl=100.0,100.0,100.0,100.0 bd=0.0,0.0,0.0,0.0 flags=0 nparts=7 pmin=49.3 smin=0.0 ls=0,0,0,0
[19:22:33.343] [HOST] INFO: [inv] APPLY hand=0,1432,11111,3011,1090576128 items=0
[19:22:33.520] [HOST] INFO: [ai] suspended=1 driven=1
[19:22:33.745] [HOST] INFO: [deed] AUDIT hand=0.1432.11111.612.3788940544 isPlayer=1 set=1 sale=0 shop=0 public=0 desig=9 resident=0/0 town=0/1 interior=1 internals=0 doors=1/1/0 furn=0/0/0 canUse=1 home=1/1/0 stuff=1 wallet=18729 squads=2/0/0 cur=0/0 base=1/0 owner='204-gamedata.base' name='Small Shack'
[19:22:34.128] [HOST] INFO: [interp] lerp=6570 extrap=31 clamp=0 seg=0 single=203 snapSq=1 snapNpc=0 reissueSq=55 reissueNpc=0 restFlip=0 delay=200 jit=60.1 starve=0 snapMid=0 restFlipMid=0 haltDrv=0
[19:22:34.128] [HOST] INFO: [interp] worstZero hand=1,2916870144 zero=16 active=589 seg=46
[19:22:34.207] [HOST] INFO: [net] [net] bandwidth out=23.1 KB/s in=3.9 KB/s (window 5s)
[19:22:34.587] [HOST] INFO: [audit] exist near=13 wide=180 drv=0 cen=0 hid=0 ghost=0 supp=0 census=0 fresh=1 parks=0 nearCap=0 wideCap=0 staleMs=58929 edges=0 ghostMax=-1 ghostEdge=0 dorm=0 attnR=1000 dormPc=0 pcs=2 mine=180 skip=180 cells=1
[19:22:34.745] [HOST] INFO: [door] SEND hand=0.1432.11111.155.2459716864 open=1 locked=0 seq=2
[19:22:35.290] [HOST] INFO: [cam] center=-37575.8,706.1,-42927.3
[19:22:35.429] [HOST] INFO: [budget] pub avg=172us max=472us apply avg=49us max=1007us frames=424 over2ms=0
[19:22:35.966] [HOST] INFO: [stats] RECV hand=1,2916870144 ok=1 str=6.4 dex=1.3 tough=11.6 stealth=1.3 athl=25.7 xp=0
[19:22:36.171] [HOST] INFO: [cell] MAP cells=1 slots=2 23,22=0
[19:22:36.531] [HOST] INFO: [ai] suspended=1 driven=1
[19:22:36.647] [HOST] INFO: [inv] APPLY hand=1,2,2989257728,1,2916870144 items=13
[19:22:36.686] [HOST] INFO: [taskkey] key=78 desc='Unlocking door' repro=0 subject=1
[19:22:36.756] [HOST] INFO: [door] SEND hand=0.1432.11111.155.2459716864 open=0 locked=0 seq=3
[19:22:37.519] [HOST] INFO: [cam] hint recv=-37762.1,675.1,-42959.2
[19:22:38.088] [HOST] INFO: [taskkey] key=80 desc='Unlocking door here' repro=0 subject=1
[19:22:38.117] [HOST] INFO: [life] pruned throttle stamps=11
[19:22:38.143] [HOST] INFO: [seatres] HOST task=221 npc=2,3759399424 subj=3411,273925792 ok=1 npcpos=-37453.7,-43356.8 subjpos=-37451.6,-43356.6 d=2.1
[19:22:38.394] [HOST] INFO: [inv] APPLY hand=0,1432,11111,3011,1090576128 items=0
[19:22:38.650] [HOST] INFO: [inv] resent 68 unchanged snapshot(s) in 61s
[19:22:38.747] [HOST] INFO: [taskkey] key=74 desc='Opening door here' repro=0 subject=1
[19:22:38.773] [HOST] INFO: [door] SEND hand=0.1432.11111.155.2459716864 open=1 locked=0 seq=4
[19:22:38.773] [HOST] INFO: [deed] AUDIT hand=0.1432.11111.612.3788940544 isPlayer=1 set=1 sale=0 shop=0 public=0 desig=9 resident=0/0 town=0/1 interior=1 internals=0 doors=1/1/0 furn=0/0/0 canUse=1 home=1/1/0 stuff=1 wallet=18729 squads=2/0/0 cur=0/0 base=1/0 owner='204-gamedata.base' name='Small Shack'
[19:22:39.143] [HOST] INFO: [interp] lerp=6931 extrap=31 clamp=0 seg=0 single=203 snapSq=1 snapNpc=0 reissueSq=55 reissueNpc=0 restFlip=0 delay=200 jit=60.1 starve=0 snapMid=0 restFlipMid=0 haltDrv=0
[19:22:39.143] [HOST] INFO: [interp] worstZero hand=1,2916870144 zero=16 active=589 seg=55
[19:22:39.540] [HOST] INFO: [ai] suspended=1 driven=1
[19:22:39.633] [HOST] INFO: [audit] exist near=15 wide=178 drv=0 cen=0 hid=0 ghost=0 supp=0 census=0 fresh=1 parks=0 nearCap=0 wideCap=0 staleMs=58929 edges=0 ghostMax=-1 ghostEdge=0 dorm=0 attnR=1000 dormPc=0 pcs=2 mine=178 skip=178 cells=1
[19:22:39.818] [HOST] INFO: [net] [net] bandwidth out=24.6 KB/s in=3.5 KB/s (window 6s)
[19:22:40.287] [HOST] INFO: [cam] center=-37542.2,706.1,-42905.1
[19:22:40.349] [HOST] INFO: [taskkey] key=257 desc='Getting out of bed' repro=0 subject=1
[19:22:40.440] [HOST] INFO: [budget] pub avg=179us max=455us apply avg=46us max=197us frames=373 over2ms=0
[19:22:40.498] [HOST] INFO: [census] recv n=0 culls=0
[19:22:40.792] [HOST] INFO: [door] SEND hand=0.1432.11111.155.2459716864 open=1 locked=1 seq=5
[19:22:40.882] [HOST] INFO: [dlg] SEND 'I can't get out of here.'
[19:22:41.012] [HOST] INFO: [stats] RECV hand=1,2916870144 ok=1 str=6.4 dex=1.3 tough=11.6 stealth=1.3 athl=25.7 xp=0
[19:22:41.171] [HOST] INFO: [cell] MAP cells=1 slots=2 23,22=0
[19:22:41.630] [HOST] INFO: [inv] APPLY hand=1,2,2989257728,1,2916870144 items=13
[19:22:41.801] [HOST] INFO: [door] SEND hand=0.1432.11111.155.2459716864 open=0 locked=1 seq=6
[19:22:41.803] [HOST] INFO: [census] sent n=199 radius=2000 mid=59 anchors=3 a0=loaded:115 a1=loaded:9 a2=loaded:75 enum=199 notmine=0 proxyrow=0 attnR=1000
[19:22:42.542] [HOST] INFO: [ai] suspended=1 driven=1
[19:22:42.890] [HOST] INFO: [seatres] HOST task=87 npc=1,1583740288 subj=2971,1998779264 ok=1 npcpos=-37649.1,-43165.8 subjpos=-37649.1,-43165.7 d=0.1
[19:22:43.310] [HOST] INFO: [inv] APPLY hand=0,1432,11111,3011,1090576128 items=0
[19:22:43.523] [HOST] INFO: [cam] hint recv=-37789.0,679.2,-42826.5
[19:22:43.808] [HOST] INFO: [furn] SEND EXIT id=25 occ=1,409667968 furn=3154,3659912192 kind=1 (occupant left stream)
[19:22:43.808] [HOST] INFO: [door] SEND hand=0.1432.11111.155.2459716864 open=1 locked=0 seq=7
[19:22:43.808] [HOST] INFO: [deed] AUDIT hand=0.1432.11111.612.3788940544 isPlayer=1 set=1 sale=0 shop=0 public=0 desig=9 resident=0/0 town=0/1 interior=1 internals=0 doors=1/1/0 furn=0/0/0 canUse=1 home=1/1/0 stuff=1 wallet=18729 squads=2/0/0 cur=0/0 base=1/0 owner='204-gamedata.base' name='Small Shack'
[19:22:44.145] [HOST] INFO: [interp] lerp=7387 extrap=31 clamp=0 seg=0 single=203 snapSq=1 snapNpc=0 reissueSq=55 reissueNpc=0 restFlip=0 delay=200 jit=60.1 starve=0 snapMid=0 restFlipMid=0 haltDrv=0
[19:22:44.145] [HOST] INFO: [interp] worstZero hand=1,2916870144 zero=16 active=589 seg=66
[19:22:44.695] [HOST] INFO: [audit] exist near=18 wide=180 drv=0 cen=0 hid=0 ghost=0 supp=0 census=0 fresh=1 parks=0 nearCap=0 wideCap=0 staleMs=58929 edges=0 ghostMax=-1 ghostEdge=0 dorm=0 attnR=1000 dormPc=0 pcs=2 mine=180 skip=180 cells=1
[19:22:45.198] [HOST] INFO: [seatres] HOST task=87 npc=1,1707885696 subj=2940,3288452096 ok=1 npcpos=-37550.5,-43145.0 subjpos=-37551.1,-43144.7 d=0.6
[19:22:45.288] [HOST] INFO: [cam] center=-37481.6,695.6,-42859.4
[19:22:45.425] [HOST] INFO: [net] [net] bandwidth out=27.9 KB/s in=3.4 KB/s (window 6s)
[19:22:45.447] [HOST] INFO: [budget] pub avg=166us max=435us apply avg=46us max=260us frames=474 over2ms=0
[19:22:45.550] [HOST] INFO: [ai] suspended=1 driven=1
[19:22:45.818] [HOST] INFO: [door] SEND hand=0.1432.11111.155.2459716864 open=0 locked=0 seq=8
[19:22:45.973] [HOST] INFO: [stats] RECV hand=1,2916870144 ok=1 str=6.4 dex=1.3 tough=11.6 stealth=1.3 athl=25.7 xp=0
[19:22:46.176] [HOST] INFO: [cell] MAP cells=1 slots=2 23,22=0
[19:22:46.636] [HOST] INFO: [med] SEND hand=1,1709716736 npc=0 blood=81.8 bleed=0.00 fl=100.0,100.0,100.0,100.0 bd=0.0,0.0,0.0,0.0 flags=0 nparts=7 pmin=49.5 smin=0.0 ls=0,0,0,0
[19:22:46.648] [HOST] INFO: [inv] APPLY hand=1,2,2989257728,1,2916870144 items=13
[19:22:47.827] [HOST] INFO: [door] SEND hand=0.1432.11111.155.2459716864 open=1 locked=0 seq=9
[19:22:48.315] [HOST] INFO: [inv] APPLY hand=0,1432,11111,3011,1090576128 items=0
[19:22:48.553] [HOST] INFO: [ai] suspended=1 driven=1
[19:22:48.573] [HOST] INFO: [cam] hint recv=-37502.7,705.3,-42914.3
[19:22:48.765] [HOST] INFO: [seatres] HOST task=221 npc=1,1965331968 subj=2684,1889404288 ok=1 npcpos=-37097.3,-42472.0 subjpos=-37095.9,-42472.5 d=1.4
[19:22:48.830] [HOST] INFO: [deed] AUDIT hand=0.1432.11111.612.3788940544 isPlayer=1 set=1 sale=0 shop=0 public=0 desig=9 resident=0/0 town=0/1 interior=1 internals=0 doors=1/1/0 furn=0/0/0 canUse=1 home=1/1/0 stuff=1 wallet=18729 squads=2/0/0 cur=0/0 base=1/0 owner='204-gamedata.base' name='Small Shack'
[19:22:49.148] [HOST] INFO: [interp] lerp=7872 extrap=31 clamp=0 seg=0 single=203 snapSq=1 snapNpc=0 reissueSq=55 reissueNpc=0 restFlip=0 delay=200 jit=60.1 starve=0 snapMid=0 restFlipMid=0 haltDrv=0
[19:22:49.148] [HOST] INFO: [interp] worstZero hand=1,2916870144 zero=16 active=589 seg=45
[19:22:49.787] [HOST] INFO: [audit] exist near=18 wide=180 drv=0 cen=0 hid=0 ghost=0 supp=0 census=0 fresh=1 parks=0 nearCap=0 wideCap=0 staleMs=58929 edges=0 ghostMax=-1 ghostEdge=0 dorm=0 attnR=1000 dormPc=0 pcs=2 mine=180 skip=180 cells=1
[19:22:49.834] [HOST] INFO: [door] SEND hand=0.1432.11111.155.2459716864 open=0 locked=0 seq=10
[19:22:50.289] [HOST] INFO: [cam] center=-37447.7,665.8,-42867.6
[19:22:50.452] [HOST] INFO: [budget] pub avg=169us max=425us apply avg=46us max=300us frames=487 over2ms=0
[19:22:50.473] [HOST] INFO: [net] [net] bandwidth out=32.0 KB/s in=3.2 KB/s (window 5s)
[19:22:50.565] [HOST] INFO: [census] recv n=0 culls=0
[19:22:50.845] [HOST] INFO: [med] SEND hand=1,1709716736 npc=0 blood=81.8 bleed=0.00 fl=100.0,100.0,100.0,100.0 bd=0.0,0.0,0.0,0.0 flags=0 nparts=7 pmin=49.6 smin=0.0 ls=0,0,0,0
[19:22:50.901] [HOST] INFO: [dlg] RECV 'The Holy Lord Phoenix Himself protects us from the dark ones. Thank Okran for our saviour and protec'
[19:22:51.028] [HOST] INFO: [stats] RECV hand=1,2916870144 ok=1 str=6.4 dex=1.3 tough=11.6 stealth=1.3 athl=25.7 xp=0
[19:22:51.184] [HOST] INFO: [cell] MAP cells=1 slots=2 23,22=0
[19:22:51.557] [HOST] INFO: [ai] suspended=1 driven=1
[19:22:51.662] [HOST] INFO: [inv] APPLY hand=1,2,2989257728,1,2916870144 items=13
[19:22:51.766] [HOST] INFO: [dlg] RECV 'I can't get out of here.'
[19:22:51.846] [HOST] INFO: [census] sent n=199 radius=2000 mid=62 anchors=2 a0=loaded:103 a1=loaded:96 enum=199 notmine=0 proxyrow=0 attnR=1000
[19:22:52.851] [HOST] INFO: [door] SEND hand=0.1432.11111.155.2459716864 open=1 locked=0 seq=11
[19:22:53.366] [HOST] INFO: [inv] APPLY hand=0,1432,11111,3011,1090576128 items=0
[19:22:53.850] [HOST] INFO: [deed] AUDIT hand=0.1432.11111.612.3788940544 isPlayer=1 set=1 sale=0 shop=0 public=0 desig=9 resident=0/0 town=0/1 interior=1 internals=0 doors=1/1/0 furn=0/0/0 canUse=1 home=1/1/0 stuff=1 wallet=18729 squads=2/0/0 cur=0/0 base=1/0 owner='204-gamedata.base' name='Small Shack'
[19:22:54.152] [HOST] INFO: [interp] lerp=8383 extrap=31 clamp=0 seg=0 single=209 snapSq=1 snapNpc=0 reissueSq=63 reissueNpc=0 restFlip=0 delay=151 jit=27.2 starve=0 snapMid=0 restFlipMid=0 haltDrv=0
[19:22:54.152] [HOST] INFO: [interp] worstZero hand=1,2916870144 zero=17 active=706 seg=60
[19:22:54.561] [HOST] INFO: [ai] suspended=1 driven=1
[19:22:54.580] [HOST] INFO: [cam] hint recv=-37492.0,705.6,-42891.9
[19:22:54.816] [HOST] INFO: [audit] exist near=15 wide=181 drv=0 cen=0 hid=0 ghost=0 supp=0 census=0 fresh=1 parks=0 nearCap=0 wideCap=0 staleMs=58929 edges=0 ghostMax=-1 ghostEdge=0 dorm=0 attnR=1000 dormPc=0 pcs=2 mine=181 skip=181 cells=1
[19:22:55.289] [HOST] INFO: [cam] center=-37417.2,661.9,-42833.7
[19:22:55.456] [HOST] INFO: [budget] pub avg=162us max=434us apply avg=38us max=221us frames=516 over2ms=0
[19:22:55.520] [HOST] INFO: [net] [net] bandwidth out=28.0 KB/s in=3.4 KB/s (window 5s)
[19:22:56.070] [HOST] INFO: [stats] RECV hand=1,2916870144 ok=1 str=6.4 dex=1.3 tough=11.6 stealth=1.3 athl=25.7 xp=0
[19:22:56.196] [HOST] INFO: [cell] MAP cells=1 slots=2 23,22=0
[19:22:56.677] [HOST] INFO: [inv] APPLY hand=1,2,2989257728,1,2916870144 items=13
[19:22:57.564] [HOST] INFO: [ai] suspended=1 driven=1
[19:22:58.877] [HOST] INFO: [deed] AUDIT hand=0.1432.11111.612.3788940544 isPlayer=1 set=1 sale=0 shop=0 public=0 desig=9 resident=0/0 town=0/1 interior=1 internals=0 doors=1/1/0 furn=0/0/0 canUse=1 home=1/1/0 stuff=1 wallet=18729 squads=2/0/0 cur=0/0 base=1/0 owner='204-gamedata.base' name='Small Shack'
[19:22:59.161] [HOST] INFO: [interp] lerp=8843 extrap=31 clamp=0 seg=0 single=215 snapSq=1 snapNpc=0 reissueSq=76 reissueNpc=0 restFlip=0 delay=118 jit=15.4 starve=0 snapMid=0 restFlipMid=0 haltDrv=0
[19:22:59.163] [HOST] INFO: [interp] worstZero hand=1,2916870144 zero=17 active=853 seg=77
[19:22:59.637] [HOST] INFO: [cam] hint recv=-37492.0,664.0,-42953.8
[19:22:59.874] [HOST] INFO: [audit] exist near=12 wide=176 drv=0 cen=0 hid=0 ghost=0 supp=0 census=0 fresh=1 parks=0 nearCap=0 wideCap=0 staleMs=58929 edges=0 ghostMax=-1 ghostEdge=0 dorm=0 attnR=1000 dormPc=0 pcs=2 mine=176 skip=176 cells=1
[19:23:00.265] [HOST] INFO: [door] rollup sent=11 (resend=0) recv=0 applied=0 nohand=0 converged=0 over=30s
[19:23:00.287] [HOST] INFO: [cam] center=-37481.3,679.5,-42837.4
[19:23:00.458] [HOST] INFO: [budget] pub avg=164us max=396us apply avg=45us max=670us frames=454 over2ms=0
[19:23:00.568] [HOST] INFO: [net] [net] bandwidth out=24.6 KB/s in=3.3 KB/s (window 5s)
[19:23:00.571] [HOST] INFO: [ai] suspended=1 driven=1
[19:23:00.593] [HOST] INFO: [census] recv n=0 culls=0
[19:23:01.064] [HOST] INFO: [stats] RECV hand=1,2916870144 ok=1 str=6.4 dex=1.3 tough=11.6 stealth=1.3 athl=25.7 xp=0
[19:23:01.205] [HOST] INFO: [cell] MAP cells=1 slots=2 23,22=0
[19:23:01.647] [HOST] INFO: [inv] APPLY hand=1,2,2989257728,1,2916870144 items=13
[19:23:01.915] [HOST] INFO: [census] sent n=199 radius=2000 mid=67 anchors=2 a0=loaded:54 a1=loaded:145 enum=199 notmine=0 proxyrow=0 attnR=1000
[19:23:02.646] [HOST] INFO: [inv] APPLY hand=0,1432,11111,2903,936401344 items=0
[19:23:02.646] [HOST] INFO: [inv] APPLY hand=0,1432,11111,2906,3057983488 items=0
[19:23:03.288] [HOST] INFO: [seatres] HOST task=221 npc=3,3120605440 subj=2072,3711425792 ok=1 npcpos=-36563.1,-43422.6 subjpos=-36563.1,-43422.6 d=0.0
[19:23:03.577] [HOST] INFO: [ai] suspended=1 driven=1
[19:23:03.906] [HOST] INFO: [deed] AUDIT hand=0.1432.11111.612.3788940544 isPlayer=1 set=1 sale=0 shop=0 public=0 desig=9 resident=0/0 town=0/1 interior=1 internals=0 doors=1/1/0 furn=0/0/0 canUse=1 home=1/1/0 stuff=1 wallet=18729 squads=2/0/0 cur=0/0 base=1/0 owner='204-gamedata.base' name='Small Shack'
[19:23:04.164] [HOST] INFO: [interp] lerp=9326 extrap=32 clamp=0 seg=0 single=217 snapSq=1 snapNpc=0 reissueSq=93 reissueNpc=0 restFlip=0 delay=145 jit=22.1 starve=0 snapMid=0 restFlipMid=0 haltDrv=0
[19:23:04.164] [HOST] INFO: [interp] worstZero hand=1,2916870144 zero=31 active=1028 seg=47
[19:23:04.695] [HOST] INFO: [cam] hint recv=-37453.4,660.8,-42996.9
[19:23:04.924] [HOST] INFO: [audit] exist near=15 wide=194 drv=0 cen=0 hid=0 ghost=0 supp=0 census=0 fresh=1 parks=0 nearCap=0 wideCap=0 staleMs=58929 edges=0 ghostMax=-1 ghostEdge=0 dorm=0 attnR=1000 dormPc=0 pcs=2 mine=194 skip=194 cells=1
[19:23:05.293] [HOST] INFO: [cam] center=-37481.3,700.3,-42837.4
[19:23:05.466] [HOST] INFO: [budget] pub avg=161us max=424us apply avg=42us max=230us frames=480 over2ms=0
[19:23:05.565] [HOST] INFO: [net] [net] bandwidth out=21.1 KB/s in=3.3 KB/s (window 5s)
[19:23:06.043] [HOST] INFO: [stats] RECV hand=1,2916870144 ok=1 str=6.4 dex=1.3 tough=11.6 stealth=1.3 athl=25.7 xp=0
[19:23:06.211] [HOST] INFO: [cell] MAP cells=1 slots=2 23,22=0
[19:23:06.578] [HOST] INFO: [ai] suspended=1 driven=1
[19:23:06.671] [HOST] INFO: [inv] APPLY hand=1,2,2989257728,1,2916870144 items=13
[19:23:08.927] [HOST] INFO: [deed] AUDIT hand=0.1432.11111.612.3788940544 isPlayer=1 set=1 sale=0 shop=0 public=0 desig=9 resident=0/0 town=0/1 interior=1 internals=0 doors=1/1/0 furn=0/0/0 canUse=1 home=1/1/0 stuff=1 wallet=18729 squads=2/0/0 cur=0/0 base=1/0 owner='204-gamedata.base' name='Small Shack'
[19:23:09.174] [HOST] INFO: [interp] lerp=9787 extrap=32 clamp=0 seg=0 single=219 snapSq=1 snapNpc=0 reissueSq=99 reissueNpc=0 restFlip=0 delay=133 jit=17.8 starve=0 snapMid=0 restFlipMid=0 haltDrv=0
[19:23:09.174] [HOST] INFO: [interp] worstZero hand=1,2916870144 zero=58 active=1081 seg=75
[19:23:09.579] [HOST] INFO: [ai] suspended=1 driven=1
[19:23:09.709] [HOST] INFO: [cam] hint recv=-37447.7,660.8,-42962.1
[19:23:10.027] [HOST] INFO: [audit] exist near=12 wide=194 drv=0 cen=0 hid=0 ghost=0 supp=0 census=0 fresh=1 parks=0 nearCap=0 wideCap=0 staleMs=58929 edges=0 ghostMax=-1 ghostEdge=0 dorm=0 attnR=1000 dormPc=0 pcs=2 mine=194 skip=194 cells=1
[19:23:10.156] [HOST] INFO: [dlg] RECV 'I can't get out of here.'
[19:23:10.293] [HOST] INFO: [cam] center=-37471.6,689.4,-42827.1
[19:23:10.469] [HOST] INFO: [budget] pub avg=161us max=401us apply avg=42us max=282us frames=480 over2ms=0
[19:23:10.660] [HOST] INFO: [net] [net] bandwidth out=25.9 KB/s in=3.5 KB/s (window 5s)
[19:23:10.720] [HOST] INFO: [census] recv n=0 culls=0
[19:23:11.006] [HOST] INFO: [stats] RECV hand=1,2916870144 ok=1 str=6.4 dex=1.3 tough=11.6 stealth=1.3 athl=25.7 xp=0
[19:23:11.212] [HOST] INFO: [cell] MAP cells=1 slots=2 23,22=0
[19:23:11.673] [HOST] INFO: [inv] APPLY hand=1,2,2989257728,1,2916870144 items=13
[19:23:11.965] [HOST] INFO: [census] sent n=199 radius=2000 mid=69 anchors=2 a0=loaded:22 a1=loaded:177 enum=199 notmine=0 proxyrow=0 attnR=1000
[19:23:12.586] [HOST] INFO: [ai] suspended=1 driven=1
[19:23:13.954] [HOST] INFO: [deed] AUDIT hand=0.1432.11111.612.3788940544 isPlayer=1 set=1 sale=0 shop=0 public=0 desig=9 resident=0/0 town=0/1 interior=1 internals=0 doors=1/1/0 furn=0/0/0 canUse=1 home=1/1/0 stuff=1 wallet=18729 squads=2/0/0 cur=0/0 base=1/0 owner='204-gamedata.base' name='Small Shack'
[19:23:14.047] [HOST] INFO: [med] SEND hand=1,2035034240 npc=1 blood=78.6 bleed=0.00 fl=100.0,100.0,100.0,100.0 bd=0.0,0.0,0.0,0.0 flags=3 nparts=7 pmin=65.4 smin=0.0 ls=0,0,0,0
[19:23:14.186] [HOST] INFO: [interp] lerp=10197 extrap=69 clamp=0 seg=0 single=219 snapSq=1 snapNpc=0 reissueSq=131 reissueNpc=0 restFlip=0 delay=385 jit=104.8 starve=0 snapMid=0 restFlipMid=0 haltDrv=0
[19:23:14.186] [HOST] INFO: [interp] worstZero hand=1,2916870144 zero=64 active=1482 seg=399
[19:23:15.084] [HOST] INFO: [taskkey] key=22 desc='Patrolling' repro=0 subject=0
[19:23:15.118] [HOST] INFO: [audit] exist near=15 wide=180 drv=0 cen=0 hid=0 ghost=0 supp=0 census=0 fresh=1 parks=0 nearCap=0 wideCap=0 staleMs=58929 edges=0 ghostMax=-1 ghostEdge=0 dorm=0 attnR=1000 dormPc=0 pcs=2 mine=180 skip=180 cells=1
[19:23:15.290] [HOST] INFO: [cam] center=-37156.5,681.2,-42602.7
[19:23:15.478] [HOST] INFO: [budget] pub avg=169us max=431us apply avg=40us max=249us frames=401 over2ms=0
[19:23:15.604] [HOST] INFO: [ai] suspended=1 driven=1
[19:23:15.704] [HOST] INFO: [net] [net] bandwidth out=20.4 KB/s in=3.2 KB/s (window 5s)
[19:23:15.757] [HOST] INFO: [cam] hint recv=-37396.3,663.5,-42867.7
[19:23:16.003] [HOST] INFO: [stats] RECV hand=1,2916870144 ok=1 str=6.4 dex=1.3 tough=11.6 stealth=1.3 athl=25.7 xp=0
[19:23:16.214] [HOST] INFO: [cell] MAP cells=1 slots=2 23,22=0
[19:23:16.743] [HOST] INFO: [inv] APPLY hand=1,2,2989257728,1,2916870144 items=13
[19:23:17.598] [HOST] INFO: [seatres] HOST task=87 npc=3,2558227456 subj=2932,3377319424 ok=1 npcpos=-37705.7,-43194.3 subjpos=-37710.4,-43187.6 d=8.3
[19:23:18.613] [HOST] INFO: [ai] suspended=1 driven=1
[19:23:18.918] [HOST] INFO: [med] SEND hand=1,1709716736 npc=0 blood=81.8 bleed=0.00 fl=100.0,100.0,100.0,100.0 bd=0.0,0.0,0.0,0.0 flags=0 nparts=7 pmin=50.0 smin=0.0 ls=0,0,0,0
[19:23:18.992] [HOST] INFO: [deed] AUDIT hand=0.1432.11111.612.3788940544 isPlayer=1 set=1 sale=0 shop=0 public=0 desig=9 resident=0/0 town=0/1 interior=1 internals=0 doors=1/1/0 furn=0/0/0 canUse=1 home=1/1/0 stuff=1 wallet=18729 squads=2/0/0 cur=0/0 base=1/0 owner='204-gamedata.base' name='Small Shack'
[19:23:19.189] [HOST] INFO: [interp] lerp=10576 extrap=70 clamp=0 seg=0 single=219 snapSq=1 snapNpc=0 reissueSq=153 reissueNpc=0 restFlip=0 delay=143 jit=25.0 starve=0 snapMid=0 restFlipMid=0 haltDrv=0
[19:23:19.189] [HOST] INFO: [interp] worstZero hand=1,2916870144 zero=65 active=1795 seg=53
[19:23:20.221] [HOST] INFO: [audit] exist near=12 wide=167 drv=0 cen=0 hid=0 ghost=0 supp=0 census=0 fresh=1 parks=0 nearCap=0 wideCap=0 staleMs=58929 edges=0 ghostMax=-1 ghostEdge=0 dorm=0 attnR=1000 dormPc=0 pcs=2 mine=167 skip=167 cells=1
[19:23:20.283] [HOST] INFO: [cam] center=-37059.3,691.2,-42153.5
[19:23:20.480] [HOST] INFO: [budget] pub avg=167us max=428us apply avg=37us max=209us frames=416 over2ms=0
[19:23:20.747] [HOST] INFO: [census] recv n=0 culls=0
[19:23:20.786] [HOST] INFO: [net] [net] bandwidth out=23.4 KB/s in=3.2 KB/s (window 5s)
[19:23:21.051] [HOST] INFO: [stats] RECV hand=1,2916870144 ok=1 str=6.4 dex=1.3 tough=11.6 stealth=1.3 athl=25.8 xp=0
[19:23:21.217] [HOST] INFO: [cell] MAP cells=1 slots=2 23,22=0
[19:23:21.617] [HOST] INFO: [ai] suspended=1 driven=1
[19:23:21.726] [HOST] INFO: [inv] APPLY hand=1,2,2989257728,1,2916870144 items=13
[19:23:21.857] [HOST] INFO: [cam] hint recv=-37311.0,737.0,-42346.1
[19:23:22.003] [HOST] INFO: [dlg] SEND 'Love and devotion, brother. Your time for a moment.'
[19:23:22.015] [HOST] INFO: [census] sent n=195 radius=2000 mid=58 anchors=4 a0=loaded:9 a1=loaded:182 a2=loaded:1 a3=loaded:3 enum=195 notmine=0 proxyrow=0 attnR=1000
[19:23:22.294] [HOST] INFO: [dlg] RECV '...'
[19:23:22.556] [HOST] INFO: [taskkey] key=102 desc='Making announcement' repro=0 subject=1
[19:23:22.569] [HOST] INFO: [speed] REQ mult=0.00 paused=1 combat=0
[19:23:22.569] [HOST] INFO: [speed] SET mult=0.00 paused=1 combat=0 (my=0.00 peer=1.00)
[19:23:24.004] [HOST] INFO: [deed] AUDIT hand=0.1432.11111.612.3788940544 isPlayer=1 set=1 sale=0 shop=0 public=0 desig=9 resident=0/0 town=0/1 interior=1 internals=0 doors=1/1/0 furn=0/0/0 canUse=1 home=1/1/0 stuff=1 wallet=18729 squads=2/0/0 cur=0/0 base=1/0 owner='204-gamedata.base' name='Small Shack'
[19:23:24.066] [HOST] INFO: [snap] squad hand=1,2916870144 name='Rock' gap=15.3 gate=15.3 srcVel=0.0 cSpeed=66.5 mult=0.00 slew=1.00 dest=1 skipped=0
[19:23:24.193] [HOST] INFO: [interp] lerp=11047 extrap=70 clamp=0 seg=0 single=219 snapSq=15 snapNpc=0 reissueSq=176 reissueNpc=0 restFlip=0 delay=179 jit=27.8 starve=0 snapMid=0 restFlipMid=0 haltDrv=0
[19:23:24.193] [HOST] INFO: [interp] worstZero hand=1,2916870144 zero=224 active=2266 seg=75
[19:23:24.320] [HOST] INFO: [snap] squad hand=1,2916870144 name='Rock' gap=15.3 gate=11.8 srcVel=0.0 cSpeed=66.5 mult=0.00 slew=1.00 dest=0 skipped=25
[19:23:24.571] [HOST] INFO: [snap] squad hand=1,2916870144 name='Rock' gap=15.3 gate=9.3 srcVel=0.0 cSpeed=66.5 mult=0.00 slew=1.00 dest=0 skipped=23
[19:23:24.623] [HOST] INFO: [ai] suspended=1 driven=1
[19:23:24.831] [HOST] INFO: [snap] squad hand=1,2916870144 name='Rock' gap=15.3 gate=8.0 srcVel=0.0 cSpeed=66.5 mult=0.00 slew=1.00 dest=0 skipped=25
[19:23:25.083] [HOST] INFO: [snap] squad hand=1,2916870144 name='Rock' gap=15.3 gate=8.0 srcVel=0.0 cSpeed=66.5 mult=0.00 slew=1.00 dest=0 skipped=24
[19:23:25.261] [HOST] INFO: [audit] exist near=10 wide=145 drv=0 cen=0 hid=0 ghost=0 supp=0 census=0 fresh=1 parks=0 nearCap=0 wideCap=0 staleMs=58929 edges=0 ghostMax=-1 ghostEdge=0 dorm=0 attnR=1000 dormPc=0 pcs=2 mine=145 skip=145 cells=1
[19:23:25.282] [HOST] INFO: [cam] center=-37174.9,747.0,-42265.7
[19:23:25.332] [HOST] INFO: [snap] squad hand=1,2916870144 name='Rock' gap=15.3 gate=8.0 srcVel=0.0 cSpeed=66.5 mult=0.00 slew=1.00 dest=0 skipped=24
[19:23:25.481] [HOST] INFO: [budget] pub avg=157us max=463us apply avg=38us max=634us frames=480 over2ms=0
[19:23:25.587] [HOST] INFO: [snap] squad hand=1,2916870144 name='Rock' gap=15.3 gate=8.0 srcVel=0.0 cSpeed=66.5 mult=0.00 slew=1.00 dest=0 skipped=25
[19:23:25.840] [HOST] INFO: [net] [net] bandwidth out=21.8 KB/s in=3.3 KB/s (window 5s)
[19:23:25.841] [HOST] INFO: [snap] squad hand=1,2916870144 name='Rock' gap=15.3 gate=8.0 srcVel=0.0 cSpeed=66.5 mult=0.00 slew=1.00 dest=0 skipped=25
[19:23:26.093] [HOST] INFO: [snap] squad hand=1,2916870144 name='Rock' gap=15.3 gate=8.0 srcVel=0.0 cSpeed=66.5 mult=0.00 slew=1.00 dest=0 skipped=24
[19:23:26.121] [HOST] INFO: [stats] RECV hand=1,2916870144 ok=1 str=6.4 dex=1.3 tough=11.6 stealth=1.3 athl=25.8 xp=0
[19:23:26.225] [HOST] INFO: [cell] MAP cells=1 slots=2 23,22=0
[19:23:26.341] [HOST] INFO: [snap] squad hand=1,2916870144 name='Rock' gap=15.3 gate=8.0 srcVel=0.0 cSpeed=66.5 mult=0.00 slew=1.00 dest=0 skipped=24
[19:23:26.600] [HOST] INFO: [snap] squad hand=1,2916870144 name='Rock' gap=15.3 gate=8.0 srcVel=0.0 cSpeed=66.5 mult=0.00 slew=1.00 dest=0 skipped=25
[19:23:26.680] [HOST] INFO: [inv] APPLY hand=1,2,2989257728,1,2916870144 items=13
[19:23:26.852] [HOST] INFO: [snap] squad hand=1,2916870144 name='Rock' gap=15.3 gate=8.0 srcVel=0.0 cSpeed=66.5 mult=0.00 slew=1.00 dest=0 skipped=24
[19:23:27.106] [HOST] INFO: [snap] squad hand=1,2916870144 name='Rock' gap=15.3 gate=8.0 srcVel=0.0 cSpeed=66.5 mult=0.00 slew=1.00 dest=0 skipped=25
[19:23:27.362] [HOST] INFO: [snap] squad hand=1,2916870144 name='Rock' gap=15.3 gate=8.0 srcVel=0.0 cSpeed=66.5 mult=0.00 slew=1.00 dest=0 skipped=25
[19:23:27.617] [HOST] INFO: [snap] squad hand=1,2916870144 name='Rock' gap=15.3 gate=8.0 srcVel=0.0 cSpeed=66.5 mult=0.00 slew=1.00 dest=0 skipped=25
[19:23:27.627] [HOST] INFO: [ai] suspended=1 driven=1
[19:23:27.826] [HOST] INFO: [cam] hint recv=-37257.4,737.0,-42350.9
[19:23:27.876] [HOST] INFO: [snap] squad hand=1,2916870144 name='Rock' gap=15.3 gate=8.0 srcVel=0.0 cSpeed=66.5 mult=0.00 slew=1.00 dest=0 skipped=25
[19:23:28.126] [HOST] INFO: [snap] squad hand=1,2916870144 name='Rock' gap=15.3 gate=8.0 srcVel=0.0 cSpeed=66.5 mult=0.00 slew=1.00 dest=0 skipped=23
[19:23:28.334] [HOST] INFO: [speed] REQ mult=1.00 paused=0 combat=0
[19:23:28.334] [HOST] INFO: [speed] SET mult=1.00 paused=0 combat=0 (my=1.00 peer=1.00)
[19:23:28.557] [HOST] INFO: [snap] squad hand=1,2916870144 name='Rock' gap=8.1 gate=8.0 srcVel=0.0 cSpeed=66.5 mult=1.00 slew=1.00 dest=1 skipped=20
[19:23:28.621] [HOST] INFO: [med] SEND hand=1,1709716736 npc=0 blood=81.8 bleed=0.00 fl=100.0,100.0,100.0,100.0 bd=0.0,0.0,0.0,0.0 flags=0 nparts=7 pmin=50.1 smin=0.0 ls=0,0,0,0
[19:23:29.027] [HOST] INFO: [deed] AUDIT hand=0.1432.11111.612.3788940544 isPlayer=1 set=1 sale=0 shop=0 public=0 desig=9 resident=0/0 town=0/1 interior=1 internals=0 doors=1/1/0 furn=0/0/0 canUse=1 home=1/1/0 stuff=1 wallet=18729 squads=2/0/0 cur=0/0 base=1/0 owner='204-gamedata.base' name='Small Shack'
[19:23:29.196] [HOST] INFO: [interp] lerp=11540 extrap=70 clamp=0 seg=0 single=219 snapSq=430 snapNpc=0 reissueSq=179 reissueNpc=0 restFlip=0 delay=171 jit=27.8 starve=0 snapMid=0 restFlipMid=0 haltDrv=0
[19:23:29.196] [HOST] INFO: [interp] worstZero hand=1,2916870144 zero=686 active=2759 seg=98
[19:23:29.668] [HOST] INFO: [seatres] HOST task=87 npc=1,1815795840 subj=2919,3659790080 ok=1 npcpos=-37718.0,-43178.6 subjpos=-37724.5,-43174.2 d=7.8
[19:23:30.270] [HOST] INFO: [door] rollup sent=0 (resend=0) recv=0 applied=0 nohand=0 converged=0 over=30s
[19:23:30.283] [HOST] INFO: [cam] center=-37139.2,699.4,-42165.6
[19:23:30.305] [HOST] INFO: [snap] squad hand=1,2916870144 name='Rock' gap=68.7 gate=68.6 srcVel=65.6 cSpeed=50.0 mult=1.00 slew=1.00 dest=1 skipped=0
[19:23:30.306] [HOST] INFO: [audit] exist near=10 wide=132 drv=0 cen=0 hid=0 ghost=0 supp=0 census=0 fresh=1 parks=0 nearCap=0 wideCap=0 staleMs=58929 edges=0 ghostMax=-1 ghostEdge=0 dorm=0 attnR=1000 dormPc=0 pcs=2 mine=132 skip=132 cells=1
[19:23:30.489] [HOST] INFO: [budget] pub avg=154us max=350us apply avg=39us max=178us frames=483 over2ms=0
[19:23:30.637] [HOST] INFO: [ai] suspended=1 driven=1
[19:23:30.817] [HOST] INFO: [census] recv n=0 culls=0
[19:23:30.923] [HOST] INFO: [net] [net] bandwidth out=18.1 KB/s in=3.4 KB/s (window 5s)
[19:23:31.077] [HOST] INFO: [stats] RECV hand=1,2916870144 ok=1 str=6.4 dex=1.3 tough=11.6 stealth=1.3 athl=25.8 xp=0
[19:23:31.232] [HOST] INFO: [cell] MAP cells=1 slots=2 23,22=0
[19:23:31.690] [HOST] INFO: [inv] APPLY hand=1,2,2989257728,1,2916870144 items=13
[19:23:32.059] [HOST] INFO: [census] sent n=199 radius=2000 mid=57 anchors=3 a0=loaded:13 a1=loaded:5 a2=loaded:181 enum=199 notmine=0 proxyrow=0 attnR=1000
[19:23:32.158] [HOST] INFO: [seatres] HOST task=87 npc=1,3418212864 subj=2563,1518920960 ok=1 npcpos=-36565.0,-43173.2 subjpos=-36565.8,-43166.5 d=6.8
[19:23:32.331] [HOST] INFO: [seatres] HOST task=221 npc=2,2340820224 subj=2073,2673462016 ok=1 npcpos=-36552.6,-43429.3 subjpos=-36552.6,-43429.3 d=0.0
[19:23:32.331] [HOST] INFO: [seatres] HOST task=221 npc=1,1667114240 subj=2074,1952758784 ok=1 npcpos=-36545.8,-43442.8 subjpos=-36545.8,-43442.8 d=0.0
[19:23:32.826] [HOST] INFO: [cam] hint recv=-37258.6,677.2,-42825.0
[19:23:33.075] [HOST] INFO: [seatres] HOST task=87 npc=2,136230464 subj=2928,1304077184 ok=1 npcpos=-37712.7,-43152.5 subjpos=-37712.7,-43152.8 d=0.3
[19:23:33.647] [HOST] INFO: [ai] suspended=1 driven=1
[19:23:34.043] [HOST] INFO: [deed] AUDIT hand=0.1432.11111.612.3788940544 isPlayer=1 set=1 sale=0 shop=0 public=0 desig=9 resident=0/0 town=0/1 interior=1 internals=0 doors=1/1/0 furn=0/0/0 canUse=1 home=1/1/0 stuff=1 wallet=18729 squads=2/0/0 cur=0/0 base=1/0 owner='204-gamedata.base' name='Small Shack'
[19:23:34.197] [HOST] INFO: [interp] lerp=11961 extrap=72 clamp=0 seg=0 single=219 snapSq=431 snapNpc=0 reissueSq=209 reissueNpc=0 restFlip=0 delay=151 jit=28.1 starve=0 snapMid=0 restFlipMid=0 haltDrv=0
[19:23:34.197] [HOST] INFO: [interp] worstZero hand=1,2916870144 zero=694 active=3182 seg=51
[19:23:35.290] [HOST] INFO: [cam] center=-37128.7,684.9,-42111.0
[19:23:35.334] [HOST] INFO: [audit] exist near=15 wide=194 drv=0 cen=0 hid=0 ghost=0 supp=0 census=0 fresh=1 parks=0 nearCap=0 wideCap=0 staleMs=58929 edges=0 ghostMax=-1 ghostEdge=0 dorm=0 attnR=1000 dormPc=0 pcs=2 mine=194 skip=194 cells=1
[19:23:35.493] [HOST] INFO: [budget] pub avg=171us max=603us apply avg=38us max=337us frames=393 over2ms=0
[19:23:35.939] [HOST] INFO: [net] [net] bandwidth out=24.8 KB/s in=3.4 KB/s (window 5s)
[19:23:36.101] [HOST] INFO: [stats] RECV hand=1,2916870144 ok=1 str=6.4 dex=1.3 tough=11.6 stealth=1.3 athl=25.8 xp=0
[19:23:36.238] [HOST] INFO: [cell] MAP cells=1 slots=2 23,22=0
[19:23:36.343] [HOST] INFO: [seatres] HOST task=98 npc=12,2175537152 subj=2313,1803710976 ok=1 npcpos=-36684.7,-43786.9 subjpos=-36684.7,-43786.9 d=0.0
[19:23:36.403] [HOST] INFO: [seatres] HOST task=98 npc=10,3854736384 subj=2314,2146606464 ok=1 npcpos=-36667.3,-43815.0 subjpos=-36667.3,-43815.0 d=0.0
[19:23:36.658] [HOST] INFO: [ai] suspended=1 driven=1
[19:23:36.674] [HOST] INFO: [inv] APPLY hand=1,2,2989257728,1,2916870144 items=13
[19:23:37.472] [HOST] INFO: [seatres] HOST task=98 npc=10,3567627008 subj=3153,2395751936 ok=1 npcpos=-37490.4,-44194.6 subjpos=-37490.4,-44194.6 d=0.0
[19:23:37.472] [HOST] INFO: [seatres] HOST task=98 npc=11,2004272512 subj=3104,2665161216 ok=1 npcpos=-37467.0,-44219.9 subjpos=-37467.0,-44219.9 d=0.0
[19:23:37.472] [HOST] INFO: [seatres] HOST task=98 npc=15,1637817344 subj=3152,1348510720 ok=1 npcpos=-37506.1,-44218.9 subjpos=-37506.1,-44218.9 d=0.0
[19:23:37.528] [HOST] INFO: [furn] SEND ENTER id=26 occ=1,409667968 furn=3154,3659912192 kind=1
[19:23:37.861] [HOST] INFO: [sneak] APPLY hand=1,2916870144 on=0 ok=1
[19:23:37.924] [HOST] INFO: [cam] hint recv=-37324.6,656.3,-43400.2
[19:23:38.368] [HOST] INFO: [seatres] HOST task=221 npc=1,3961914112 subj=3069,2784301824 ok=1 npcpos=-37333.6,-44296.6 subjpos=-37333.6,-44296.6 d=0.0
[19:23:39.080] [HOST] INFO: [prod] SEND key=0.1432.11111.2656.3286010624 kind=0 class=4 pwr=1 state=2 out='' outAmt=-1.000 in0=-1.000 in1=-1.000 grown=-1.000 first=1 seq=24
[19:23:39.080] [HOST] INFO: [deed] AUDIT hand=0.1432.11111.612.3788940544 isPlayer=1 set=1 sale=0 shop=0 public=0 desig=9 resident=0/0 town=0/1 interior=1 internals=0 doors=1/1/0 furn=0/0/0 canUse=1 home=1/1/0 stuff=1 wallet=18729 squads=2/0/0 cur=0/0 base=1/0 owner='204-gamedata.base' name='Small Shack'
[19:23:39.200] [HOST] INFO: [interp] lerp=12299 extrap=72 clamp=0 seg=0 single=219 snapSq=431 snapNpc=0 reissueSq=233 reissueNpc=0 restFlip=0 delay=154 jit=23.4 starve=0 snapMid=0 restFlipMid=0 haltDrv=0
[19:23:39.200] [HOST] INFO: [interp] worstZero hand=1,2916870144 zero=694 active=3520 seg=75
[19:23:39.373] [HOST] INFO: [seatres] HOST task=98 npc=13,2070190464 subj=3046,2654663168 ok=1 npcpos=-37134.0,-44402.3 subjpos=-37134.0,-44402.3 d=0.0
[19:23:39.374] [HOST] INFO: [seatres] HOST task=98 npc=16,1648193408 subj=3075,1568725632 ok=1 npcpos=-37144.2,-44416.3 subjpos=-37144.2,-44416.3 d=0.0
[19:23:39.670] [HOST] INFO: [ai] suspended=1 driven=1
[19:23:40.083] [HOST] INFO: [event] SEND id=27 ev=1 hand=1,230,2668579072,1,1708740224 actor=0,0 bs 0->65
[19:23:40.083] [HOST] INFO: [furn] SEND ENTER id=28 occ=1,1708740224 furn=2427,2789428736 kind=2
[19:23:40.083] [HOST] INFO: [event] SEND id=29 ev=1 hand=1,47,830810560,1,612915008 actor=0,0 bs 0->65
[19:23:40.083] [HOST] INFO: [furn] SEND ENTER id=30 occ=1,612915008 furn=2375,2953491200 kind=2
[19:23:40.083] [HOST] INFO: [med] SEND hand=1,612915008 npc=1 blood=46.3 bleed=0.00 fl=100.0,37.9,55.0,100.0 bd=0.0,62.1,45.0,0.0 flags=1 nparts=7 pmin=24.4 smin=0.0 ls=0,0,0,0
[19:23:40.083] [HOST] INFO: [med] SEND hand=1,1708740224 npc=1 blood=52.2 bleed=0.00 fl=85.8,100.0,100.0,-29.5 bd=14.2,0.0,0.0,129.5 flags=1 nparts=7 pmin=61.1 smin=0.0 ls=0,0,0,0
[19:23:40.294] [HOST] INFO: [cam] center=-37128.7,684.9,-42111.0
[19:23:40.430] [HOST] INFO: [audit] exist near=15 wide=199 drv=0 cen=0 hid=0 ghost=0 supp=0 census=0 fresh=1 parks=0 nearCap=0 wideCap=0 staleMs=58929 edges=0 ghostMax=-1 ghostEdge=0 dorm=0 attnR=1000 dormPc=0 pcs=2 mine=199 skip=199 cells=1
[19:23:40.502] [HOST] INFO: [budget] pub avg=194us max=576us apply avg=42us max=351us frames=338 over2ms=0
[19:23:40.614] [HOST] INFO: [inv] resent 18 unchanged snapshot(s) in 61s
[19:23:40.880] [HOST] INFO: [census] recv n=0 culls=0
[19:23:40.991] [HOST] INFO: [net] [net] bandwidth out=28.4 KB/s in=3.1 KB/s (window 5s)
[19:23:41.056] [HOST] INFO: [stats] RECV hand=1,2916870144 ok=1 str=6.5 dex=1.3 tough=11.6 stealth=1.3 athl=25.8 xp=0
[19:23:41.223] [HOST] INFO: [med] SEND hand=1,612915008 npc=1 blood=46.4 bleed=0.00 fl=100.0,38.0,55.0,100.0 bd=0.0,62.0,45.0,0.0 flags=1 nparts=7 pmin=24.4 smin=0.0 ls=0,0,0,0
[19:23:41.240] [HOST] INFO: [cell] MAP cells=1 slots=2 23,22=0
[19:23:41.784] [HOST] INFO: [inv] APPLY hand=1,2,2989257728,1,2916870144 items=13
[19:23:42.103] [HOST] INFO: [census] sent n=199 radius=2000 mid=98 anchors=2 a0=loaded:17 a1=loaded:182 enum=199 notmine=0 proxyrow=0 attnR=1000
[19:23:42.158] [HOST] INFO: [stats] RECV hand=1,2916870144 ok=1 str=6.5 dex=1.3 tough=11.6 stealth=1.3 athl=25.8 xp=0
[19:23:42.229] [HOST] INFO: [med] SEND hand=1,612915008 npc=1 blood=46.4 bleed=0.00 fl=100.0,38.0,55.0,100.0 bd=0.0,62.0,45.0,0.0 flags=1 nparts=7 pmin=24.5 smin=0.0 ls=0,0,0,0
[19:23:42.673] [HOST] INFO: [ai] suspended=1 driven=1
[19:23:43.134] [HOST] INFO: [furn] SEND EXIT id=31 occ=1,612915008 furn=2375,2953491200 kind=2 (occupant left stream)
[19:23:43.585] [HOST] INFO: [furn] SEND ENTER id=32 occ=1,612915008 furn=2375,2953491200 kind=2
[19:23:43.834] [HOST] INFO: [med] SEND hand=1,612915008 npc=1 blood=46.5 bleed=0.00 fl=100.0,38.1,55.1,100.0 bd=0.0,61.9,44.9,0.0 flags=1 nparts=7 pmin=24.5 smin=0.0 ls=0,0,0,0
[19:23:43.896] [HOST] INFO: [inv] APPLY hand=0,1432,11111,2903,936401344 items=0
[19:23:43.896] [HOST] INFO: [inv] APPLY hand=0,1432,11111,2906,3057983488 items=0
[19:23:43.896] [HOST] INFO: [cam] hint recv=-37475.7,660.9,-43010.7
[19:23:44.097] [HOST] INFO: [deed] AUDIT hand=0.1432.11111.612.3788940544 isPlayer=1 set=1 sale=0 shop=0 public=0 desig=9 resident=0/0 town=0/1 interior=1 internals=0 doors=1/1/0 furn=0/0/0 canUse=1 home=1/1/0 stuff=1 wallet=18729 squads=2/0/0 cur=0/0 base=1/0 owner='204-gamedata.base' name='Small Shack'
[19:23:44.207] [HOST] INFO: [interp] lerp=12676 extrap=75 clamp=0 seg=0 single=219 snapSq=431 snapNpc=0 reissueSq=263 reissueNpc=0 restFlip=0 delay=130 jit=18.2 starve=0 snapMid=0 restFlipMid=0 haltDrv=0
[19:23:44.207] [HOST] INFO: [interp] worstZero hand=1,2916870144 zero=694 active=3900 seg=102
[19:23:44.405] [HOST] INFO: [stats] SEND hand=1,1709716736 str=9.0 dex=5.6 tough=11.4 stealth=1.2 athl=19.0 xp=0 fap=0
[19:23:44.842] [HOST] INFO: [med] SEND hand=1,612915008 npc=1 blood=46.5 bleed=0.00 fl=100.0,38.1,55.1,100.0 bd=0.0,61.9,44.9,0.0 flags=1 nparts=7 pmin=24.5 smin=0.0 ls=0,0,0,0
[19:23:44.909] [HOST] INFO: [inv] APPLY hand=0,1432,11111,2909,1970703104 items=0
[19:23:45.282] [HOST] INFO: [cam] center=-37073.3,685.0,-42093.2
[19:23:45.453] [HOST] INFO: [audit] exist near=24 wide=199 drv=0 cen=0 hid=0 ghost=0 supp=0 census=0 fresh=1 parks=0 nearCap=0 wideCap=0 staleMs=58929 edges=0 ghostMax=-1 ghostEdge=0 dorm=0 attnR=1000 dormPc=0 pcs=2 mine=199 skip=199 cells=1
[19:23:45.506] [HOST] INFO: [budget] pub avg=185us max=457us apply avg=39us max=245us frames=408 over2ms=0
[19:23:45.682] [HOST] INFO: [ai] suspended=1 driven=1
[19:23:46.051] [HOST] INFO: [net] [net] bandwidth out=27.2 KB/s in=3.4 KB/s (window 5s)
[19:23:46.242] [HOST] INFO: [cell] MAP cells=1 slots=2 23,22=0
[19:23:46.290] [HOST] INFO: [med] SEND hand=1,612915008 npc=1 blood=46.6 bleed=0.00 fl=100.0,38.1,55.1,100.0 bd=0.0,61.9,44.9,0.0 flags=1 nparts=7 pmin=24.6 smin=0.0 ls=0,0,0,0
[19:23:46.584] [HOST] INFO: [furn] SEND EXIT id=33 occ=1,1708740224 furn=2427,2789428736 kind=2 (occupant left stream)
[19:23:46.639] [HOST] INFO: [furn] SEND EXIT id=34 occ=1,612915008 furn=2375,2953491200 kind=2 (occupant left stream)
[19:23:46.684] [HOST] INFO: [inv] APPLY hand=1,2,2989257728,1,2916870144 items=13
[19:23:46.735] [HOST] INFO: [stats] SEND hand=1,1709716736 str=9.0 dex=5.6 tough=11.4 stealth=1.2 athl=19.0 xp=0 fap=0
[19:23:47.067] [HOST] INFO: [stats] RECV hand=1,2916870144 ok=1 str=6.5 dex=1.3 tough=11.6 stealth=1.3 athl=25.8 xp=0
[19:23:47.300] [HOST] INFO: [med] SEND hand=1,612915008 npc=1 blood=46.6 bleed=0.00 fl=100.0,38.1,55.2,100.0 bd=0.0,61.9,44.8,0.0 flags=1 nparts=7 pmin=24.6 smin=0.0 ls=0,0,0,0
[19:23:47.417] [HOST] INFO: [med] SEND hand=1,1708740224 npc=1 blood=52.5 bleed=0.00 fl=86.0,100.0,100.0,-29.3 bd=14.0,0.0,0.0,129.3 flags=1 nparts=7 pmin=61.3 smin=0.0 ls=0,0,0,0
[19:23:48.303] [HOST] INFO: [med] SEND hand=1,612915008 npc=1 blood=46.7 bleed=0.00 fl=100.0,38.2,55.2,100.0 bd=0.0,61.8,44.8,0.0 flags=1 nparts=7 pmin=24.6 smin=0.0 ls=0,0,0,0
[19:23:48.420] [HOST] INFO: [med] SEND hand=1,1708740224 npc=1 blood=52.5 bleed=0.00 fl=86.0,100.0,100.0,-29.3 bd=14.0,0.0,0.0,129.3 flags=1 nparts=7 pmin=61.3 smin=0.0 ls=0,0,0,0
[19:23:48.693] [HOST] INFO: [ai] suspended=1 driven=1
[19:23:49.010] [HOST] INFO: [inv] APPLY hand=0,1432,11111,2903,936401344 items=0
[19:23:49.010] [HOST] INFO: [inv] APPLY hand=0,1432,11111,2905,3309448192 items=0
[19:23:49.010] [HOST] INFO: [inv] APPLY hand=0,1432,11111,2906,3057983488 items=0
[19:23:49.010] [HOST] INFO: [cam] hint recv=-37931.4,670.4,-43087.7
[19:23:49.124] [HOST] INFO: [deed] AUDIT hand=0.1432.11111.612.3788940544 isPlayer=1 set=1 sale=0 shop=0 public=0 desig=9 resident=0/0 town=0/1 interior=1 internals=0 doors=1/1/0 furn=0/0/0 canUse=1 home=1/1/0 stuff=1 wallet=18729 squads=2/0/0 cur=0/0 base=1/0 owner='204-gamedata.base' name='Small Shack'
[19:23:49.215] [HOST] INFO: [interp] lerp=13130 extrap=78 clamp=0 seg=0 single=225 snapSq=431 snapNpc=0 reissueSq=277 reissueNpc=0 restFlip=0 delay=130 jit=20.5 starve=0 snapMid=0 restFlipMid=0 haltDrv=0
[19:23:49.215] [HOST] INFO: [interp] worstZero hand=1,2916870144 zero=695 active=4111 seg=53
[19:23:49.961] [HOST] INFO: [inv] APPLY hand=0,1432,11111,2904,2251586816 items=0
[19:23:50.284] [HOST] INFO: [cam] center=-36993.6,678.2,-41918.2
[19:23:50.516] [HOST] INFO: [audit] exist near=13 wide=199 drv=0 cen=0 hid=0 ghost=0 supp=0 census=0 fresh=1 parks=0 nearCap=0 wideCap=0 staleMs=58929 edges=0 ghostMax=-1 ghostEdge=0 dorm=0 attnR=1000 dormPc=0 pcs=2 mine=199 skip=199 cells=1
[19:23:50.516] [HOST] INFO: [budget] pub avg=190us max=488us apply avg=44us max=274us frames=457 over2ms=0
[19:23:50.837] [HOST] INFO: [med] SEND hand=1,1708740224 npc=1 blood=52.6 bleed=0.00 fl=86.1,100.0,100.0,-29.2 bd=13.9,0.0,0.0,129.2 flags=1 nparts=7 pmin=61.4 smin=0.0 ls=0,0,0,0
[19:23:50.981] [HOST] INFO: [census] recv n=0 culls=0
[19:23:50.996] [HOST] INFO: [inv] APPLY hand=0,1432,11111,2909,1970703104 items=0
[19:23:51.080] [HOST] INFO: [net] [net] bandwidth out=40.9 KB/s in=3.2 KB/s (window 5s)
[19:23:51.244] [HOST] INFO: [cell] MAP cells=1 slots=2 23,22=0
[19:23:51.351] [HOST] INFO: [inv] APPLY hand=0,1432,11111,3300,1302124032 items=0
[19:23:51.491] [HOST] INFO: [inv] SEND hand=0,1432,11111,3300,1302124032 kind=0 key=0,1432,11111,3300,1302124032 items=0 hash=0
[19:23:51.684] [HOST] INFO: [inv] APPLY hand=1,2,2989257728,1,2916870144 items=13
[19:23:51.698] [HOST] INFO: [ai] suspended=1 driven=1
[19:23:51.839] [HOST] INFO: [med] SEND hand=1,1708740224 npc=1 blood=52.7 bleed=0.00 fl=86.1,100.0,100.0,-29.2 bd=13.9,0.0,0.0,129.2 flags=1 nparts=7 pmin=61.4 smin=0.0 ls=0,0,0,0
[19:23:52.081] [HOST] INFO: [stats] RECV hand=1,2916870144 ok=1 str=6.5 dex=1.3 tough=11.6 stealth=1.3 athl=25.8 xp=0
[19:23:52.134] [HOST] INFO: [prod] SEND key=0.1432.11111.3299.3519287040 kind=0 class=4 pwr=1 state=2 out='42311-changes_otto.mod' outAmt=0.000 in0=0.000 in1=0.000 grown=-1.000 first=1 seq=27
[19:23:52.135] [HOST] INFO: [prod] SEND key=0.1432.11111.3296.487182624 kind=0 class=6 pwr=1 state=3 out='43955-rebirth.mod' outAmt=-1.000 in0=0.000 in1=0.000 grown=-1.000 first=1 seq=28
[19:23:52.165] [HOST] INFO: [census] sent n=200 radius=2000 mid=83 anchors=4 a0=loaded:12 a1=loaded:172 a2=loaded:5 a3=loaded:11 enum=200 notmine=0 proxyrow=0 attnR=1000
[19:23:52.297] [HOST] INFO: [inv] APPLY hand=0,1432,11111,3299,3519287040 items=0
[19:23:52.297] [HOST] INFO: [inv] APPLY hand=0,1432,11111,3414,1126586880 items=0
[19:23:52.490] [HOST] INFO: [inv] SEND hand=0,1432,11111,3296,487182624 kind=0 key=0,1432,11111,3296,487182624 items=0 hash=0
[19:23:52.490] [HOST] INFO: [inv] SEND hand=0,1432,11111,3299,3519287040 kind=0 key=0,1432,11111,3299,3519287040 items=0 hash=0
[19:23:52.490] [HOST] INFO: [inv] SEND hand=0,1432,11111,3414,1126586880 kind=0 key=0,1432,11111,3414,1126586880 items=0 hash=0
[19:23:54.146] [HOST] INFO: [deed] AUDIT hand=0.1432.11111.612.3788940544 isPlayer=1 set=1 sale=0 shop=0 public=0 desig=9 resident=0/0 town=0/1 interior=1 internals=0 doors=1/1/0 furn=0/0/0 canUse=1 home=1/1/0 stuff=1 wallet=18729 squads=2/0/0 cur=0/0 base=1/0 owner='204-gamedata.base' name='Small Shack'
[19:23:54.220] [HOST] INFO: [interp] lerp=13488 extrap=90 clamp=0 seg=0 single=225 snapSq=431 snapNpc=0 reissueSq=300 reissueNpc=0 restFlip=0 delay=200 jit=41.5 starve=0 snapMid=0 restFlipMid=0 haltDrv=0
[19:23:54.220] [HOST] INFO: [interp] worstZero hand=1,2916870144 zero=695 active=4481 seg=93
[19:23:54.699] [HOST] INFO: [ai] suspended=1 driven=1
[19:23:54.983] [HOST] INFO: [cam] hint recv=-38061.5,688.8,-43707.5
[19:23:55.288] [HOST] INFO: [cam] center=-36992.2,695.4,-42632.9
[19:23:55.523] [HOST] INFO: [audit] exist near=24 wide=194 drv=0 cen=0 hid=0 ghost=0 supp=0 census=0 fresh=1 parks=0 nearCap=0 wideCap=0 staleMs=58929 edges=0 ghostMax=-1 ghostEdge=0 dorm=0 attnR=1000 dormPc=0 pcs=2 mine=194 skip=194 cells=1
[19:23:55.523] [HOST] INFO: [budget] pub avg=203us max=519us apply avg=44us max=226us frames=330 over2ms=0
[19:23:55.930] [HOST] INFO: [inv] APPLY hand=0,1432,11111,2909,1970703104 items=0
[19:23:56.096] [HOST] INFO: [net] [net] bandwidth out=35.2 KB/s in=3.3 KB/s (window 5s)
[19:23:56.252] [HOST] INFO: [cell] MAP cells=1 slots=2 23,22=0
[19:23:56.395] [HOST] INFO: [med] SEND hand=1,1709716736 npc=0 blood=81.8 bleed=0.00 fl=100.0,100.0,100.0,100.0 bd=0.0,0.0,0.0,0.0 flags=0 nparts=7 pmin=50.5 smin=0.0 ls=0,0,0,0
[19:23:56.726] [HOST] INFO: [inv] APPLY hand=1,2,2989257728,1,2916870144 items=13
[19:23:57.114] [HOST] INFO: [stats] RECV hand=1,2916870144 ok=1 str=6.5 dex=1.3 tough=11.6 stealth=1.3 athl=25.8 xp=0
[19:23:57.707] [HOST] INFO: [ai] suspended=1 driven=1
[19:23:58.326] [HOST] INFO: [inv] APPLY hand=0,1432,11111,3390,1765991168 items=0
[19:23:58.515] [HOST] INFO: [inv] SEND hand=0,1432,11111,3390,1765991168 kind=0 key=0,1432,11111,3390,1765991168 items=0 hash=0
[19:23:59.087] [HOST] INFO: [stats] SEND hand=1,1709716736 str=9.0 dex=5.6 tough=11.4 stealth=1.3 athl=19.1 xp=0 fap=0
[19:23:59.178] [HOST] INFO: [deed] AUDIT hand=0.1432.11111.612.3788940544 isPlayer=1 set=1 sale=0 shop=0 public=0 desig=9 resident=0/0 town=0/1 interior=1 internals=0 doors=1/1/0 furn=0/0/0 canUse=1 home=1/1/0 stuff=1 wallet=18729 squads=2/0/0 cur=0/0 base=1/0 owner='204-gamedata.base' name='Small Shack'
[19:23:59.227] [HOST] INFO: [interp] lerp=13857 extrap=91 clamp=0 seg=0 single=225 snapSq=431 snapNpc=0 reissueSq=328 reissueNpc=0 restFlip=0 delay=164 jit=19.4 starve=0 snapMid=0 restFlipMid=0 haltDrv=0
[19:23:59.227] [HOST] INFO: [interp] worstZero hand=1,2916870144 zero=695 active=4851 seg=63
[19:24:00.017] [HOST] INFO: [inv] APPLY hand=0,1432,11111,3299,3519287040 items=0
[19:24:00.017] [HOST] INFO: [cam] hint recv=-38065.0,674.3,-43230.4
[19:24:00.274] [HOST] INFO: [door] rollup sent=0 (resend=0) recv=0 applied=0 nohand=0 converged=0 over=30s
[19:24:00.289] [HOST] INFO: [cam] center=-36207.9,700.0,-41262.1
[19:24:00.398] [HOST] INFO: [med] SEND hand=1,1709716736 npc=0 blood=81.8 bleed=0.00 fl=100.0,100.0,100.0,100.0 bd=0.0,0.0,0.0,0.0 flags=0 nparts=7 pmin=50.6 smin=0.0 ls=0,0,0,0
[19:24:00.523] [HOST] INFO: [budget] pub avg=173us max=465us apply avg=37us max=208us frames=409 over2ms=0
[19:24:00.550] [HOST] INFO: [audit] exist near=4 wide=166 drv=0 cen=0 hid=0 ghost=0 supp=0 census=0 fresh=1 parks=0 nearCap=0 wideCap=0 staleMs=58929 edges=0 ghostMax=-1 ghostEdge=0 dorm=0 attnR=1000 dormPc=0 pcs=2 mine=166 skip=166 cells=1
[19:24:00.712] [HOST] INFO: [ai] suspended=1 driven=1
[19:24:01.110] [HOST] INFO: [net] [net] bandwidth out=24.1 KB/s in=3.3 KB/s (window 5s)
[19:24:01.154] [HOST] INFO: [census] recv n=0 culls=0
[19:24:01.261] [HOST] INFO: [cell] MAP cells=1 slots=2 23,22=0
[19:24:01.700] [HOST] INFO: [inv] APPLY hand=1,2,2989257728,1,2916870144 items=13
[19:24:02.031] [HOST] INFO: [inv] APPLY hand=0,1432,11111,3300,1302124032 items=0
[19:24:02.195] [HOST] INFO: [stats] RECV hand=1,2916870144 ok=1 str=6.5 dex=1.3 tough=11.6 stealth=1.3 athl=25.9 xp=0
[19:24:02.195] [HOST] INFO: [prod] SEND key=0.1432.11111.3295.1215087872 kind=0 class=4 pwr=1 state=0 out='1946-gamedata.base' outAmt=0.000 in0=0.000 in1=0.000 grown=-1.000 first=1 seq=30
[19:24:02.197] [HOST] INFO: [snap] squad hand=1,2916870144 name='Rock' gap=64.5 gate=59.2 srcVel=68.0 cSpeed=50.7 mult=1.00 slew=1.00 dest=1 skipped=0
[19:24:02.256] [HOST] INFO: [census] sent n=202 radius=2000 mid=75 anchors=4 a0=loaded:29 a1=loaded:93 a2=loaded:3 a3=loaded:77 enum=202 notmine=0 proxyrow=0 attnR=1000
[19:24:02.404] [HOST] INFO: [inv] APPLY hand=0,1432,11111,3295,1215087872 items=0
[19:24:02.552] [HOST] INFO: [inv] SEND hand=0,1432,11111,3295,1215087872 kind=0 key=0,1432,11111,3295,1215087872 items=0 hash=0
[19:24:03.717] [HOST] INFO: [ai] suspended=1 driven=1
[19:24:04.209] [HOST] INFO: [deed] AUDIT hand=0.1432.11111.612.3788940544 isPlayer=1 set=1 sale=0 shop=0 public=0 desig=9 resident=0/0 town=0/1 interior=1 internals=0 doors=1/1/0 furn=0/0/0 canUse=1 home=1/1/0 stuff=1 wallet=18729 squads=2/0/0 cur=0/0 base=1/0 owner='204-gamedata.base' name='Small Shack'
[19:24:04.222] [HOST] INFO: [dlg] RECV 'Welcome new customer!'
[19:24:04.237] [HOST] INFO: [interp] lerp=14183 extrap=95 clamp=0 seg=0 single=225 snapSq=432 snapNpc=0 reissueSq=352 reissueNpc=0 restFlip=0 delay=162 jit=26.4 starve=0 snapMid=0 restFlipMid=0 haltDrv=0
[19:24:04.237] [HOST] INFO: [interp] worstZero hand=1,2916870144 zero=698 active=5098 seg=49
[19:24:04.375] [HOST] INFO: [inv] APPLY hand=0,1432,11111,3310,2639282176 items=0
[19:24:04.572] [HOST] INFO: [inv] SEND hand=0,1432,11111,3310,2639282176 kind=0 key=0,1432,11111,3310,2639282176 items=0 hash=0
[19:24:05.048] [HOST] INFO: [cam] hint recv=-38028.9,728.8,-43001.2
[19:24:05.289] [HOST] INFO: [cam] center=-36015.7,620.4,-41303.6
[19:24:05.526] [HOST] INFO: [budget] pub avg=173us max=410us apply avg=41us max=231us frames=306 over2ms=0
[19:24:05.556] [HOST] INFO: [audit] exist near=1 wide=162 drv=0 cen=0 hid=0 ghost=0 supp=0 census=0 fresh=1 parks=0 nearCap=0 wideCap=0 staleMs=58929 edges=0 ghostMax=-1 ghostEdge=0 dorm=0 attnR=1000 dormPc=0 pcs=2 mine=162 skip=162 cells=1
[19:24:06.157] [HOST] INFO: [net] [net] bandwidth out=16.3 KB/s in=3.3 KB/s (window 5s)
[19:24:06.269] [HOST] INFO: [cell] MAP cells=1 slots=2 23,22=0
[19:24:06.284] [HOST] INFO: [furn] SEND EXIT id=35 occ=1,409667968 furn=3154,3659912192 kind=1 (occupant left stream)
[19:24:06.700] [HOST] INFO: [inv] APPLY hand=1,2,2989257728,1,2916870144 items=13
[19:24:06.725] [HOST] INFO: [ai] suspended=1 driven=1
[19:24:07.036] [HOST] INFO: [dlg] SEND 'Welcome customer!'
[19:24:07.057] [HOST] INFO: [inv] APPLY hand=0,1432,11111,3300,1302124032 items=0
[19:24:07.109] [HOST] INFO: [stats] RECV hand=1,2916870144 ok=1 str=6.5 dex=1.3 tough=11.6 stealth=1.3 athl=25.9 xp=0
[19:24:07.350] [HOST] INFO: [inv] APPLY hand=0,1432,11111,3295,1215087872 items=0
[19:24:08.043] [HOST] INFO: [inv] APPLY hand=0,1432,11111,3299,3519287040 items=0
[19:24:08.240] [HOST] INFO: [prod] SEND key=0.1432.11111.3294.2390747136 kind=0 class=4 pwr=1 state=0 out='1946-gamedata.base' outAmt=0.000 in0=0.000 in1=0.000 grown=-1.000 first=1 seq=32
[19:24:08.298] [HOST] INFO: [cell] CLAIM rank=0 cell=24,22 seq=45 dwell=3 pos=-36809,-41881
[19:24:08.298] [HOST] INFO: [cell] MAP cells=2 slots=2 23,22=1 24,22=0
[19:24:08.390] [HOST] INFO: [inv] APPLY hand=0,1432,11111,3294,2390747136 items=0
[19:24:08.390] [HOST] INFO: [inv] APPLY hand=0,1432,11111,3296,487182624 items=0
[19:24:08.590] [HOST] INFO: [inv] SEND hand=0,1432,11111,3294,2390747136 kind=0 key=0,1432,11111,3294,2390747136 items=0 hash=0
[19:24:08.869] [HOST] INFO: [speed] REQ RECV owner=1 mult=0.00 paused=1 combat=0
[19:24:08.869] [HOST] INFO: [speed] SET mult=0.00 paused=1 combat=0 (my=1.00 peer=0.00)
[19:24:09.088] [HOST] INFO: [life] hand=1,33,3971313408,1,3732910080 from=UNKNOWN to=HI reason=drive
[19:24:09.088] [HOST] INFO: [pose] rest re-arm task 65535 -> 87
[19:24:09.088] [HOST] INFO: [pose] applyOrder hand=1,3732910080 task=87 subj=2935,2406860288,0 wire=2935,2406860288 det=1 r=2 try=0
[19:24:09.088] [HOST] INFO: [gate] hand=1,3646484480 host=1 local=51  agree=1/2 (50%)
[19:24:09.088] [HOST] INFO: [life] hand=1,59,1456176768,1,3646484480 from=UNKNOWN to=HI reason=drive
[19:24:09.088] [HOST] INFO: [life] hand=1,59,1456176768,2,3321777408 from=UNKNOWN to=HI reason=drive
[19:24:09.088] [HOST] INFO: [life] hand=1,59,1456176768,4,3854003968 from=UNKNOWN to=HI reason=drive
[19:24:09.104] [HOST] INFO: [life] hand=1,75,3826782208,1,1112426752 from=UNKNOWN to=DISCOVERED reason=census-miss
[19:24:09.104] [HOST] INFO: [spawn] census-missing hand=1,75,3826782208,1,1112426752 (no local body)
[19:24:09.104] [HOST] INFO: [life] hand=1,88,3486572288,1,675903296 from=UNKNOWN to=DISCOVERED reason=census-miss
[19:24:09.104] [HOST] INFO: [spawn] census-missing hand=1,88,3486572288,1,675903296 (no local body)
[19:24:09.104] [HOST] INFO: [life] hand=1,162,3308105472,1,2351806720 from=UNKNOWN to=DISCOVERED reason=census-miss
[19:24:09.104] [HOST] INFO: [spawn] census-missing hand=1,162,3308105472,1,2351806720 (no local body)
[19:24:09.104] [HOST] INFO: [life] hand=1,171,372680672,1,3734619136 from=UNKNOWN to=DISCOVERED reason=census-miss
[19:24:09.104] [HOST] INFO: [spawn] census-missing hand=1,171,372680672,1,3734619136 (no local body)
[19:24:09.104] [HOST] INFO: [life] hand=1,172,1474731392,1,3861083904 from=UNKNOWN to=DISCOVERED reason=census-miss
[19:24:09.104] [HOST] INFO: [spawn] census-missing hand=1,172,1474731392,1,3861083904 (no local body)
[19:24:09.104] [HOST] INFO: [life] hand=1,173,91186520,1,2586914048 from=UNKNOWN to=DISCOVERED reason=census-miss
[19:24:09.104] [HOST] INFO: [spawn] census-missing hand=1,173,91186520,1,2586914048 (no local body)
[19:24:09.104] [HOST] INFO: [life] hand=1,174,2041259776,1,88134768 from=UNKNOWN to=DISCOVERED reason=census-miss
[19:24:09.104] [HOST] INFO: [spawn] census-missing hand=1,174,2041259776,1,88134768 (no local body)
[19:24:09.104] [HOST] INFO: [life] hand=1,181,3623535104,1,2385498112 from=UNKNOWN to=DISCOVERED reason=census-miss
[19:24:09.104] [HOST] INFO: [spawn] census-missing hand=1,181,3623535104,1,2385498112 (no local body)
[19:24:09.104] [HOST] INFO: [life] hand=1,182,3010375936,1,2021118208 from=UNKNOWN to=DISCOVERED reason=census-miss
[19:24:09.104] [HOST] INFO: [spawn] census-missing hand=1,182,3010375936,1,2021118208 (no local body)
[19:24:09.104] [HOST] INFO: [spawn] REQ hand=1,75,3826782208,1,1112426752 send=1
[19:24:09.104] [HOST] INFO: [spawn] REQ hand=1,88,3486572288,1,675903296 send=1
[19:24:09.104] [HOST] INFO: [spawn] REQ hand=1,162,3308105472,1,2351806720 send=1
[19:24:09.104] [HOST] INFO: [spawn] REQ hand=1,171,372680672,1,3734619136 send=1
[19:24:09.104] [HOST] INFO: [spawn] REQ hand=1,172,1474731392,1,3861083904 send=1
[19:24:09.104] [HOST] INFO: [spawn] REQ hand=1,173,91186520,1,2586914048 send=1
[19:24:09.104] [HOST] INFO: [spawn] REQ hand=1,174,2041259776,1,88134768 send=1
[19:24:09.104] [HOST] INFO: [spawn] REQ hand=1,181,3623535104,1,2385498112 send=1
[19:24:09.104] [HOST] INFO: [spawn] REQ hand=1,182,3010375936,1,2021118208 send=1
[19:24:09.144] [HOST] INFO: [life] hand=1,163,501464832,1,2058349568 from=PARKED to=HI reason=drive
[19:24:09.232] [HOST] INFO: [life] hand=1,46,448486336,4,3323974656 from=PARKED to=HI reason=drive
[19:24:09.232] [HOST] INFO: [life] hand=1,62,3429443328,1,1743164032 from=PARKED to=HI reason=drive
[19:24:09.232] [HOST] INFO: [life] hand=1,125,2941772544,8,2475341824 from=PARKED to=HI reason=drive
[19:24:09.248] [HOST] INFO: [deed] AUDIT hand=0.1432.11111.612.3788940544 isPlayer=1 set=1 sale=0 shop=0 public=0 desig=9 resident=0/0 town=0/1 interior=1 internals=0 doors=1/1/0 furn=0/0/0 canUse=1 home=1/1/0 stuff=1 wallet=18729 squads=2/0/0 cur=0/0 base=1/0 owner='204-gamedata.base' name='Small Shack'
[19:24:09.250] [HOST] INFO: [interp] lerp=14473 extrap=97 clamp=0 seg=0 single=270 snapSq=432 snapNpc=0 reissueSq=380 reissueNpc=0 restFlip=0 delay=141 jit=18.8 starve=0 snapMid=0 restFlipMid=0 haltDrv=0
[19:24:09.250] [HOST] INFO: [interp] worstZero hand=1,2916870144 zero=720 active=5329 seg=86
[19:24:09.269] [HOST] INFO: [life] hand=1,67,3061035264,6,1648925824 from=PARKED to=HI reason=drive
[19:24:09.270] [HOST] INFO: [life] hand=1,248,2116088832,1,3540405248 from=PARKED to=HI reason=drive
[19:24:09.270] [HOST] INFO: [life] hand=1,282,1680297856,1,2393921024 from=PARKED to=HI reason=drive
[19:24:09.358] [HOST] INFO: [spawn] INFO deferred (far) hand=1,75,3826782208,1,1112426752 dist=1199 mint=600 cen=1
[19:24:09.358] [HOST] INFO: [spawn] INFO deferred (far) hand=1,88,3486572288,1,675903296 dist=1220 mint=600 cen=1
[19:24:09.358] [HOST] INFO: [spawn] INFO deferred (dupe) hand=1,162,3308105472,1,2351806720 sid='4999487-DialoguePlus.mod' twin within 20u cen=1 force=0
[19:24:09.358] [HOST] INFO: [spawn] INFO deferred (dupe) hand=1,171,372680672,1,3734619136 sid='4999487-DialoguePlus.mod' twin within 20u cen=1 force=0
[19:24:09.358] [HOST] INFO: [spawn] INFO deferred (far) hand=1,172,1474731392,1,3861083904 dist=1253 mint=600 cen=1
[19:24:09.358] [HOST] INFO: [spawn] INFO deferred (far) hand=1,173,91186520,1,2586914048 dist=1421 mint=600 cen=1
[19:24:09.358] [HOST] INFO: [spawn] INFO deferred (far) hand=1,174,2041259776,1,88134768 dist=1287 mint=600 cen=1
[19:24:09.358] [HOST] INFO: [spawn] INFO deferred (far) hand=1,181,3623535104,1,2385498112 dist=1620 mint=600 cen=1
[19:24:09.358] [HOST] INFO: [spawn] INFO deferred (far) hand=1,182,3010375936,1,2021118208 dist=1625 mint=600 cen=1
[19:24:09.360] [HOST] INFO: [life] hand=1,62,3429443328,3,1160766592 from=PARKED to=HI reason=drive
[19:24:09.360] [HOST] INFO: [life] hand=1,256,701782208,1,3642333952 from=PARKED to=HI reason=drive
[19:24:09.414] [HOST] INFO: [life] hand=1,59,1456176768,1,3646484480 from=HI to=PARKED reason=mid-rest
[19:24:09.415] [HOST] INFO: [life] hand=1,161,1021118144,1,1371948288 from=PARKED to=HI reason=drive
[19:24:09.415] [HOST] INFO: [life] hand=1,38,3124999936,1,1815795840 from=UNKNOWN to=CULLED reason=cull-wide
[19:24:09.415] [HOST] INFO: [census] cull NPC hand=1,1815795840 name='Splinter' pos=-37724,703,-43174 (census=86 wide=163 supp=1 culls=1)
[19:24:09.415] [HOST] INFO: [life] hand=1,38,3124999936,2,136230464 from=UNKNOWN to=CULLED reason=cull-wide
[19:24:09.415] [HOST] INFO: [census] cull NPC hand=2,136230464 name='Pilsmont' pos=-37713,703,-43153 (census=86 wide=163 supp=2 culls=2)
[19:24:09.484] [HOST] INFO: [life] hand=1,59,1456176768,1,3646484480 from=PARKED to=MID reason=drive
[19:24:09.484] [HOST] INFO: [life] hand=1,59,1456176768,4,3854003968 from=HI to=PARKED reason=mid-rest
[19:24:09.484] [HOST] INFO: [life] hand=1,65,1534057600,2,701782208 from=PARKED to=HI reason=drive
[19:24:09.484] [HOST] INFO: [pose] rest re-arm task 65535 -> 221
[19:24:09.484] [HOST] INFO: [pose] applyOrder hand=2,701782208 task=221 subj=3035,422119136,0 wire=3035,422119136 det=1 r=2 try=0
[19:24:09.484] [HOST] INFO: [life] hand=1,69,2718139648,1,3228881920 from=PARKED to=HI reason=drive
[19:24:09.518] [HOST] INFO: [census] park hand=4,3854003968 name='Holy Sentinel' d=136 local=-37810,822,-43406 host=-37826,777,-43533 (parks=1)
[19:24:09.518] [HOST] INFO: [census] FREEZE hand=4,3854003968 name='Holy Sentinel' d=136 (frozen=1)
[19:24:09.574] [HOST] INFO: [life] hand=1,59,1456176768,2,3321777408 from=HI to=PARKED reason=mid-rest
[19:24:09.574] [HOST] INFO: [life] hand=1,59,1456176768,4,3854003968 from=PARKED to=MID reason=drive
[19:24:09.574] [HOST] INFO: [life] hand=1,59,1456176768,5,1168823296 from=PARKED to=HI reason=drive
[19:24:09.732] [HOST] INFO: [ai] suspended=17 driven=18
[19:24:09.751] [HOST] INFO: [life] hand=1,59,1456176768,2,3321777408 from=PARKED to=MID reason=drive
[19:24:09.751] [HOST] INFO: [life] hand=1,59,1456176768,6,1799316352 from=PARKED to=HI reason=drive
[19:24:09.751] [HOST] INFO: [life] hand=1,62,3429443328,1,1743164032 from=HI to=PARKED reason=mid-rest
[19:24:09.751] [HOST] INFO: [life] hand=1,125,2941772544,8,2475341824 from=HI to=PARKED reason=mid-rest
[19:24:09.805] [HOST] INFO: [life] hand=1,62,3429443328,1,1743164032 from=PARKED to=MID reason=drive
[19:24:09.805] [HOST] INFO: [life] hand=1,62,3429443328,3,1160766592 from=HI to=PARKED reason=mid-rest
[19:24:09.805] [HOST] INFO: [life] hand=1,67,3061035264,6,1648925824 from=HI to=PARKED reason=mid-rest
[19:24:09.805] [HOST] INFO: [life] hand=1,102,638305664,1,306640640 from=PARKED to=HI reason=drive
[19:24:09.805] [HOST] INFO: [life] hand=1,125,2941772544,8,2475341824 from=PARKED to=MID reason=drive
[19:24:09.805] [HOST] INFO: [life] hand=1,282,1680297856,1,2393921024 from=HI to=PARKED reason=mid-rest
[19:24:09.859] [HOST] INFO: [life] hand=1,62,3429443328,3,1160766592 from=PARKED to=MID reason=drive
[19:24:09.859] [HOST] INFO: [life] hand=1,67,3061035264,6,1648925824 from=PARKED to=MID reason=drive
[19:24:09.859] [HOST] INFO: [life] hand=1,136,2408325120,1,3909423872 from=PARKED to=HI reason=drive
[19:24:09.859] [HOST] INFO: [life] hand=1,282,1680297856,1,2393921024 from=PARKED to=MID reason=drive
[19:24:09.986] [HOST] INFO: [life] hand=1,59,1456176768,1,3646484480 from=MID to=PARKED reason=mid-rest
[19:24:09.986] [HOST] INFO: [life] hand=1,59,1456176768,4,3854003968 from=MID to=PARKED reason=mid-rest
[19:24:09.986] [HOST] INFO: [life] hand=1,133,2849853440,1,1151123072 from=PARKED to=HI reason=drive
[19:24:10.057] [HOST] INFO: [census] FREEZE hand=4,3854003968 name='Holy Sentinel' d=136 (frozen=1)
[19:24:10.117] [HOST] INFO: [life] hand=1,59,1456176768,1,3646484480 from=PARKED to=MID reason=drive
[19:24:10.117] [HOST] INFO: [life] hand=1,59,1456176768,2,3321777408 from=MID to=PARKED reason=mid-rest
[19:24:10.117] [HOST] INFO: [life] hand=1,59,1456176768,3,3159667968 from=PARKED to=HI reason=drive
[19:24:10.117] [HOST] INFO: [life] hand=1,59,1456176768,4,3854003968 from=PARKED to=MID reason=drive
[19:24:10.117] [HOST] INFO: [cam] hint recv=-38095.5,739.1,-43100.8
[19:24:10.213] [HOST] INFO: [life] hand=1,59,1456176768,2,3321777408 from=PARKED to=MID reason=drive
[19:24:10.213] [HOST] INFO: [life] hand=1,105,1281250048,1,3167236352 from=PARKED to=HI reason=drive
[19:24:10.213] [HOST] INFO: [life] hand=1,125,2941772544,8,2475341824 from=MID to=PARKED reason=mid-rest
[19:24:10.264] [HOST] INFO: [event] RECV id=1 ev=2 owner=1 hand=1,140,1534545920,1,756347648 actor=0,0
[19:24:10.294] [HOST] INFO: [life] hand=1,62,3429443328,1,1743164032 from=MID to=PARKED reason=mid-rest
[19:24:10.294] [HOST] INFO: [life] hand=1,125,2941772544,8,2475341824 from=PARKED to=MID reason=drive
[19:24:10.294] [HOST] INFO: [cam] center=-36989.2,686.8,-42136.2
[19:24:10.327] [HOST] INFO: [speed] REQ RECV owner=1 mult=1.00 paused=0 combat=0
[19:24:10.327] [HOST] INFO: [speed] SET mult=1.00 paused=0 combat=0 (my=1.00 peer=1.00)
[19:24:10.329] [HOST] INFO: [life] hand=1,62,3429443328,1,1743164032 from=PARKED to=MID reason=drive
[19:24:10.329] [HOST] INFO: [life] hand=1,67,3061035264,6,1648925824 from=MID to=PARKED reason=mid-rest
[19:24:10.329] [HOST] INFO: [life] hand=1,254,876831040,1,1505981440 from=PARKED to=HI reason=drive
[19:24:10.329] [HOST] INFO: [life] hand=1,282,1680297856,1,2393921024 from=MID to=PARKED reason=mid-rest
[19:24:10.390] [HOST] INFO: [life] hand=1,62,3429443328,3,1160766592 from=MID to=PARKED reason=mid-rest
[19:24:10.390] [HOST] INFO: [life] hand=1,67,3061035264,6,1648925824 from=PARKED to=MID reason=drive
[19:24:10.390] [HOST] INFO: [life] hand=1,180,1554809600,1,1003906240 from=PARKED to=HI reason=drive
[19:24:10.390] [HOST] INFO: [life] hand=1,282,1680297856,1,2393921024 from=PARKED to=MID reason=drive
[19:24:10.484] [HOST] INFO: [life] hand=1,59,1456176768,1,3646484480 from=MID to=PARKED reason=mid-rest
[19:24:10.484] [HOST] INFO: [life] hand=1,59,1456176768,4,3854003968 from=MID to=PARKED reason=mid-rest
[19:24:10.484] [HOST] INFO: [life] hand=1,62,3429443328,3,1160766592 from=PARKED to=MID reason=drive
[19:24:10.484] [HOST] INFO: [life] hand=1,163,501464832,1,2058349568 from=HI to=PARKED reason=mid-rest
[19:24:10.484] [HOST] INFO: [life] hand=1,289,897216768,1,1025512704 from=PARKED to=HI reason=drive
[19:24:10.522] [HOST] INFO: [life] hand=1,59,1456176768,1,3646484480 from=PARKED to=MID reason=drive
[19:24:10.522] [HOST] INFO: [life] hand=1,59,1456176768,4,3854003968 from=PARKED to=MID reason=drive
[19:24:10.522] [HOST] INFO: [life] hand=1,163,501464832,1,2058349568 from=PARKED to=MID reason=drive
[19:24:10.540] [HOST] INFO: [budget] pub avg=183us max=424us apply avg=74us max=301us frames=269 over2ms=0
[19:24:10.589] [HOST] INFO: [life] hand=1,150,1682372992,1,902587904 from=PARKED to=HI reason=drive
[19:24:10.635] [HOST] INFO: [life] hand=1,38,3124999936,3,2558227456 from=PARKED to=HI reason=drive
[19:24:10.635] [HOST] INFO: [pose] rest re-arm task 65535 -> 87
[19:24:10.635] [HOST] INFO: [pose] applyOrder hand=3,2558227456 task=87 subj=2932,3377319424,0 wire=2932,3377319424 det=1 r=2 try=0
[19:24:10.635] [HOST] INFO: [audit] exist near=9 wide=161 drv=29 cen=46 hid=2 ghost=0 supp=2 census=86 fresh=1 parks=1 nearCap=0 wideCap=0 staleMs=58929 edges=0 ghostMax=-1 ghostEdge=0 dorm=7 attnR=1000 dormPc=0 pcs=2 mine=77 skip=77 cells=2
[19:24:10.740] [HOST] INFO: [life] hand=1,34,1862670848,1,2342163200 from=PARKED to=HI reason=drive
[19:24:10.740] [HOST] INFO: [pose] rest re-arm task 65535 -> 87
[19:24:10.740] [HOST] INFO: [pose] applyOrder hand=1,2342163200 task=87 subj=2941,3447143680,0 wire=2941,3447143680 det=1 r=2 try=0
[19:24:10.793] [HOST] INFO: [life] hand=1,60,3994140672,1,3267333888 from=PARKED to=HI reason=drive
[19:24:10.793] [HOST] INFO: [life] hand=1,97,2445678592,1,1224365184 from=PARKED to=HI reason=drive
[19:24:10.840] [HOST] INFO: [life] hand=1,44,3349121024,1,1965331968 from=PARKED to=HI reason=drive
[19:24:10.840] [HOST] INFO: [pose] rest re-arm task 65535 -> 221
[19:24:10.841] [HOST] INFO: [pose] applyOrder hand=1,1965331968 task=221 subj=2684,1889404288,0 wire=2684,1889404288 det=1 r=2 try=0
[19:24:10.926] [HOST] INFO: [life] hand=1,67,3061035264,6,1648925824 from=MID to=PARKED reason=mid-rest
[19:24:10.926] [HOST] INFO: [life] hand=1,282,1680297856,1,2393921024 from=MID to=PARKED reason=mid-rest
[19:24:10.926] [HOST] INFO: [life] hand=1,292,2727905280,1,3564575232 from=PARKED to=HI reason=drive
[19:24:10.973] [HOST] INFO: [life] hand=1,59,1456176768,1,3646484480 from=MID to=PARKED reason=mid-rest
[19:24:10.973] [HOST] INFO: [life] hand=1,59,1456176768,3,3159667968 from=HI to=MID reason=drive
[19:24:10.973] [HOST] INFO: [life] hand=1,60,3994140672,3,2212524288 from=PARKED to=HI reason=drive
[19:24:10.973] [HOST] INFO: [life] hand=1,67,3061035264,6,1648925824 from=PARKED to=MID reason=drive
[19:24:10.973] [HOST] INFO: [life] hand=1,282,1680297856,1,2393921024 from=PARKED to=MID reason=drive
[19:24:11.044] [HOST] INFO: [life] hand=1,59,1456176768,1,3646484480 from=PARKED to=MID reason=drive
[19:24:11.044] [HOST] INFO: [life] hand=1,61,2771240192,2,1680786176 from=PARKED to=HI reason=drive
[19:24:11.044] [HOST] INFO: [life] hand=1,65,1534057600,2,701782208 from=HI to=PARKED reason=mid-rest
[19:24:11.089] [HOST] INFO: [gate] hand=3,3159667968 host=1 local=65535  agree=1029/2387 (43%)
[19:24:11.089] [HOST] INFO: [life] hand=1,139,976318336,1,3621704192 from=PARKED to=HI reason=drive
[19:24:11.089] [HOST] INFO: [pose] rest re-arm task 65535 -> 87
[19:24:11.089] [HOST] INFO: [pose] applyOrder hand=1,3621704192 task=87 subj=2927,3629638656,0 wire=2927,3629638656 det=1 r=2 try=0
[19:24:11.180] [HOST] INFO: [life] hand=1,59,1456176768,5,1168823296 from=HI to=PARKED reason=mid-rest
[19:24:11.180] [HOST] INFO: [life] hand=1,59,1456176768,6,1799316352 from=HI to=MID reason=drive
[19:24:11.224] [HOST] INFO: [life] hand=1,32,2424072192,1,2482055680 from=PARKED to=HI reason=drive
[19:24:11.224] [HOST] INFO: [pose] rest re-arm task 65535 -> 87
[19:24:11.224] [HOST] INFO: [pose] applyOrder hand=1,2482055680 task=87 subj=2939,1210205056,0 wire=2939,1210205056 det=1 r=2 try=0
[19:24:11.268] [HOST] INFO: [net] [net] bandwidth out=12.5 KB/s in=7.9 KB/s (window 5s)
[19:24:11.302] [HOST] INFO: [life] hand=1,60,3994140672,3,2212524288 from=HI to=MID reason=drive
[19:24:11.302] [HOST] INFO: [life] hand=1,248,2116088832,1,3540405248 from=HI to=PARKED reason=mid-rest
[19:24:11.318] [HOST] INFO: [attn] attach bodies=59 hid=+2 culled=+2 minted=+0 winMs=3000
[19:24:11.350] [HOST] INFO: [life] hand=1,60,3994140672,1,3267333888 from=HI to=MID reason=drive
[19:24:11.350] [HOST] INFO: [life] hand=1,102,638305664,1,306640640 from=HI to=PARKED reason=mid-rest
[19:24:11.440] [HOST] INFO: [life] hand=1,74,2046142592,2,3759399424 from=PARKED to=HI reason=drive
[19:24:11.440] [HOST] INFO: [pose] rest re-arm task 65535 -> 221
[19:24:11.440] [HOST] INFO: [pose] applyOrder hand=2,3759399424 task=221 subj=3411,273925792,0 wire=3411,273925792 det=1 r=2 try=0
[19:24:11.486] [HOST] INFO: [life] hand=1,133,2849853440,1,1151123072 from=HI to=PARKED reason=mid-rest
[19:24:11.558] [HOST] INFO: [life] hand=1,61,2771240192,2,1680786176 from=HI to=MID reason=drive
[19:24:11.604] [HOST] INFO: [life] hand=1,141,2259399424,1,268432624 from=PARKED to=HI reason=drive
[19:24:11.669] [HOST] INFO: [life] hand=1,33,3971313408,1,3732910080 from=HI to=PARKED reason=mid-rest
[19:24:11.669] [HOST] INFO: [inv] APPLY hand=1,2,2989257728,1,2916870144 items=13
[19:24:11.825] [HOST] INFO: [life] hand=1,145,609985344,1,930175808 from=PARKED to=HI reason=drive
[19:24:11.825] [HOST] INFO: [life] hand=1,290,684448256,1,3517700096 from=PARKED to=HI reason=drive
[19:24:11.825] [HOST] INFO: [life] hand=1,292,2727905280,1,3564575232 from=HI to=MID reason=drive
[19:24:11.903] [HOST] INFO: [life] hand=1,136,2408325120,1,3909423872 from=HI to=PARKED reason=mid-rest
[19:24:11.903] [HOST] INFO: [life] hand=1,153,2339843840,1,3119750912 from=PARKED to=HI reason=drive
[19:24:12.037] [HOST] INFO: [life] hand=1,53,592651392,1,1441040000 from=PARKED to=HI reason=drive
[19:24:12.037] [HOST] INFO: [life] hand=1,289,897216768,1,1025512704 from=HI to=MID reason=drive
[19:24:12.037] [HOST] INFO: [inv] APPLY hand=0,1432,11111,3300,1302124032 items=0
[19:24:12.171] [HOST] INFO: [stats] RECV hand=1,2916870144 ok=1 str=6.5 dex=1.3 tough=11.6 stealth=1.3 athl=25.9 xp=0
[19:24:12.173] [HOST] INFO: [census] recv n=86 culls=2
[19:24:12.297] [HOST] INFO: [life] hand=1,34,1862670848,1,2342163200 from=HI to=PARKED reason=mid-rest
[19:24:12.297] [HOST] INFO: [life] hand=1,290,684448256,1,3517700096 from=HI to=MID reason=drive
[19:24:12.320] [HOST] INFO: [census] sent n=113 radius=2000 mid=2 anchors=3 a0=loaded:3 a1=loaded:101 a2=loaded:95 enum=199 notmine=86 proxyrow=0 attnR=1000
[19:24:12.344] [HOST] INFO: [life] hand=1,256,701782208,1,3642333952 from=HI to=PARKED reason=mid-rest
[19:24:12.344] [HOST] INFO: [life] hand=1,46,448486336,4,3323974656 from=HI to=PARKED reason=census-local
[19:24:12.381] [HOST] INFO: [life] hand=1,105,1281250048,1,3167236352 from=HI to=PARKED reason=census-local
[19:24:12.415] [HOST] INFO: [life] hand=1,280,1155517568,1,2047241216 from=PARKED to=HI reason=drive
[19:24:12.415] [HOST] INFO: [inv] APPLY hand=0,1432,11111,3295,1215087872 items=0
[19:24:12.459] [HOST] INFO: [life] hand=1,150,1682372992,1,902587904 from=HI to=PARKED reason=mid-rest
[19:24:12.535] [HOST] INFO: [life] hand=1,44,3349121024,1,1965331968 from=HI to=PARKED reason=mid-rest
[19:24:12.535] [HOST] INFO: [life] hand=1,67,3061035264,2,2515747072 from=PARKED to=HI reason=drive
[19:24:12.535] [HOST] INFO: [life] hand=1,130,3739623936,1,2014160128 from=PARKED to=HI reason=drive
[19:24:12.535] [HOST] INFO: [life] hand=1,135,2804077056,1,1126098688 from=PARKED to=HI reason=drive
[19:24:12.535] [HOST] INFO: [life] hand=1,143,850952128,1,2622802688 from=PARKED to=HI reason=drive
[19:24:12.535] [HOST] INFO: [life] hand=1,153,2339843840,1,3119750912 from=HI to=MID reason=drive
[19:24:12.593] [HOST] INFO: [life] hand=1,44,3349121024,1,1965331968 from=PARKED to=MID reason=drive
[19:24:12.593] [HOST] INFO: [pose] rest re-arm task 65535 -> 221
[19:24:12.593] [HOST] INFO: [pose] applyOrder hand=1,1965331968 task=221 subj=2684,1889404288,0 wire=2684,1889404288 det=1 r=2 try=0
[19:24:12.593] [HOST] INFO: [life] hand=1,46,448486336,4,3323974656 from=PARKED to=MID reason=drive
[19:24:12.619] [HOST] INFO: [stats] SEND hand=1,1709716736 str=9.0 dex=5.6 tough=11.4 stealth=1.4 athl=19.1 xp=0 fap=0
[19:24:12.665] [HOST] INFO: [life] hand=1,109,128295896,1,1583740288 from=PARKED to=HI reason=drive
[19:24:12.665] [HOST] INFO: [pose] rest re-arm task 65535 -> 87
[19:24:12.665] [HOST] INFO: [pose] applyOrder hand=1,1583740288 task=87 subj=2971,1998779264,0 wire=2971,1998779264 det=1 r=2 try=0
[19:24:12.705] [HOST] INFO: [event] RECV id=2 ev=2 owner=1 hand=1,137,2739013632,1,2035034240 actor=0,0
[19:24:12.706] [HOST] INFO: [wallet] POOL FOLD seq=1 delta=135 t=18864
[19:24:12.736] [HOST] INFO: [ai] suspended=34 driven=53
[19:24:12.766] [HOST] INFO: [life] hand=1,97,2445678592,1,1224365184 from=HI to=PARKED reason=census-local
[19:24:12.809] [HOST] INFO: [life] hand=1,163,501464832,1,2058349568 from=MID to=PARKED reason=mid-rest
[19:24:12.965] [HOST] INFO: [life] hand=1,180,1554809600,1,1003906240 from=HI to=PARKED reason=mid-rest
[19:24:13.019] [HOST] INFO: [life] hand=1,67,3061035264,2,2515747072 from=HI to=MID reason=drive
[19:24:13.089] [HOST] INFO: [life] hand=1,60,3994140672,2,3626586880 from=PARKED to=HI reason=drive
[19:24:13.089] [HOST] INFO: [inv] APPLY hand=0,1432,11111,3299,3519287040 items=0
[19:24:13.103] [HOST] INFO: [gate] hand=1,3646484480 host=1 local=65535  agree=4230/7214 (58%)
[19:24:13.131] [HOST] INFO: [life] hand=1,141,2259399424,1,268432624 from=HI to=PARKED reason=mid-rest
[19:24:13.284] [HOST] INFO: [life] hand=1,71,3545288192,1,3372436480 from=PARKED to=HI reason=drive
[19:24:13.299] [HOST] INFO: [cell] MAP cells=2 slots=2 23,22=1 24,22=0
[19:24:13.338] [HOST] INFO: [life] hand=1,32,2424072192,1,2482055680 from=HI to=PARKED reason=mid-rest
[19:24:13.379] [HOST] INFO: [life] hand=1,127,3401367296,1,1707885696 from=PARKED to=HI reason=drive
[19:24:13.379] [HOST] INFO: [pose] rest re-arm task 65535 -> 87
[19:24:13.379] [HOST] INFO: [pose] applyOrder hand=1,1707885696 task=87 subj=2940,3288452096,0 wire=2940,3288452096 det=1 r=2 try=0
[19:24:13.379] [HOST] INFO: [inv] APPLY hand=0,1432,11111,3294,2390747136 items=0
[19:24:13.379] [HOST] INFO: [inv] APPLY hand=0,1432,11111,3296,487182624 items=0
[19:24:13.482] [HOST] INFO: [wallet] POOL FOLD seq=2 delta=135 t=18999
[19:24:13.483] [HOST] INFO: [life] hand=1,74,2046142592,2,3759399424 from=HI to=PARKED reason=mid-rest
[19:24:13.625] [HOST] INFO: [stats] SEND hand=1,1709716736 str=9.0 dex=5.6 tough=11.4 stealth=1.4 athl=19.1 xp=0 fap=0
[19:24:13.640] [HOST] INFO: [life] hand=1,38,3124999936,3,2558227456 from=HI to=PARKED reason=mid-rest
[19:24:13.693] [HOST] INFO: [life] hand=1,38,3124999936,3,2558227456 from=PARKED to=MID reason=drive
[19:24:13.693] [HOST] INFO: [pose] rest re-arm task 65535 -> 87
[19:24:13.693] [HOST] INFO: [pose] applyOrder hand=3,2558227456 task=87 subj=2932,3377319424,0 wire=2932,3377319424 det=1 r=2 try=0
[19:24:13.744] [HOST] INFO: [pose] rest re-arm task 65535 -> 221
[19:24:13.744] [HOST] INFO: [pose] applyOrder hand=2,701782208 task=221 subj=3035,422119136,0 wire=3035,422119136 det=1 r=2 try=0
[19:24:13.858] [HOST] INFO: [life] hand=1,254,876831040,1,1505981440 from=HI to=PARKED reason=mid-rest
[19:24:13.923] [HOST] INFO: [life] hand=1,62,3429443328,2,3905151488 from=PARKED to=HI reason=drive
[19:24:14.015] [HOST] INFO: [life] hand=1,161,1021118144,1,1371948288 from=HI to=PARKED reason=mid-rest
[19:24:14.067] [HOST] INFO: [life] hand=1,53,592651392,1,1441040000 from=HI to=PARKED reason=mid-rest
[19:24:14.168] [HOST] INFO: [life] hand=1,109,128295896,1,1583740288 from=HI to=PARKED reason=mid-rest
[19:24:14.253] [HOST] INFO: [interp] lerp=18044 extrap=522 clamp=5 seg=0 single=8198 snapSq=432 snapNpc=0 reissueSq=385 reissueNpc=169 restFlip=7 delay=615 jit=170.3 starve=6 snapMid=0 restFlipMid=0 haltDrv=0
[19:24:14.253] [HOST] INFO: [interp] worstZero hand=1,2916870144 zero=781 active=5442 seg=63
[19:24:14.302] [HOST] INFO: [deed] AUDIT hand=0.1432.11111.612.3788940544 isPlayer=1 set=1 sale=0 shop=0 public=0 desig=9 resident=0/0 town=0/1 interior=1 internals=0 doors=1/1/0 furn=0/0/0 canUse=1 home=1/1/0 stuff=1 wallet=18999 squads=2/0/0 cur=0/0 base=1/0 owner='204-gamedata.base' name='Small Shack'
[19:24:14.356] [HOST] INFO: [life] hand=1,145,609985344,1,930175808 from=HI to=PARKED reason=mid-rest
[19:24:14.557] [HOST] INFO: [life] hand=1,62,3429443328,3,1160766592 from=MID to=PARKED reason=mid-rest
[19:24:14.666] [HOST] INFO: [life] hand=1,139,976318336,1,3621704192 from=HI to=PARKED reason=mid-rest
[19:24:14.715] [HOST] INFO: [pose] rest re-arm task 65535 -> 87
[19:24:14.715] [HOST] INFO: [pose] applyOrder hand=1,3732910080 task=87 subj=2935,2406860288,0 wire=2935,2406860288 det=1 r=2 try=0
[19:24:14.780] [HOST] INFO: [life] hand=1,33,3971313408,1,3732910080 from=PARKED to=MID reason=drive
[19:24:14.780] [HOST] INFO: [pose] rest re-arm task 65535 -> 87
[19:24:14.780] [HOST] INFO: [pose] applyOrder hand=1,3732910080 task=87 subj=2935,2406860288,0 wire=2935,2406860288 det=1 r=2 try=0
[19:24:14.822] [HOST] INFO: [wallet] POOL FOLD seq=3 delta=135 t=19134
[19:24:14.824] [HOST] INFO: [life] hand=1,71,3545288192,1,3372436480 from=HI to=PARKED reason=mid-rest
[19:24:14.868] [HOST] INFO: [pose] rest re-arm task 65535 -> 87
[19:24:14.868] [HOST] INFO: [pose] applyOrder hand=1,2482055680 task=87 subj=2939,1210205056,0 wire=2939,1210205056 det=1 r=2 try=0
[19:24:14.923] [HOST] INFO: [life] hand=1,280,1155517568,1,2047241216 from=HI to=PARKED reason=mid-rest
[19:24:14.959] [HOST] INFO: [census] park hand=9,3905151488 name='Holy Sentinel' d=128 local=-37068,681,-43803 host=-37057,657,-43678 (parks=2)
[19:24:14.959] [HOST] INFO: [census] FREEZE hand=9,3905151488 name='Holy Sentinel' d=128 (frozen=2)
[19:24:15.084] [HOST] INFO: [pose] rest re-arm task 65535 -> 221
[19:24:15.084] [HOST] INFO: [pose] applyOrder hand=2,3759399424 task=221 subj=3411,273925792,0 wire=3411,273925792 det=1 r=2 try=0
[19:24:15.109] [HOST] INFO: [gate] hand=3,3159667968 host=1 local=65535  agree=9772/14481 (67%)
[19:24:15.131] [HOST] INFO: [spawn] REQ hand=1,75,3826782208,1,1112426752 send=1
[19:24:15.131] [HOST] INFO: [spawn] REQ hand=1,88,3486572288,1,675903296 send=1
[19:24:15.131] [HOST] INFO: [spawn] REQ hand=1,162,3308105472,1,2351806720 send=1
[19:24:15.131] [HOST] INFO: [spawn] REQ hand=1,171,372680672,1,3734619136 send=1
[19:24:15.131] [HOST] INFO: [spawn] REQ hand=1,172,1474731392,1,3861083904 send=1
[19:24:15.131] [HOST] INFO: [spawn] REQ hand=1,173,91186520,1,2586914048 send=1
[19:24:15.131] [HOST] INFO: [spawn] REQ hand=1,174,2041259776,1,88134768 send=1
[19:24:15.131] [HOST] INFO: [spawn] REQ hand=1,181,3623535104,1,2385498112 send=1
[19:24:15.131] [HOST] INFO: [spawn] REQ hand=1,182,3010375936,1,2021118208 send=1
[19:24:15.230] [HOST] INFO: [life] hand=1,120,959716800,1,1742797824 from=PARKED to=HI reason=drive
[19:24:15.230] [HOST] INFO: [pose] rest re-arm task 65535 -> 87
[19:24:15.230] [HOST] INFO: [pose] applyOrder hand=1,1742797824 task=87 subj=2923,1480102528,0 wire=2923,1480102528 det=1 r=2 try=0
[19:24:15.278] [HOST] INFO: [census] FREEZE hand=9,3905151488 name='Holy Sentinel' d=142 (frozen=4)
[19:24:15.290] [HOST] INFO: [cam] center=-36654.9,677.1,-41867.5
[19:24:15.326] [HOST] INFO: [spawn] INFO deferred (far) hand=1,75,3826782208,1,1112426752 dist=1199 mint=600 cen=1
[19:24:15.326] [HOST] INFO: [spawn] INFO deferred (far) hand=1,88,3486572288,1,675903296 dist=1220 mint=600 cen=1
[19:24:15.326] [HOST] INFO: [spawn] INFO deferred (dupe) hand=1,162,3308105472,1,2351806720 sid='4999487-DialoguePlus.mod' twin within 20u cen=1 force=0
[19:24:15.326] [HOST] INFO: [spawn] INFO deferred (dupe) hand=1,171,372680672,1,3734619136 sid='4999487-DialoguePlus.mod' twin within 20u cen=1 force=0
[19:24:15.326] [HOST] INFO: [spawn] INFO deferred (far) hand=1,172,1474731392,1,3861083904 dist=1254 mint=600 cen=1
[19:24:15.326] [HOST] INFO: [spawn] INFO deferred (far) hand=1,173,91186520,1,2586914048 dist=1422 mint=600 cen=1
[19:24:15.326] [HOST] INFO: [spawn] INFO deferred (far) hand=1,174,2041259776,1,88134768 dist=1287 mint=600 cen=1
[19:24:15.326] [HOST] INFO: [spawn] INFO deferred (far) hand=1,181,3623535104,1,2385498112 dist=1621 mint=600 cen=1
[19:24:15.326] [HOST] INFO: [spawn] INFO deferred (far) hand=1,182,3010375936,1,2021118208 dist=1626 mint=600 cen=1
[19:24:15.543] [HOST] INFO: [budget] pub avg=187us max=483us apply avg=157us max=485us frames=348 over2ms=0
[19:24:15.591] [HOST] INFO: [census] FREEZE hand=9,3905151488 name='Holy Sentinel' d=39 (frozen=4)
[19:24:15.698] [HOST] INFO: [audit] exist near=1 wide=162 drv=48 cen=26 hid=2 ghost=1 supp=2 census=86 fresh=1 parks=4 nearCap=0 wideCap=0 staleMs=58929 edges=0 ghostMax=396 ghostEdge=0 dorm=7 attnR=1000 dormPc=0 pcs=2 mine=78 skip=78 cells=2
[19:24:15.747] [HOST] INFO: [ai] suspended=26 driven=59
[19:24:15.796] [HOST] INFO: [life] hand=1,168,1722900352,1,1281250048 from=PARKED to=HI reason=drive
[19:24:15.910] [HOST] INFO: [census] FREEZE hand=7,3348877056 name='Paladin' d=2 (frozen=4)
[19:24:15.920] [HOST] INFO: [life] hand=1,61,2771240192,1,1296508800 from=PARKED to=HI reason=drive
[19:24:16.150] [HOST] INFO: [cam] hint recv=-38095.1,739.2,-43097.9
[19:24:16.230] [HOST] INFO: [life] hand=1,254,876831040,1,1505981440 from=PARKED to=MID reason=drive
[19:24:16.230] [HOST] INFO: [census] FREEZE hand=7,3348877056 name='Paladin' d=30 (frozen=4)
[19:24:16.394] [HOST] INFO: [net] [net] bandwidth out=8.1 KB/s in=16.1 KB/s (window 5s)
[19:24:16.422] [HOST] INFO: [life] hand=1,44,3349121024,1,1965331968 from=MID to=PARKED reason=mid-rest
[19:24:16.540] [HOST] INFO: [census] FREEZE hand=7,3348877056 name='Paladin' d=30 (frozen=4)
[19:24:16.701] [HOST] INFO: [life] hand=1,33,3971313408,1,3732910080 from=MID to=PARKED reason=mid-rest
[19:24:16.726] [HOST] INFO: [life] hand=1,60,3994140672,3,2212524288 from=MID to=PARKED reason=mid-rest
[19:24:16.863] [HOST] INFO: [census] FREEZE hand=7,3348877056 name='Paladin' d=30 (frozen=4)
[19:24:16.965] [HOST] INFO: [pose] rest re-arm task 65535 -> 221
[19:24:16.965] [HOST] INFO: [pose] applyOrder hand=2,3759399424 task=221 subj=3411,273925792,0 wire=3411,273925792 det=1 r=2 try=0
[19:24:17.069] [HOST] INFO: [pose] rest re-arm task 65535 -> 221
[19:24:17.069] [HOST] INFO: [pose] applyOrder hand=2,701782208 task=221 subj=3035,422119136,0 wire=3035,422119136 det=1 r=2 try=0
[19:24:17.070] [HOST] INFO: [inv] APPLY hand=0,1432,11111,3300,1302124032 items=0
[19:24:17.115] [HOST] INFO: [gate] hand=3,2212524288 host=51 local=65535  agree=15669/22546 (69%)
[19:24:17.172] [HOST] INFO: [stats] RECV hand=1,2916870144 ok=1 str=6.5 dex=1.3 tough=11.6 stealth=1.3 athl=25.9 xp=0
[19:24:17.174] [HOST] INFO: [census] park hand=6,1777343744 name='Paladin' d=130 local=-37179,656,-43683 host=-37051,657,-43657 (parks=5)
[19:24:17.174] [HOST] INFO: [census] FREEZE hand=6,1777343744 name='Paladin' d=130 (frozen=5)
[19:24:17.186] [HOST] INFO: [life] hand=1,61,2771240192,2,1680786176 from=MID to=PARKED reason=mid-rest
[19:24:17.315] [HOST] INFO: [life] hand=1,69,2718139648,1,3228881920 from=HI to=MID reason=drive
[19:24:17.315] [HOST] INFO: [life] hand=1,143,850952128,1,2622802688 from=HI to=PARKED reason=mid-rest
[19:24:17.439] [HOST] INFO: [inv] APPLY hand=0,1432,11111,3295,1215087872 items=0
[19:24:17.486] [HOST] INFO: [census] FREEZE hand=6,1777343744 name='Paladin' d=1 (frozen=5)
[19:24:17.608] [HOST] INFO: [life] hand=1,61,2771240192,2,1680786176 from=PARKED to=MID reason=drive
[19:24:17.722] [HOST] INFO: [pose] rest re-arm task 65535 -> 87
[19:24:17.722] [HOST] INFO: [pose] applyOrder hand=1,1583740288 task=87 subj=2971,1998779264,0 wire=2971,1998779264 det=1 r=2 try=0
[19:24:17.769] [HOST] INFO: [pose] rest re-arm task 65535 -> 87
[19:24:17.769] [HOST] INFO: [pose] applyOrder hand=1,2342163200 task=87 subj=2941,3447143680,0 wire=2941,3447143680 det=1 r=2 try=0
[19:24:17.801] [HOST] INFO: [census] FREEZE hand=6,1777343744 name='Paladin' d=1 (frozen=5)
[19:24:17.967] [HOST] INFO: [life] hand=1,46,448486336,4,3323974656 from=MID to=PARKED reason=mid-rest
[19:24:18.024] [HOST] INFO: [life] hand=1,60,3994140672,3,2212524288 from=PARKED to=MID reason=drive
[19:24:18.090] [HOST] INFO: [inv] APPLY hand=0,1432,11111,3299,3519287040 items=0
[19:24:18.102] [HOST] INFO: [snap] mid hand=8,2475341824 name='Holy Servant' gap=69.2 gate=23.1 srcVel=0.0 cSpeed=11.1 mult=1.00 slew=1.00 dest=1 skipped=0
[19:24:18.114] [HOST] INFO: [census] FREEZE hand=6,1777343744 name='Paladin' d=30 (frozen=5)
[19:24:18.114] [HOST] INFO: [census] park hand=9,3905151488 name='Holy Sentinel' d=124 local=-37057,658,-43678 host=-36941,674,-43638 (parks=6)
[19:24:18.216] [HOST] INFO: [life] hand=1,254,876831040,1,1505981440 from=MID to=PARKED reason=mid-rest
[19:24:18.216] [HOST] INFO: [life] hand=1,280,1155517568,1,2047241216 from=PARKED to=MID reason=drive
[19:24:18.306] [HOST] INFO: [cell] MAP cells=2 slots=2 23,22=1 24,22=0
[19:24:18.431] [HOST] INFO: [life] hand=1,135,2804077056,1,1126098688 from=HI to=PARKED reason=mid-rest
[19:24:18.431] [HOST] INFO: [inv] APPLY hand=0,1432,11111,3294,2390747136 items=0
[19:24:18.431] [HOST] INFO: [inv] APPLY hand=0,1432,11111,3296,487182624 items=0
[19:24:18.431] [HOST] INFO: [census] FREEZE hand=6,1777343744 name='Paladin' d=33 (frozen=5)
[19:24:18.502] [HOST] INFO: [pose] rest re-arm task 65535 -> 221
[19:24:18.502] [HOST] INFO: [pose] applyOrder hand=1,1965331968 task=221 subj=2684,1889404288,0 wire=2684,1889404288 det=1 r=2 try=0
[19:24:18.744] [HOST] INFO: [life] hand=1,120,959716800,1,1742797824 from=HI to=PARKED reason=mid-rest
[19:24:18.744] [HOST] INFO: [census] FREEZE hand=6,1777343744 name='Paladin' d=34 (frozen=5)
[19:24:18.758] [HOST] INFO: [ai] suspended=20 driven=61
[19:24:18.931] [HOST] INFO: [life] hand=1,168,1722900352,1,1281250048 from=HI to=PARKED reason=mid-rest
[19:24:19.048] [HOST] INFO: [census] FREEZE hand=6,1777343744 name='Paladin' d=34 (frozen=5)
[19:24:19.122] [HOST] INFO: [gate] hand=1,3646484480 host=51 local=1  agree=20728/29640 (69%)
[19:24:19.154] [HOST] INFO: [census] park hand=7,3348877056 name='Paladin' d=124 local=-37053,658,-43585 host=-36959,686,-43509 (parks=7)
[19:24:19.214] [HOST] INFO: [life] hand=1,59,1456176768,5,1168823296 from=PARKED to=MID reason=drive
[19:24:19.264] [HOST] INFO: [life] hand=1,59,1456176768,1,3646484480 from=MID to=PARKED reason=mid-rest
[19:24:19.264] [HOST] INFO: [interp] lerp=24180 extrap=1730 clamp=5 seg=141 single=20751 snapSq=432 snapNpc=0 reissueSq=385 reissueNpc=391 restFlip=11 delay=733 jit=191.7 starve=8 snapMid=1 restFlipMid=3 haltDrv=0
[19:24:19.264] [HOST] INFO: [interp] worstZero hand=1,2916870144 zero=781 active=5442 seg=47
[19:24:19.280] [HOST] INFO: [life] hand=1,61,2771240192,1,1296508800 from=HI to=PARKED reason=mid-rest
[19:24:19.343] [HOST] INFO: [deed] AUDIT hand=0.1432.11111.612.3788940544 isPlayer=1 set=1 sale=0 shop=0 public=0 desig=9 resident=0/0 town=0/1 interior=1 internals=0 doors=1/1/0 furn=0/0/0 canUse=1 home=1/1/0 stuff=1 wallet=19134 squads=2/0/0 cur=0/0 base=1/0 owner='204-gamedata.base' name='Small Shack'
[19:24:19.376] [HOST] INFO: [census] FREEZE hand=6,1777343744 name='Paladin' d=64 (frozen=5)
[19:24:19.409] [HOST] INFO: [life] hand=1,59,1456176768,6,1799316352 from=MID to=PARKED reason=mid-rest
[19:24:19.465] [HOST] INFO: [pose] rest re-arm task 65535 -> 221
[19:24:19.465] [HOST] INFO: [pose] applyOrder hand=2,3759399424 task=221 subj=3411,273925792,0 wire=3411,273925792 det=1 r=2 try=0
[19:24:19.710] [HOST] INFO: [census] FREEZE hand=6,1777343744 name='Paladin' d=67 (frozen=5)
[19:24:19.723] [HOST] INFO: [life] hand=1,141,2259399424,1,268432624 from=PARKED to=MID reason=drive
[19:24:19.800] [HOST] INFO: [pose] rest re-arm task 65535 -> 87
[19:24:19.800] [HOST] INFO: [pose] applyOrder hand=1,2342163200 task=87 subj=2941,3447143680,0 wire=2941,3447143680 det=1 r=2 try=0
[19:24:20.026] [HOST] INFO: [census] FREEZE hand=6,1777343744 name='Paladin' d=67 (frozen=5)
[19:24:20.095] [HOST] INFO: [pose] rest re-arm task 65535 -> 221
[19:24:20.095] [HOST] INFO: [pose] applyOrder hand=1,1965331968 task=221 subj=2684,1889404288,0 wire=2684,1889404288 det=1 r=2 try=0
[19:24:20.141] [HOST] INFO: [pose] rest re-arm task 65535 -> 87
[19:24:20.141] [HOST] INFO: [pose] applyOrder hand=1,3621704192 task=87 subj=2927,3629638656,0 wire=2927,3629638656 det=1 r=2 try=0
[19:24:20.220] [HOST] INFO: [life] hand=1,127,3401367296,1,1707885696 from=HI to=PARKED reason=mid-rest
[19:24:20.233] [HOST] INFO: [snap] mid hand=3,2212524288 name='Shop Guard' gap=37.7 gate=8.0 srcVel=0.0 cSpeed=0.0 mult=1.00 slew=1.00 dest=1 skipped=0
[19:24:20.279] [HOST] INFO: [life] hand=1,59,1456176768,1,3646484480 from=PARKED to=MID reason=drive
[19:24:20.289] [HOST] INFO: [cam] center=-36107.6,582.7,-41955.7
[19:24:20.324] [HOST] INFO: [life] hand=1,60,3994140672,3,2212524288 from=MID to=PARKED reason=mid-rest
[19:24:20.335] [HOST] INFO: [census] FREEZE hand=6,1777343744 name='Paladin' d=97 (frozen=5)
[19:24:20.531] [HOST] INFO: [life] hand=1,60,3994140672,2,3626586880 from=HI to=PARKED reason=mid-rest
[19:24:20.531] [HOST] INFO: [life] hand=1,62,3429443328,5,3923217664 from=PARKED to=HI reason=drive
[19:24:20.553] [HOST] INFO: [budget] pub avg=177us max=376us apply avg=139us max=463us frames=396 over2ms=0
[19:24:20.621] [HOST] INFO: [life] hand=1,130,3739623936,1,2014160128 from=HI to=PARKED reason=mid-rest
[19:24:20.644] [HOST] INFO: [census] FREEZE hand=6,1777343744 name='Paladin' d=97 (frozen=5)
[19:24:20.677] [HOST] INFO: [pose] rest re-arm task 65535 -> 87
[19:24:20.678] [HOST] INFO: [pose] applyOrder hand=1,3732910080 task=87 subj=2935,2406860288,0 wire=2935,2406860288 det=1 r=2 try=0
[19:24:20.747] [HOST] INFO: [pose] rest re-arm task 65535 -> 87
[19:24:20.747] [HOST] INFO: [pose] applyOrder hand=1,2482055680 task=87 subj=2939,1210205056,0 wire=2939,1210205056 det=1 r=2 try=0
[19:24:20.747] [HOST] INFO: [audit] exist near=1 wide=165 drv=53 cen=21 hid=2 ghost=1 supp=2 census=86 fresh=1 parks=7 nearCap=0 wideCap=0 staleMs=58929 edges=0 ghostMax=396 ghostEdge=0 dorm=7 attnR=1000 dormPc=0 pcs=2 mine=81 skip=81 cells=2
[19:24:20.959] [HOST] INFO: [census] FREEZE hand=6,1777343744 name='Paladin' d=97 (frozen=5)
[19:24:21.096] [HOST] INFO: [life] hand=1,62,3429443328,5,3923217664 from=HI to=MID reason=drive
[19:24:21.130] [HOST] INFO: [gate] hand=1,3646484480 host=51 local=1  agree=26834/37513 (71%)
[19:24:21.153] [HOST] INFO: [life] hand=1,59,1456176768,5,1168823296 from=MID to=PARKED reason=mid-rest
[19:24:21.153] [HOST] INFO: [cam] hint recv=-38095.1,739.2,-43097.9
[19:24:21.162] [HOST] INFO: [spawn] REQ hand=1,75,3826782208,1,1112426752 send=1
[19:24:21.162] [HOST] INFO: [spawn] REQ hand=1,88,3486572288,1,675903296 send=1
[19:24:21.162] [HOST] INFO: [spawn] REQ hand=1,162,3308105472,1,2351806720 send=1
[19:24:21.162] [HOST] INFO: [spawn] REQ hand=1,171,372680672,1,3734619136 send=1
[19:24:21.162] [HOST] INFO: [spawn] REQ hand=1,172,1474731392,1,3861083904 send=1
[19:24:21.162] [HOST] INFO: [spawn] REQ hand=1,173,91186520,1,2586914048 send=1
[19:24:21.162] [HOST] INFO: [spawn] REQ hand=1,174,2041259776,1,88134768 send=1
[19:24:21.162] [HOST] INFO: [spawn] REQ hand=1,181,3623535104,1,2385498112 send=1
[19:24:21.162] [HOST] INFO: [spawn] REQ hand=1,182,3010375936,1,2021118208 send=1
[19:24:21.163] [HOST] INFO: [census] park hand=6,1777343744 name='Paladin' d=129 local=-37055,657,-43662 host=-36975,670,-43562 (parks=8)
[19:24:21.196] [HOST] INFO: [pose] rest re-arm task 65535 -> 87
[19:24:21.196] [HOST] INFO: [pose] applyOrder hand=1,1742797824 task=87 subj=2923,1480102528,0 wire=2923,1480102528 det=1 r=2 try=0
[19:24:21.250] [HOST] INFO: [life] hand=1,120,959716800,1,1742797824 from=PARKED to=MID reason=drive
[19:24:21.251] [HOST] INFO: [pose] rest re-arm task 65535 -> 87
[19:24:21.251] [HOST] INFO: [pose] applyOrder hand=1,1742797824 task=87 subj=2923,1480102528,0 wire=2923,1480102528 det=1 r=2 try=0
[19:24:21.274] [HOST] INFO: [census] FREEZE hand=6,1777343744 name='Paladin' d=129 (frozen=5)
[19:24:21.305] [HOST] INFO: [wd] APPLY id=4 sid='556-gamedata.base' owner=1,2,2989257728,1,2916870144 moved=1 pos=-38095.09,729.47,-43097.89 tracked=1
[19:24:21.305] [HOST] INFO: [wd] APPLY id=5 sid='556-gamedata.base' owner=1,2,2989257728,1,2916870144 moved=1 pos=-38095.09,729.47,-43097.89 tracked=2
[19:24:21.305] [HOST] INFO: [wd] APPLY id=6 sid='556-gamedata.base' owner=1,2,2989257728,1,2916870144 moved=1 pos=-37574.21,705.18,-42967.57 tracked=3
[19:24:21.515] [HOST] INFO: [pose] rest re-arm task 65535 -> 221
[19:24:21.515] [HOST] INFO: [pose] applyOrder hand=2,701782208 task=221 subj=3035,422119136,0 wire=3035,422119136 det=1 r=2 try=0
[19:24:21.585] [HOST] INFO: [census] FREEZE hand=6,1777343744 name='Paladin' d=0 (frozen=5)
[19:24:21.597] [HOST] INFO: [net] [net] bandwidth out=6.6 KB/s in=12.1 KB/s (window 5s)
[19:24:21.668] [HOST] INFO: [life] hand=1,141,2259399424,1,268432624 from=MID to=PARKED reason=mid-rest
[19:24:21.750] [HOST] INFO: [spawn] INFO deferred (dupe) hand=1,75,3826782208,1,1112426752 sid='1411-gamedata.base' twin within 20u cen=1 force=0
[19:24:21.763] [HOST] INFO: [spawn] INFO deferred (dupe) hand=1,88,3486572288,1,675903296 sid='1411-gamedata.base' twin within 20u cen=1 force=0
[19:24:21.763] [HOST] INFO: [spawn] INFO deferred (dupe) hand=1,162,3308105472,1,2351806720 sid='4999487-DialoguePlus.mod' twin within 20u cen=1 force=0
[19:24:21.763] [HOST] INFO: [spawn] INFO deferred (dupe) hand=1,171,372680672,1,3734619136 sid='4999487-DialoguePlus.mod' twin within 20u cen=1 force=0
[19:24:21.763] [HOST] INFO: [spawn] INFO deferred (dupe) hand=1,172,1474731392,1,3861083904 sid='1411-gamedata.base' twin within 20u cen=1 force=0
[19:24:21.763] [HOST] INFO: [spawn] INFO deferred (dupe) hand=1,173,91186520,1,2586914048 sid='17225-Dialogue.mod' twin within 20u cen=1 force=0
[19:24:21.763] [HOST] INFO: [spawn] INFO deferred (dupe) hand=1,174,2041259776,1,88134768 sid='1411-gamedata.base' twin within 20u cen=1 force=0
[19:24:21.763] [HOST] INFO: [spawn] INFO deferred (dupe) hand=1,181,3623535104,1,2385498112 sid='1411-gamedata.base' twin within 20u cen=1 force=0
[19:24:21.763] [HOST] INFO: [spawn] INFO deferred (dupe) hand=1,182,3010375936,1,2021118208 sid='1411-gamedata.base' twin within 20u cen=1 force=0
[19:24:21.765] [HOST] INFO: [pose] rest re-arm task 65535 -> 87
[19:24:21.765] [HOST] INFO: [pose] applyOrder hand=1,2342163200 task=87 subj=2941,3447143680,0 wire=2941,3447143680 det=1 r=2 try=0
[19:24:21.765] [HOST] INFO: [ai] suspended=20 driven=62
[19:24:21.880] [HOST] INFO: [snap] mid hand=2,2515747072 name='Holy Sentinel' gap=24.3 gate=8.1 srcVel=0.0 cSpeed=0.0 mult=1.00 slew=1.00 dest=1 skipped=0
[19:24:21.917] [HOST] INFO: [census] FREEZE hand=6,1777343744 name='Paladin' d=4 (frozen=5)
[19:24:22.059] [HOST] INFO: [inv] APPLY hand=0,1432,11111,3300,1302124032 items=0
[19:24:22.131] [HOST] INFO: [stats] RECV hand=1,2916870144 ok=1 str=6.5 dex=1.3 tough=11.6 stealth=1.3 athl=25.9 xp=0
[19:24:22.176] [HOST] INFO: [pose] rest re-arm task 65535 -> 87
[19:24:22.176] [HOST] INFO: [pose] applyOrder hand=1,1583740288 task=87 subj=2971,1998779264,0 wire=2971,1998779264 det=1 r=2 try=0
[19:24:22.221] [HOST] INFO: [census] FREEZE hand=6,1777343744 name='Paladin' d=30 (frozen=5)
[19:24:22.221] [HOST] INFO: [census] park hand=8,3573608448 name='Holy Sentinel' d=145 local=-37103,774,-44208 host=-37063,708,-44085 (parks=9)
[19:24:22.281] [HOST] INFO: [snap] mid hand=2,1680786176 name='Shop Guard holy' gap=80.2 gate=26.7 srcVel=0.0 cSpeed=14.0 mult=1.00 slew=1.00 dest=1 skipped=0
[19:24:22.396] [HOST] INFO: [census] sent n=113 radius=2000 mid=2 anchors=3 a0=loaded:17 a1=loaded:139 a2=loaded:44 enum=200 notmine=87 proxyrow=0 attnR=1000
[19:24:22.438] [HOST] INFO: [inv] APPLY hand=0,1432,11111,3295,1215087872 items=0
[19:24:22.550] [HOST] INFO: [census] FREEZE hand=6,1777343744 name='Paladin' d=30 (frozen=5)
[19:24:22.609] [HOST] INFO: [life] hand=1,62,3429443328,2,3905151488 from=HI to=PARKED reason=mid-rest
[19:24:22.742] [HOST] INFO: [pose] rest re-arm task 65535 -> 87
[19:24:22.742] [HOST] INFO: [pose] applyOrder hand=1,3732910080 task=87 subj=2935,2406860288,0 wire=2935,2406860288 det=1 r=2 try=0
[19:24:22.813] [HOST] INFO: [pose] rest re-arm task 65535 -> 87
[19:24:22.813] [HOST] INFO: [pose] applyOrder hand=1,2482055680 task=87 subj=2939,1210205056,0 wire=2939,1210205056 det=1 r=2 try=0
[19:24:22.858] [HOST] INFO: [census] FREEZE hand=6,1777343744 name='Paladin' d=30 (frozen=5)
[19:24:23.085] [HOST] INFO: [inv] APPLY hand=0,1432,11111,3299,3519287040 items=0
[19:24:23.140] [HOST] INFO: [gate] hand=1,3646484480 host=51 local=1  agree=32533/45242 (71%)
[19:24:23.178] [HOST] INFO: [census] FREEZE hand=6,1777343744 name='Paladin' d=30 (frozen=5)
[19:24:23.205] [HOST] INFO: [census] recv n=85 culls=2
[19:24:23.280] [HOST] INFO: [census] park hand=7,3348877056 name='Paladin' d=124 local=-36960,687,-43510 host=-36868,696,-43427 (parks=10)
[19:24:23.317] [HOST] INFO: [cell] MAP cells=2 slots=2 23,22=1 24,22=0
[19:24:23.405] [HOST] INFO: [inv] APPLY hand=0,1432,11111,3294,2390747136 items=0
[19:24:23.405] [HOST] INFO: [inv] APPLY hand=0,1432,11111,3296,487182624 items=0
[19:24:23.494] [HOST] INFO: [census] FREEZE hand=6,1777343744 name='Paladin' d=61 (frozen=5)
[19:24:23.611] [HOST] INFO: [pose] rest re-arm task 65535 -> 221
[19:24:23.611] [HOST] INFO: [pose] applyOrder hand=2,701782208 task=221 subj=3035,422119136,0 wire=3035,422119136 det=1 r=2 try=0
[19:24:23.662] [HOST] INFO: [snap] mid hand=1,3646484480 name='Holy Sentinel' gap=24.2 gate=8.0 srcVel=0.0 cSpeed=0.0 mult=1.00 slew=1.00 dest=1 skipped=0
[19:24:23.810] [HOST] INFO: [census] FREEZE hand=6,1777343744 name='Paladin' d=61 (frozen=5)
[19:24:24.127] [HOST] INFO: [census] FREEZE hand=6,1777343744 name='Paladin' d=61 (frozen=5)
[19:24:24.211] [HOST] INFO: [pose] rest re-arm task 65535 -> 87
[19:24:24.211] [HOST] INFO: [pose] applyOrder hand=1,1583740288 task=87 subj=2971,1998779264,0 wire=2971,1998779264 det=1 r=2 try=0
[19:24:24.277] [HOST] INFO: [interp] lerp=30336 extrap=2396 clamp=5 seg=195 single=34289 snapSq=432 snapNpc=0 reissueSq=385 reissueNpc=636 restFlip=11 delay=714 jit=198.6 starve=5 snapMid=5 restFlipMid=5 haltDrv=0
[19:24:24.277] [HOST] INFO: [interp] worstZero hand=1,2916870144 zero=781 active=5442 seg=60
[19:24:24.379] [HOST] INFO: [deed] AUDIT hand=0.1432.11111.612.3788940544 isPlayer=1 set=1 sale=0 shop=0 public=0 desig=9 resident=0/0 town=0/1 interior=1 internals=0 doors=1/1/0 furn=0/0/0 canUse=1 home=1/1/0 stuff=1 wallet=19134 squads=2/0/0 cur=0/0 base=1/0 owner='204-gamedata.base' name='Small Shack'
[19:24:24.432] [HOST] INFO: [census] FREEZE hand=6,1777343744 name='Paladin' d=92 (frozen=5)
[19:24:24.751] [HOST] INFO: [life] hand=1,51,1425170944,1,514282240 from=UNKNOWN to=CULLED reason=cull-wide
[19:24:24.751] [HOST] INFO: [census] cull NPC hand=1,514282240 name='Wefnur' pos=-37710,702,-43188 (census=84 wide=165 supp=3 culls=3)
[19:24:24.751] [HOST] INFO: [census] FREEZE hand=6,1777343744 name='Paladin' d=92 (frozen=5)
[19:24:24.769] [HOST] INFO: [pose] rest re-arm task 65535 -> 87
[19:24:24.769] [HOST] INFO: [pose] applyOrder hand=1,3732910080 task=87 subj=2935,2406860288,0 wire=2935,2406860288 det=1 r=2 try=0
[19:24:24.769] [HOST] INFO: [ai] suspended=19 driven=62
[19:24:24.820] [HOST] INFO: [pose] rest re-arm task 65535 -> 87
[19:24:24.820] [HOST] INFO: [pose] applyOrder hand=1,2482055680 task=87 subj=2939,1210205056,0 wire=2939,1210205056 det=1 r=2 try=0
[19:24:24.820] [HOST] INFO: [snap] mid hand=1,2393921024 name='Holy Sentinel' gap=130.3 gate=42.2 srcVel=0.0 cSpeed=15.1 mult=1.00 slew=1.00 dest=1 skipped=0
[19:24:24.955] [HOST] INFO: [life] hand=1,280,1155517568,1,2047241216 from=MID to=PARKED reason=mid-rest
[19:24:25.071] [HOST] INFO: [census] FREEZE hand=6,1777343744 name='Paladin' d=92 (frozen=5)
[19:24:25.154] [HOST] INFO: [gate] hand=1,3646484480 host=51 local=1  agree=37506/51845 (72%)
[19:24:25.171] [HOST] INFO: [census] park hand=6,1777343744 name='Paladin' d=122 local=-36975,674,-43562 host=-36900,692,-43467 (parks=11)
[19:24:25.221] [HOST] INFO: [pose] rest re-arm task 65535 -> 87
[19:24:25.221] [HOST] INFO: [pose] applyOrder hand=1,2342163200 task=87 subj=2941,3447143680,0 wire=2941,3447143680 det=1 r=2 try=0
[19:24:25.274] [HOST] INFO: [snap] mid hand=1,3564575232 name='Holy Servant' gap=107.5 gate=35.8 srcVel=0.0 cSpeed=15.0 mult=1.00 slew=1.00 dest=1 skipped=1
[19:24:25.287] [HOST] INFO: [stats] SEND hand=1,1709716736 str=9.0 dex=5.6 tough=11.4 stealth=1.5 athl=19.1 xp=0 fap=0
[19:24:25.289] [HOST] INFO: [cam] center=-36132.7,570.4,-42013.7
[19:24:25.374] [HOST] INFO: [census] FREEZE hand=6,1777343744 name='Paladin' d=3 (frozen=5)
[19:24:25.524] [HOST] INFO: [snap] mid hand=2,1680786176 name='Shop Guard holy' gap=70.6 gate=23.3 srcVel=0.0 cSpeed=14.5 mult=1.00 slew=1.00 dest=1 skipped=0
[19:24:25.558] [HOST] INFO: [budget] pub avg=186us max=380us apply avg=143us max=848us frames=349 over2ms=0
[19:24:25.624] [HOST] INFO: [pose] rest re-arm task 65535 -> 221
[19:24:25.624] [HOST] INFO: [pose] applyOrder hand=2,701782208 task=221 subj=3035,422119136,0 wire=3035,422119136 det=1 r=2 try=0
[19:24:25.693] [HOST] INFO: [census] FREEZE hand=6,1777343744 name='Paladin' d=3 (frozen=5)
[19:24:25.745] [HOST] INFO: [pose] rest re-arm task 65535 -> 87
[19:24:25.745] [HOST] INFO: [pose] applyOrder hand=1,3621704192 task=87 subj=2927,3629638656,0 wire=2927,3629638656 det=1 r=2 try=0
[19:24:25.797] [HOST] INFO: [audit] exist near=1 wide=165 drv=53 cen=19 hid=3 ghost=0 supp=3 census=84 fresh=1 parks=12 nearCap=0 wideCap=0 staleMs=58929 edges=0 ghostMax=-1 ghostEdge=0 dorm=10 attnR=1000 dormPc=0 pcs=2 mine=80 skip=80 cells=2
[19:24:25.898] [HOST] INFO: [snap] mid hand=1,3517700096 name='Holy Priest' gap=110.7 gate=36.7 srcVel=0.0 cSpeed=15.0 mult=1.00 slew=1.00 dest=1 skipped=0
[19:24:25.999] [HOST] INFO: [census] FREEZE hand=6,1777343744 name='Paladin' d=3 (frozen=5)
[19:24:26.015] [HOST] INFO: [inv] APPLY hand=1,2,2989257728,1,2916870144 items=9
[19:24:26.085] [HOST] INFO: [life] hand=1,67,3061035264,2,2515747072 from=MID to=PARKED reason=mid-rest
[19:24:26.219] [HOST] INFO: [pose] rest re-arm task 65535 -> 87
[19:24:26.219] [HOST] INFO: [pose] applyOrder hand=1,1583740288 task=87 subj=2971,1998779264,0 wire=2971,1998779264 det=1 r=2 try=0
[19:24:26.307] [HOST] INFO: [census] FREEZE hand=6,1777343744 name='Paladin' d=32 (frozen=5)
[19:24:26.424] [HOST] INFO: [pose] rest re-arm task 65535 -> 221
[19:24:26.424] [HOST] INFO: [pose] applyOrder hand=2,3759399424 task=221 subj=3411,273925792,0 wire=3411,273925792 det=1 r=2 try=0
[19:24:26.613] [HOST] INFO: [census] FREEZE hand=6,1777343744 name='Paladin' d=32 (frozen=5)
[19:24:26.660] [HOST] INFO: [net] [net] bandwidth out=7.9 KB/s in=14.7 KB/s (window 5s)
[19:24:26.664] [HOST] INFO: [snap] mid hand=1,3646484480 name='Holy Sentinel' gap=35.1 gate=8.0 srcVel=0.0 cSpeed=0.0 mult=1.00 slew=1.00 dest=1 skipped=1
[19:24:26.700] [HOST] INFO: [life] hand=1,59,1456176768,4,3854003968 from=MID to=PARKED reason=mid-rest
[19:24:26.716] [HOST] INFO: [census] park hand=6,1799316352 name='Holy Sentinel' d=123 local=-37825,707,-43591 host=-37819,708,-43468 (parks=13)
[19:24:26.803] [HOST] INFO: [life] hand=1,59,1456176768,1,3646484480 from=MID to=PARKED reason=mid-rest
[19:24:26.820] [HOST] INFO: [pose] rest re-arm task 65535 -> 87
[19:24:26.820] [HOST] INFO: [pose] applyOrder hand=1,2482055680 task=87 subj=2939,1210205056,0 wire=2939,1210205056 det=1 r=2 try=0
[19:24:26.873] [HOST] INFO: [life] hand=1,59,1456176768,4,3854003968 from=PARKED to=MID reason=drive
[19:24:26.925] [HOST] INFO: [census] FREEZE hand=6,1777343744 name='Paladin' d=32 (frozen=6)
[19:24:27.097] [HOST] INFO: [snap] mid hand=1,1025512704 name='Holy Citizen' gap=96.4 gate=31.9 srcVel=0.0 cSpeed=14.9 mult=1.00 slew=1.00 dest=1 skipped=0
[19:24:27.150] [HOST] INFO: [stats] RECV hand=1,2916870144 ok=1 str=6.5 dex=1.3 tough=11.6 stealth=1.3 athl=25.9 xp=0
[19:24:27.152] [HOST] INFO: [inv] APPLY hand=0,1432,11111,3300,1302124032 items=0
[19:24:27.152] [HOST] INFO: [cam] hint recv=-38095.1,739.2,-43097.9
[19:24:27.170] [HOST] INFO: [gate] hand=1,3646484480 host=51 local=1  agree=41672/57805 (72%)
[19:24:27.186] [HOST] INFO: [spawn] REQ hand=1,75,3826782208,1,1112426752 send=1
[19:24:27.186] [HOST] INFO: [spawn] REQ hand=1,88,3486572288,1,675903296 send=1
[19:24:27.186] [HOST] INFO: [spawn] REQ hand=1,162,3308105472,1,2351806720 send=1
[19:24:27.186] [HOST] INFO: [spawn] REQ hand=1,171,372680672,1,3734619136 send=1
[19:24:27.186] [HOST] INFO: [spawn] REQ hand=1,172,1474731392,1,3861083904 send=1
[19:24:27.186] [HOST] INFO: [spawn] REQ hand=1,173,91186520,1,2586914048 send=1
[19:24:27.186] [HOST] INFO: [spawn] REQ hand=1,174,2041259776,1,88134768 send=1
[19:24:27.186] [HOST] INFO: [spawn] REQ hand=1,181,3623535104,1,2385498112 send=1
[19:24:27.186] [HOST] INFO: [spawn] REQ hand=1,182,3010375936,1,2021118208 send=1
[19:24:27.226] [HOST] INFO: [life] hand=1,38,3124999936,3,2558227456 from=MID to=PARKED reason=mid-rest
[19:24:27.243] [HOST] INFO: [census] FREEZE hand=6,1799316352 name='Holy Sentinel' d=2 (frozen=6)
[19:24:27.297] [HOST] INFO: [pose] rest re-arm task 65535 -> 87
[19:24:27.297] [HOST] INFO: [pose] applyOrder hand=1,2342163200 task=87 subj=2941,3447143680,0 wire=2941,3447143680 det=1 r=2 try=0
[19:24:27.361] [HOST] INFO: [spawn] INFO deferred (dupe) hand=1,75,3826782208,1,1112426752 sid='1411-gamedata.base' twin within 20u cen=1 force=0
[19:24:27.361] [HOST] INFO: [spawn] INFO deferred (dupe) hand=1,88,3486572288,1,675903296 sid='1411-gamedata.base' twin within 20u cen=1 force=0
[19:24:27.361] [HOST] INFO: [spawn] INFO deferred (dupe) hand=1,162,3308105472,1,2351806720 sid='4999487-DialoguePlus.mod' twin within 20u cen=1 force=0
[19:24:27.361] [HOST] INFO: [spawn] INFO deferred (dupe) hand=1,171,372680672,1,3734619136 sid='4999487-DialoguePlus.mod' twin within 20u cen=1 force=0
[19:24:27.361] [HOST] INFO: [spawn] INFO deferred (dupe) hand=1,172,1474731392,1,3861083904 sid='1411-gamedata.base' twin within 20u cen=1 force=0
[19:24:27.361] [HOST] INFO: [spawn] INFO deferred (dupe) hand=1,173,91186520,1,2586914048 sid='17225-Dialogue.mod' twin within 20u cen=1 force=0
[19:24:27.361] [HOST] INFO: [spawn] INFO deferred (dupe) hand=1,174,2041259776,1,88134768 sid='1411-gamedata.base' twin within 20u cen=1 force=0
[19:24:27.361] [HOST] INFO: [spawn] INFO deferred (dupe) hand=1,181,3623535104,1,2385498112 sid='1411-gamedata.base' twin within 20u cen=1 force=0
[19:24:27.361] [HOST] INFO: [spawn] INFO deferred (dupe) hand=1,182,3010375936,1,2021118208 sid='1411-gamedata.base' twin within 20u cen=1 force=0
[19:24:27.431] [HOST] INFO: [life] hand=1,69,2718139648,1,3228881920 from=MID to=HI reason=drive
[19:24:27.431] [HOST] INFO: [inv] APPLY hand=0,1432,11111,3295,1215087872 items=0
[19:24:27.552] [HOST] INFO: [census] FREEZE hand=6,1799316352 name='Holy Sentinel' d=2 (frozen=6)
[19:24:27.568] [HOST] INFO: [pose] rest re-arm task 65535 -> 221
[19:24:27.568] [HOST] INFO: [pose] applyOrder hand=1,1965331968 task=221 subj=2684,1889404288,0 wire=2684,1889404288 det=1 r=2 try=0
[19:24:27.774] [HOST] INFO: [ai] suspended=14 driven=62
[19:24:27.859] [HOST] INFO: [census] FREEZE hand=6,1799316352 name='Holy Sentinel' d=0 (frozen=6)
[19:24:28.094] [HOST] INFO: [inv] APPLY hand=0,1432,11111,3299,3519287040 items=0
[19:24:28.163] [HOST] INFO: [census] FREEZE hand=6,1799316352 name='Holy Sentinel' d=0 (frozen=6)
[19:24:28.265] [HOST] INFO: [census] park hand=8,3573608448 name='Holy Sentinel' d=138 local=-37069,708,-44039 host=-37085,689,-43904 (parks=14)
[19:24:28.317] [HOST] INFO: [cell] MAP cells=2 slots=2 23,22=1 24,22=0
[19:24:28.403] [HOST] INFO: [inv] APPLY hand=0,1432,11111,3294,2390747136 items=0
[19:24:28.403] [HOST] INFO: [inv] APPLY hand=0,1432,11111,3296,487182624 items=0
[19:24:28.471] [HOST] INFO: [census] FREEZE hand=6,1799316352 name='Holy Sentinel' d=0 (frozen=6)
[19:24:28.728] [HOST] INFO: [life] hand=1,59,1456176768,2,3321777408 from=MID to=PARKED reason=mid-rest
[19:24:28.729] [HOST] INFO: [inv] APPLY hand=1,2,2989257728,1,2916870144 items=10
[19:24:28.779] [HOST] INFO: [pose] rest re-arm task 65535 -> 87
[19:24:28.779] [HOST] INFO: [pose] applyOrder hand=3,2558227456 task=87 subj=2932,3377319424,0 wire=2932,3377319424 det=1 r=2 try=0
[19:24:28.780] [HOST] INFO: [census] FREEZE hand=6,1799316352 name='Holy Sentinel' d=0 (frozen=6)
[19:24:28.831] [HOST] INFO: [med] SEND hand=1,1709716736 npc=0 blood=81.8 bleed=0.00 fl=100.0,100.0,100.0,100.0 bd=0.0,0.0,0.0,0.0 flags=0 nparts=7 pmin=51.0 smin=0.0 ls=0,0,0,0
[19:24:28.886] [HOST] INFO: [life] hand=1,120,959716800,1,1742797824 from=MID to=PARKED reason=mid-rest
[19:24:29.113] [HOST] INFO: [census] FREEZE hand=6,1799316352 name='Holy Sentinel' d=0 (frozen=6)
[19:24:29.176] [HOST] INFO: [gate] hand=1,3646484480 host=51 local=1  agree=46058/63711 (72%)
[19:24:29.220] [HOST] INFO: [snap] mid hand=5,3923217664 name='Paladin' gap=66.8 gate=22.2 srcVel=0.0 cSpeed=0.2 mult=1.00 slew=1.00 dest=1 skipped=0
[19:24:29.250] [HOST] INFO: [pose] rest re-arm task 65535 -> 87
[19:24:29.250] [HOST] INFO: [pose] applyOrder hand=1,3732910080 task=87 subj=2935,2406860288,0 wire=2935,2406860288 det=1 r=2 try=0
[19:24:29.280] [HOST] INFO: [pose] rest re-arm task 65535 -> 87
[19:24:29.280] [HOST] INFO: [pose] applyOrder hand=1,2342163200 task=87 subj=2941,3447143680,0 wire=2941,3447143680 det=1 r=2 try=0
[19:24:29.280] [HOST] INFO: [interp] lerp=34742 extrap=2554 clamp=5 seg=195 single=45540 snapSq=432 snapNpc=0 reissueSq=385 reissueNpc=827 restFlip=12 delay=714 jit=181.4 starve=7 snapMid=14 restFlipMid=10 haltDrv=0
[19:24:29.280] [HOST] INFO: [interp] worstZero hand=1,2916870144 zero=781 active=5442 seg=58
[19:24:29.427] [HOST] INFO: [deed] AUDIT hand=0.1432.11111.612.3788940544 isPlayer=1 set=1 sale=0 shop=0 public=0 desig=9 resident=0/0 town=0/1 interior=1 internals=0 doors=1/1/0 furn=0/0/0 canUse=1 home=1/1/0 stuff=1 wallet=19134 squads=2/0/0 cur=0/0 base=1/0 owner='204-gamedata.base' name='Small Shack'
[19:24:29.428] [HOST] INFO: [life] hand=1,256,701782208,1,3642333952 from=PARKED to=MID reason=drive
[19:24:29.429] [HOST] INFO: [census] FREEZE hand=6,1799316352 name='Holy Sentinel' d=0 (frozen=6)
[19:24:29.590] [HOST] INFO: [pose] rest re-arm task 65535 -> 221
[19:24:29.590] [HOST] INFO: [pose] applyOrder hand=1,1965331968 task=221 subj=2684,1889404288,0 wire=2684,1889404288 det=1 r=2 try=0
[19:24:29.737] [HOST] INFO: [census] FREEZE hand=6,1799316352 name='Holy Sentinel' d=0 (frozen=6)
[19:24:29.765] [HOST] INFO: [life] hand=1,59,1456176768,4,3854003968 from=MID to=PARKED reason=mid-rest
[19:24:29.796] [HOST] INFO: [pose] rest re-arm task 65535 -> 87
[19:24:29.796] [HOST] INFO: [pose] applyOrder hand=1,3621704192 task=87 subj=2927,3629638656,0 wire=2927,3629638656 det=1 r=2 try=0
[19:24:30.044] [HOST] INFO: [census] FREEZE hand=6,1799316352 name='Holy Sentinel' d=0 (frozen=6)
[19:24:30.165] [HOST] INFO: [life] hand=1,59,1456176768,3,3159667968 from=MID to=PARKED reason=mid-rest
[19:24:30.211] [HOST] INFO: [pose] rest re-arm task 65535 -> 87
[19:24:30.211] [HOST] INFO: [pose] applyOrder hand=1,1583740288 task=87 subj=2971,1998779264,0 wire=2971,1998779264 det=1 r=2 try=0
[19:24:30.286] [HOST] INFO: [door] rollup sent=0 (resend=0) recv=0 applied=0 nohand=0 converged=0 over=30s
[19:24:30.287] [HOST] INFO: [cam] center=-36061.9,575.7,-42150.1
[19:24:30.363] [HOST] INFO: [census] FREEZE hand=6,1799316352 name='Holy Sentinel' d=0 (frozen=5)
[19:24:30.424] [HOST] INFO: [pose] rest re-arm task 65535 -> 221
[19:24:30.424] [HOST] INFO: [pose] applyOrder hand=2,3759399424 task=221 subj=3411,273925792,0 wire=3411,273925792 det=1 r=2 try=0
[19:24:30.571] [HOST] INFO: [budget] pub avg=194us max=434us apply avg=145us max=407us frames=306 over2ms=0
[19:24:30.675] [HOST] INFO: [census] FREEZE hand=6,1799316352 name='Holy Sentinel' d=0 (frozen=5)
[19:24:30.746] [HOST] INFO: [pose] rest re-arm task 65535 -> 87
[19:24:30.746] [HOST] INFO: [pose] applyOrder hand=3,2558227456 task=87 subj=2932,3377319424,0 wire=2932,3377319424 det=1 r=2 try=0
[19:24:30.746] [HOST] INFO: [life] hand=1,280,1155517568,1,2047241216 from=PARKED to=MID reason=drive
[19:24:30.788] [HOST] INFO: [ai] suspended=14 driven=62
[19:24:30.854] [HOST] INFO: [pose] rest re-arm task 65535 -> 87
[19:24:30.854] [HOST] INFO: [pose] applyOrder hand=1,1742797824 task=87 subj=2923,1480102528,0 wire=2923,1480102528 det=1 r=2 try=0
[19:24:30.893] [HOST] INFO: [audit] exist near=1 wide=166 drv=51 cen=20 hid=3 ghost=0 supp=3 census=83 fresh=1 parks=14 nearCap=0 wideCap=0 staleMs=58929 edges=0 ghostMax=-1 ghostEdge=0 dorm=12 attnR=1000 dormPc=0 pcs=2 mine=80 skip=80 cells=2
[19:24:31.005] [HOST] INFO: [census] FREEZE hand=6,1799316352 name='Holy Sentinel' d=0 (frozen=5)
[19:24:31.156] [HOST] INFO: [life] hand=1,168,1722900352,1,1281250048 from=PARKED to=MID reason=drive
[19:24:31.185] [HOST] INFO: [gate] hand=1,3646484480 host=51 local=1  agree=51061/70634 (72%)
[19:24:31.214] [HOST] INFO: [census] park hand=8,3573608448 name='Holy Sentinel' d=131 local=-37081,691,-43946 host=-37107,684,-43817 (parks=15)
[19:24:31.229] [HOST] INFO: [pose] rest re-arm task 65535 -> 87
[19:24:31.229] [HOST] INFO: [pose] applyOrder hand=1,3732910080 task=87 subj=2935,2406860288,0 wire=2935,2406860288 det=1 r=2 try=0
[19:24:31.271] [HOST] INFO: [pose] rest re-arm task 65535 -> 87
[19:24:31.271] [HOST] INFO: [pose] applyOrder hand=1,2482055680 task=87 subj=2939,1210205056,0 wire=2939,1210205056 det=1 r=2 try=0
[19:24:31.326] [HOST] INFO: [census] FREEZE hand=8,3573608448 name='Holy Sentinel' d=2 (frozen=5)
[19:24:31.406] [HOST] INFO: [life] hand=1,256,701782208,1,3642333952 from=MID to=PARKED reason=mid-rest
[19:24:31.514] [HOST] INFO: [pose] rest re-arm task 65535 -> 221
[19:24:31.514] [HOST] INFO: [pose] applyOrder hand=1,1965331968 task=221 subj=2684,1889404288,0 wire=2684,1889404288 det=1 r=2 try=0
[19:24:31.650] [HOST] INFO: [census] FREEZE hand=8,3573608448 name='Holy Sentinel' d=6 (frozen=5)
[19:24:31.708] [HOST] INFO: [net] [net] bandwidth out=7.0 KB/s in=13.6 KB/s (window 5s)
[19:24:31.759] [HOST] INFO: [census] park hand=2,3905151488 name='High Paladin' d=120 local=-37102,674,-43207 host=-37066,668,-43093 (parks=16)
[19:24:31.787] [HOST] INFO: [pose] rest re-arm task 65535 -> 87
[19:24:31.787] [HOST] INFO: [pose] applyOrder hand=1,3621704192 task=87 subj=2927,3629638656,0 wire=2927,3629638656 det=1 r=2 try=0
[19:24:31.865] [HOST] INFO: [snap] mid hand=1,3119750912 name='Holy Armour Trader' gap=199.8 gate=66.3 srcVel=0.0 cSpeed=15.0 mult=1.00 slew=1.00 dest=1 skipped=0
[19:24:31.970] [HOST] INFO: [census] FREEZE hand=8,3573608448 name='Holy Sentinel' d=11 (frozen=6)
[19:24:32.035] [HOST] INFO: [inv] APPLY hand=0,1432,11111,3300,1302124032 items=0
[19:24:32.178] [HOST] INFO: [stats] RECV hand=1,2916870144 ok=1 str=6.5 dex=1.3 tough=11.6 stealth=1.3 athl=25.9 xp=0
[19:24:32.220] [HOST] INFO: [cam] hint recv=-38078.8,731.8,-43095.7
[19:24:32.233] [HOST] INFO: [pose] rest re-arm task 65535 -> 87
[19:24:32.233] [HOST] INFO: [pose] applyOrder hand=1,1583740288 task=87 subj=2971,1998779264,0 wire=2971,1998779264 det=1 r=2 try=0
[19:24:32.289] [HOST] INFO: [census] FREEZE hand=8,3573608448 name='Holy Sentinel' d=43 (frozen=6)
[19:24:32.401] [HOST] INFO: [snap] mid hand=6,1648925824 name='Holy Sentinel' gap=192.4 gate=63.7 srcVel=30.6 cSpeed=15.0 mult=1.00 slew=1.00 dest=1 skipped=1
[19:24:32.428] [HOST] INFO: [inv] APPLY hand=0,1432,11111,3295,1215087872 items=0
[19:24:32.484] [HOST] INFO: [pose] rest re-arm task 65535 -> 221
[19:24:32.484] [HOST] INFO: [pose] applyOrder hand=2,3759399424 task=221 subj=3411,273925792,0 wire=3411,273925792 det=1 r=2 try=0
[19:24:32.484] [HOST] INFO: [census] sent n=111 radius=2000 mid=2 anchors=3 a0=loaded:15 a1=loaded:138 a2=loaded:46 enum=199 notmine=88 proxyrow=0 attnR=1000
[19:24:32.511] [HOST] INFO: [census] park hand=1,612915008 name='Hungry bandit' d=123 local=-36983,685,-43931 host=-36874,739,-43946 (parks=17)
[19:24:32.621] [HOST] INFO: [census] FREEZE hand=8,3573608448 name='Holy Sentinel' d=48 (frozen=7)
[19:24:32.808] [HOST] INFO: [pose] rest re-arm task 65535 -> 87
[19:24:32.808] [HOST] INFO: [pose] applyOrder hand=1,2482055680 task=87 subj=2939,1210205056,0 wire=2939,1210205056 det=1 r=2 try=0
[19:24:32.901] [HOST] INFO: [med] SEND hand=1,1709716736 npc=0 blood=81.8 bleed=0.00 fl=100.0,100.0,100.0,100.0 bd=0.0,0.0,0.0,0.0 flags=0 nparts=7 pmin=51.1 smin=0.0 ls=0,0,0,0
[19:24:32.939] [HOST] INFO: [census] FREEZE hand=8,3573608448 name='Holy Sentinel' d=48 (frozen=7)
[19:24:33.064] [HOST] INFO: [inv] APPLY hand=0,1432,11111,3299,3519287040 items=0
[19:24:33.177] [HOST] INFO: [life] hand=1,168,1722900352,1,1281250048 from=MID to=PARKED reason=mid-rest
[19:24:33.189] [HOST] INFO: [gate] hand=1,3646484480 host=51 local=1  agree=56290/77996 (72%)
[19:24:33.199] [HOST] INFO: [spawn] REQ hand=1,75,3826782208,1,1112426752 send=1
[19:24:33.199] [HOST] INFO: [spawn] REQ hand=1,88,3486572288,1,675903296 send=1
[19:24:33.200] [HOST] INFO: [spawn] REQ hand=1,162,3308105472,1,2351806720 send=1
[19:24:33.200] [HOST] INFO: [spawn] REQ hand=1,171,372680672,1,3734619136 send=1
[19:24:33.200] [HOST] INFO: [spawn] REQ hand=1,172,1474731392,1,3861083904 send=1
[19:24:33.200] [HOST] INFO: [spawn] REQ hand=1,173,91186520,1,2586914048 send=1
[19:24:33.200] [HOST] INFO: [spawn] REQ hand=1,174,2041259776,1,88134768 send=1
[19:24:33.200] [HOST] INFO: [spawn] REQ hand=1,181,3623535104,1,2385498112 send=1
[19:24:33.200] [HOST] INFO: [spawn] REQ hand=1,182,3010375936,1,2021118208 send=1
[19:24:33.236] [HOST] INFO: [census] recv n=84 culls=3
[19:24:33.248] [HOST] INFO: [census] park hand=1,3642333952 name='Holy Citizen' d=355 local=-37515,707,-42866 host=-37717,770,-43151 (parks=18)
[19:24:33.248] [HOST] INFO: [census] FREEZE hand=1,3642333952 name='Holy Citizen' d=355 (frozen=8)
[19:24:33.302] [HOST] INFO: [med] SEND hand=1,1709716736 npc=0 blood=81.8 bleed=0.00 fl=100.0,100.0,100.0,100.0 bd=0.0,0.0,0.0,0.0 flags=0 nparts=7 pmin=51.1 smin=0.0 ls=0,0,0,0
[19:24:33.315] [HOST] INFO: [pose] rest re-arm task 65535 -> 87
[19:24:33.315] [HOST] INFO: [pose] applyOrder hand=1,2342163200 task=87 subj=2941,3447143680,0 wire=2941,3447143680 det=1 r=2 try=0
[19:24:33.326] [HOST] INFO: [cell] MAP cells=2 slots=2 23,22=1 24,22=0
[19:24:33.388] [HOST] INFO: [spawn] INFO deferred (dupe) hand=1,75,3826782208,1,1112426752 sid='1411-gamedata.base' twin within 20u cen=1 force=0
[19:24:33.388] [HOST] INFO: [spawn] INFO deferred (dupe) hand=1,88,3486572288,1,675903296 sid='1411-gamedata.base' twin within 20u cen=1 force=0
[19:24:33.388] [HOST] INFO: [spawn] INFO deferred (dupe) hand=1,162,3308105472,1,2351806720 sid='4999487-DialoguePlus.mod' twin within 20u cen=1 force=0
[19:24:33.388] [HOST] INFO: [spawn] INFO deferred (dupe) hand=1,171,372680672,1,3734619136 sid='4999487-DialoguePlus.mod' twin within 20u cen=1 force=0
[19:24:33.388] [HOST] INFO: [spawn] INFO deferred (dupe) hand=1,172,1474731392,1,3861083904 sid='1411-gamedata.base' twin within 20u cen=1 force=0
[19:24:33.388] [HOST] INFO: [spawn] INFO deferred (dupe) hand=1,173,91186520,1,2586914048 sid='17225-Dialogue.mod' twin within 20u cen=1 force=0
[19:24:33.388] [HOST] INFO: [spawn] INFO deferred (dupe) hand=1,174,2041259776,1,88134768 sid='1411-gamedata.base' twin within 20u cen=1 force=0
[19:24:33.388] [HOST] INFO: [spawn] INFO deferred (dupe) hand=1,181,3623535104,1,2385498112 sid='1411-gamedata.base' twin within 20u cen=1 force=0
[19:24:33.388] [HOST] INFO: [spawn] INFO deferred (dupe) hand=1,182,3010375936,1,2021118208 sid='1411-gamedata.base' twin within 20u cen=1 force=0
[19:24:33.389] [HOST] INFO: [pose] rest re-arm task 65535 -> 87
[19:24:33.389] [HOST] INFO: [pose] applyOrder hand=1,1742797824 task=87 subj=2923,1480102528,0 wire=2923,1480102528 det=1 r=2 try=0
[19:24:33.444] [HOST] INFO: [inv] APPLY hand=0,1432,11111,3294,2390747136 items=0
[19:24:33.444] [HOST] INFO: [inv] APPLY hand=0,1432,11111,3296,487182624 items=0
[19:24:33.569] [HOST] INFO: [census] FREEZE hand=1,3642333952 name='Holy Citizen' d=63 (frozen=8)
[19:24:33.580] [HOST] INFO: [life] hand=1,97,2445678592,1,1224365184 from=PARKED to=MID reason=drive
[19:24:33.658] [HOST] INFO: [pose] rest re-arm task 65535 -> 221
[19:24:33.658] [HOST] INFO: [pose] applyOrder hand=2,701782208 task=221 subj=3035,422119136,0 wire=3035,422119136 det=1 r=2 try=0
[19:24:33.790] [HOST] INFO: [life] hand=1,145,609985344,1,930175808 from=PARKED to=MID reason=drive
[19:24:33.790] [HOST] INFO: [life] hand=1,248,2116088832,1,3540405248 from=PARKED to=MID reason=drive
[19:24:33.790] [HOST] INFO: [life] hand=1,256,701782208,1,3642333952 from=PARKED to=MID reason=drive
[19:24:33.790] [HOST] INFO: [ai] suspended=16 driven=62
[19:24:33.790] [HOST] INFO: [inv] APPLY hand=1,2,2989257728,1,2916870144 items=10
[19:24:33.877] [HOST] INFO: [life] hand=1,102,638305664,1,306640640 from=PARKED to=MID reason=drive
[19:24:33.878] [HOST] INFO: [pose] rest re-arm task 65535 -> 87
[19:24:33.878] [HOST] INFO: [pose] applyOrder hand=1,1707885696 task=87 subj=2940,3288452096,0 wire=2940,3288452096 det=1 r=2 try=0
[19:24:33.890] [HOST] INFO: [census] FREEZE hand=8,3573608448 name='Holy Sentinel' d=74 (frozen=8)
[19:24:34.141] [HOST] INFO: [life] hand=1,53,592651392,1,1441040000 from=PARKED to=MID reason=drive
[19:24:34.204] [HOST] INFO: [seatres] HOST task=87 npc=1,514282240 subj=2932,3377319424 ok=1 npcpos=-37710.4,-43187.6 subjpos=-37710.4,-43187.6 d=0.0
[19:24:34.206] [HOST] INFO: [census] FREEZE hand=8,3573608448 name='Holy Sentinel' d=105 (frozen=8)
[19:24:34.206] [HOST] INFO: [census] park hand=1,612915008 name='Hungry bandit' d=173 local=-36878,724,-43942 host=-37025,689,-43858 (parks=19)
[19:24:34.285] [HOST] INFO: [interp] lerp=40052 extrap=2954 clamp=5 seg=211 single=59221 snapSq=432 snapNpc=0 reissueSq=395 reissueNpc=1011 restFlip=12 delay=726 jit=177.8 starve=11 snapMid=18 restFlipMid=12 haltDrv=0
[19:24:34.285] [HOST] INFO: [interp] worstZero hand=1,2916870144 zero=797 active=5508 seg=47
[19:24:34.368] [HOST] INFO: [life] hand=1,141,2259399424,1,268432624 from=PARKED to=MID reason=drive
[19:24:34.461] [HOST] INFO: [deed] AUDIT hand=0.1432.11111.612.3788940544 isPlayer=1 set=1 sale=0 shop=0 public=0 desig=9 resident=0/0 town=0/1 interior=1 internals=0 doors=1/1/0 furn=0/0/0 canUse=1 home=1/1/0 stuff=1 wallet=19134 squads=2/0/0 cur=0/0 base=1/0 owner='204-gamedata.base' name='Small Shack'
[19:24:34.522] [HOST] INFO: [census] FREEZE hand=8,3573608448 name='Holy Sentinel' d=106 (frozen=8)
[19:24:34.839] [HOST] INFO: [census] FREEZE hand=8,3573608448 name='Holy Sentinel' d=106 (frozen=8)
[19:24:34.882] [HOST] INFO: [pose] rest re-arm task 65535 -> 87
[19:24:34.882] [HOST] INFO: [pose] applyOrder hand=1,3621704192 task=87 subj=2927,3629638656,0 wire=2927,3629638656 det=1 r=2 try=0
[19:24:34.969] [HOST] INFO: [life] hand=1,139,976318336,1,3621704192 from=PARKED to=MID reason=drive
[19:24:34.969] [HOST] INFO: [pose] rest re-arm task 65535 -> 87
[19:24:34.969] [HOST] INFO: [pose] applyOrder hand=1,3621704192 task=87 subj=2927,3629638656,0 wire=2927,3629638656 det=1 r=2 try=0
[19:24:35.091] [HOST] INFO: [pose] rest re-arm task 65535 -> 87
[19:24:35.091] [HOST] INFO: [pose] applyOrder hand=1,1583740288 task=87 subj=2971,1998779264,0 wire=2971,1998779264 det=1 r=2 try=0
[19:24:35.148] [HOST] INFO: [pose] rest re-arm task 65535 -> 221
[19:24:35.148] [HOST] INFO: [pose] applyOrder hand=1,1965331968 task=221 subj=2684,1889404288,0 wire=2684,1889404288 det=1 r=2 try=0
[19:24:35.148] [HOST] INFO: [life] hand=1,109,128295896,1,1583740288 from=PARKED to=MID reason=drive
[19:24:35.148] [HOST] INFO: [pose] rest re-arm task 65535 -> 87
[19:24:35.148] [HOST] INFO: [pose] applyOrder hand=1,1583740288 task=87 subj=2971,1998779264,0 wire=2971,1998779264 det=1 r=2 try=0
[19:24:35.149] [HOST] INFO: [census] FREEZE hand=8,3573608448 name='Holy Sentinel' d=107 (frozen=8)
[19:24:35.192] [HOST] INFO: [gate] hand=1,3646484480 host=51 local=1  agree=61301/85280 (71%)
[19:24:35.235] [HOST] INFO: [life] hand=1,61,2771240192,2,1680786176 from=MID to=PARKED reason=census-local
[19:24:35.235] [HOST] INFO: [census] park hand=2,1680786176 name='Shop Guard holy' d=216 local=-37644,706,-42978 host=-37715,769,-43173 (parks=20)
[19:24:35.290] [HOST] INFO: [cam] center=-36209.7,575.9,-42164.1
[19:24:35.349] [HOST] INFO: [snap] mid hand=8,2475341824 name='Holy Servant' gap=128.2 gate=42.3 srcVel=0.0 cSpeed=10.9 mult=1.00 slew=1.00 dest=1 skipped=1
[19:24:35.363] [HOST] INFO: [pose] rest re-arm task 65535 -> 221
[19:24:35.363] [HOST] INFO: [pose] applyOrder hand=2,701782208 task=221 subj=3035,422119136,0 wire=3035,422119136 det=1 r=2 try=0
[19:24:35.405] [HOST] INFO: [pose] rest re-arm task 65535 -> 98
[19:24:35.405] [HOST] INFO: [pose] applyOrder hand=1,3642333952 task=98 subj=2993,1872924800,0 wire=2993,1872924800 det=1 r=2 try=0
[19:24:35.405] [HOST] INFO: [census] FREEZE hand=2,1680786176 name='Shop Guard holy' d=216 (frozen=9)
[19:24:35.420] [HOST] INFO: [life] hand=1,254,876831040,1,1505981440 from=PARKED to=MID reason=drive
[19:24:35.575] [HOST] INFO: [budget] pub avg=185us max=433us apply avg=140us max=303us frames=380 over2ms=0
[19:24:35.617] [HOST] INFO: [life] hand=1,97,2445678592,1,1224365184 from=MID to=PARKED reason=mid-rest
[19:24:35.675] [HOST] INFO: [census] FREEZE hand=2,1680786176 name='Shop Guard holy' d=63 (frozen=9)
[19:24:35.878] [HOST] INFO: [life] hand=1,53,592651392,1,1441040000 from=MID to=PARKED reason=mid-rest
[19:24:35.990] [HOST] INFO: [census] FREEZE hand=2,1680786176 name='Shop Guard holy' d=63 (frozen=9)
[19:24:35.990] [HOST] INFO: [audit] exist near=7 wide=170 drv=55 cen=16 hid=3 ghost=4 supp=3 census=83 fresh=1 parks=22 nearCap=0 wideCap=0 staleMs=58929 edges=0 ghostMax=1004 ghostEdge=0 dorm=8 attnR=1000 dormPc=0 pcs=2 mine=84 skip=84 cells=2
[19:24:36.018] [HOST] INFO: [snap] cover hand=1,2393921024 name='Holy Sentinel' gap=78.2 gate=26.0 srcVel=15.4 cSpeed=14.8 mult=1.00 slew=1.00 dest=1 skipped=0
[19:24:36.046] [HOST] INFO: [pose] rest re-arm task 65535 -> 87
[19:24:36.046] [HOST] INFO: [pose] applyOrder hand=1,2342163200 task=87 subj=2941,3447143680,0 wire=2941,3447143680 det=1 r=2 try=0
[19:24:36.102] [HOST] INFO: [life] hand=1,62,3429443328,6,1777343744 from=PARKED to=CULLED reason=cull-wide
[19:24:36.102] [HOST] INFO: [census] cull NPC hand=6,1777343744 name='Paladin' pos=-36900,695,-43467 (census=83 wide=170 supp=4 culls=4)
[19:24:36.102] [HOST] INFO: [life] hand=1,62,3429443328,7,3348877056 from=PARKED to=CULLED reason=cull-wide
[19:24:36.102] [HOST] INFO: [census] cull NPC hand=7,3348877056 name='Paladin' pos=-36868,697,-43427 (census=83 wide=170 supp=5 culls=5)
[19:24:36.102] [HOST] INFO: [life] hand=1,67,3061035264,9,3905151488 from=PARKED to=CULLED reason=cull-wide
[19:24:36.102] [HOST] INFO: [census] cull NPC hand=9,3905151488 name='Holy Sentinel' pos=-36938,690,-43384 (census=83 wide=170 supp=6 culls=6)
[19:24:36.129] [HOST] INFO: [pose] rest re-arm task 65535 -> 87
[19:24:36.129] [HOST] INFO: [pose] applyOrder hand=1,1742797824 task=87 subj=2923,1480102528,0 wire=2923,1480102528 det=1 r=2 try=0
[19:24:36.174] [HOST] INFO: [inv] APPLY hand=0,1432,11111,3310,2639282176 items=0
[19:24:36.286] [HOST] INFO: [pose] rest re-arm task 65535 -> 87
[19:24:36.286] [HOST] INFO: [pose] applyOrder hand=1,1707885696 task=87 subj=2940,3288452096,0 wire=2940,3288452096 det=1 r=2 try=0
[19:24:36.313] [HOST] INFO: [census] FREEZE hand=2,1680786176 name='Shop Guard holy' d=0 (frozen=9)
[19:24:36.629] [HOST] INFO: [census] FREEZE hand=2,1680786176 name='Shop Guard holy' d=0 (frozen=9)
[19:24:36.670] [HOST] INFO: [life] hand=1,41,3657958912,2,440429696 from=PARKED to=HI reason=drive
[19:24:36.715] [HOST] INFO: [net] [net] bandwidth out=7.1 KB/s in=18.0 KB/s (window 5s)
[19:24:36.741] [HOST] INFO: [census] park hand=2,2515747072 name='Holy Sentinel' d=120 local=-37395,652,-43382 host=-37373,652,-43501 (parks=23)
[19:24:36.785] [HOST] INFO: [pose] rest re-arm task 65535 -> 87
[19:24:36.785] [HOST] INFO: [pose] applyOrder hand=1,3732910080 task=87 subj=2935,2406860288,0 wire=2935,2406860288 det=1 r=2 try=0
[19:24:36.800] [HOST] INFO: [ai] suspended=21 driven=63
[19:24:36.814] [HOST] INFO: [snap] cover hand=1,3267333888 name='Holy Armour Trader' gap=98.5 gate=32.6 srcVel=34.2 cSpeed=15.0 mult=1.00 slew=1.00 dest=1 skipped=0
[19:24:36.948] [HOST] INFO: [census] FREEZE hand=2,1680786176 name='Shop Guard holy' d=0 (frozen=10)
[19:24:36.963] [HOST] INFO: [pose] rest re-arm task 65535 -> 221
[19:24:36.963] [HOST] INFO: [pose] applyOrder hand=2,701782208 task=221 subj=3035,422119136,0 wire=3035,422119136 det=1 r=2 try=0
[19:24:37.163] [HOST] INFO: [stats] RECV hand=1,2916870144 ok=1 str=6.5 dex=1.3 tough=11.6 stealth=1.3 athl=25.9 xp=0
[19:24:37.164] [HOST] INFO: [pose] rest re-arm task 65535 -> 221
[19:24:37.164] [HOST] INFO: [pose] applyOrder hand=1,1965331968 task=221 subj=2684,1889404288,0 wire=2684,1889404288 det=1 r=2 try=0
[19:24:37.193] [HOST] INFO: [gate] hand=2,440429696 host=51 local=65535  agree=66537/92786 (71%)
[19:24:37.263] [HOST] INFO: [life] hand=1,254,876831040,1,1505981440 from=MID to=PARKED reason=mid-rest
[19:24:37.263] [HOST] INFO: [census] FREEZE hand=2,1680786176 name='Shop Guard holy' d=0 (frozen=10)
[19:24:37.263] [HOST] INFO: [census] park hand=1,612915008 name='Hungry bandit' d=180 local=-37058,657,-43643 host=-37188,652,-43519 (parks=24)
[19:24:37.263] [HOST] INFO: [cam] hint recv=-36244.5,585.7,-42085.8
[19:24:37.304] [HOST] INFO: [stats] SEND hand=1,1709716736 str=9.0 dex=5.6 tough=11.4 stealth=1.6 athl=19.2 xp=0 fap=0
[19:24:37.427] [HOST] INFO: [life] hand=1,59,1456176768,4,3854003968 from=PARKED to=MID reason=drive
[19:24:37.427] [HOST] INFO: [pose] rest re-arm task 65535 -> 221
[19:24:37.427] [HOST] INFO: [pose] applyOrder hand=2,3759399424 task=221 subj=3411,273925792,0 wire=3411,273925792 det=1 r=2 try=0
[19:24:37.475] [HOST] INFO: [life] hand=1,47,830810560,1,612915008 from=PARKED to=HI reason=drive
[19:24:37.475] [HOST] INFO: [life] hand=1,67,3061035264,8,3573608448 from=PARKED to=HI reason=drive
[19:24:37.580] [HOST] INFO: [census] FREEZE hand=2,1680786176 name='Shop Guard holy' d=0 (frozen=10)
[19:24:37.730] [HOST] INFO: [life] hand=1,109,128295896,1,1583740288 from=MID to=PARKED reason=mid-rest
[19:24:37.793] [HOST] INFO: [life] hand=1,109,128295896,1,1583740288 from=PARKED to=MID reason=drive
[19:24:37.793] [HOST] INFO: [pose] rest re-arm task 65535 -> 87
[19:24:37.793] [HOST] INFO: [pose] applyOrder hand=1,1583740288 task=87 subj=2971,1998779264,0 wire=2971,1998779264 det=1 r=2 try=0
[19:24:37.901] [HOST] INFO: [census] FREEZE hand=2,1680786176 name='Shop Guard holy' d=0 (frozen=10)
[19:24:37.932] [HOST] INFO: [life] hand=1,47,830810560,1,612915008 from=HI to=MID reason=drive
[19:24:38.043] [HOST] INFO: [life] hand=1,67,3061035264,8,3573608448 from=HI to=MID reason=drive
[19:24:38.225] [HOST] INFO: [census] FREEZE hand=2,1680786176 name='Shop Guard holy' d=0 (frozen=10)
[19:24:38.256] [HOST] INFO: [attn] attach bodies=3 hid=+3 culled=+3 minted=+0 winMs=3000
[19:24:38.287] [HOST] INFO: [pose] rest re-arm task 65535 -> 87
[19:24:38.287] [HOST] INFO: [pose] applyOrder hand=1,1742797824 task=87 subj=2923,1480102528,0 wire=2923,1480102528 det=1 r=2 try=0
[19:24:38.332] [HOST] INFO: [cell] MAP cells=2 slots=2 23,22=1 24,22=0
[19:24:38.389] [HOST] INFO: [spawn] REQ hand=1,162,3308105472,1,2351806720 send=1
[19:24:38.389] [HOST] INFO: [spawn] REQ hand=1,171,372680672,1,3734619136 send=1
[19:24:38.463] [HOST] INFO: [snap] cover hand=1,306640640 name='Holy Citizen' gap=81.7 gate=27.1 srcVel=0.0 cSpeed=15.0 mult=1.00 slew=1.00 dest=1 skipped=16
[19:24:38.525] [HOST] INFO: [life] hand=1,256,701782208,1,3642333952 from=MID to=PARKED reason=census-local
[19:24:38.525] [HOST] INFO: [census] FREEZE hand=1,3642333952 name='Holy Citizen' d=13 (frozen=10)
[19:24:38.541] [HOST] INFO: [life] hand=1,41,3657958912,2,440429696 from=HI to=PARKED reason=mid-rest
[19:24:38.629] [HOST] INFO: [spawn] INFO deferred (dupe) hand=1,162,3308105472,1,2351806720 sid='4999487-DialoguePlus.mod' twin within 20u cen=1 force=0
[19:24:38.629] [HOST] INFO: [spawn] INFO deferred (dupe) hand=1,171,372680672,1,3734619136 sid='4999487-DialoguePlus.mod' twin within 20u cen=1 force=0
[19:24:38.725] [HOST] INFO: [snap] cover hand=1,306640640 name='Holy Citizen' gap=81.7 gate=22.8 srcVel=0.0 cSpeed=15.0 mult=1.00 slew=1.00 dest=0 skipped=22
[19:24:38.741] [HOST] INFO: [inv] APPLY hand=1,2,2989257728,1,2916870144 items=10
[19:24:38.862] [HOST] INFO: [census] FREEZE hand=2,1680786176 name='Shop Guard holy' d=0 (frozen=10)
[19:24:38.936] [HOST] INFO: [pose] rest re-arm task 65535 -> 221
[19:24:38.936] [HOST] INFO: [pose] applyOrder hand=2,701782208 task=221 subj=3035,422119136,0 wire=3035,422119136 det=1 r=2 try=0
[19:24:39.029] [HOST] INFO: [life] hand=1,292,2727905280,1,3564575232 from=MID to=PARKED reason=mid-rest
[19:24:39.059] [HOST] INFO: [pose] rest re-arm task 65535 -> 221
[19:24:39.059] [HOST] INFO: [pose] applyOrder hand=1,1965331968 task=221 subj=2684,1889404288,0 wire=2684,1889404288 det=1 r=2 try=0
[19:24:39.183] [HOST] INFO: [census] FREEZE hand=2,1680786176 name='Shop Guard holy' d=0 (frozen=10)
[19:24:39.198] [HOST] INFO: [gate] hand=2,440429696 host=51 local=1  agree=71680/100112 (71%)
[19:24:39.212] [HOST] INFO: [spawn] REQ hand=1,75,3826782208,1,1112426752 send=1
[19:24:39.212] [HOST] INFO: [spawn] REQ hand=1,88,3486572288,1,675903296 send=1
[19:24:39.212] [HOST] INFO: [spawn] REQ hand=1,172,1474731392,1,3861083904 send=1
[19:24:39.212] [HOST] INFO: [spawn] REQ hand=1,173,91186520,1,2586914048 send=1
[19:24:39.212] [HOST] INFO: [spawn] REQ hand=1,174,2041259776,1,88134768 send=1
[19:24:39.212] [HOST] INFO: [spawn] REQ hand=1,181,3623535104,1,2385498112 send=1
[19:24:39.212] [HOST] INFO: [spawn] REQ hand=1,182,3010375936,1,2021118208 send=1
[19:24:39.245] [HOST] INFO: [pose] rest re-arm task 65535 -> 87
[19:24:39.245] [HOST] INFO: [pose] applyOrder hand=1,1707885696 task=87 subj=2940,3288452096,0 wire=2940,3288452096 det=1 r=2 try=0
[19:24:39.289] [HOST] INFO: [interp] lerp=46519 extrap=3380 clamp=7 seg=240 single=71980 snapSq=432 snapNpc=0 reissueSq=425 reissueNpc=1277 restFlip=24 delay=714 jit=177.8 starve=5 snapMid=75 restFlipMid=13 haltDrv=0
[19:24:39.289] [HOST] INFO: [interp] worstZero hand=1,2916870144 zero=797 active=5848 seg=48
[19:24:39.348] [HOST] INFO: [pose] rest re-arm task 65535 -> 221
[19:24:39.348] [HOST] INFO: [pose] applyOrder hand=2,3759399424 task=221 subj=3411,273925792,0 wire=3411,273925792 det=1 r=2 try=0
[19:24:39.393] [HOST] INFO: [life] hand=1,74,2046142592,2,3759399424 from=PARKED to=MID reason=drive
[19:24:39.393] [HOST] INFO: [pose] rest re-arm task 65535 -> 221
[19:24:39.393] [HOST] INFO: [pose] applyOrder hand=2,3759399424 task=221 subj=3411,273925792,0 wire=3411,273925792 det=1 r=2 try=0
[19:24:39.467] [HOST] INFO: [spawn] INFO deferred (dupe) hand=1,75,3826782208,1,1112426752 sid='1411-gamedata.base' twin within 20u cen=1 force=0
[19:24:39.467] [HOST] INFO: [spawn] INFO deferred (dupe) hand=1,88,3486572288,1,675903296 sid='1411-gamedata.base' twin within 20u cen=1 force=0
[19:24:39.467] [HOST] INFO: [spawn] INFO deferred (dupe) hand=1,172,1474731392,1,3861083904 sid='1411-gamedata.base' twin within 20u cen=1 force=0
[19:24:39.467] [HOST] INFO: [spawn] INFO deferred (dupe) hand=1,173,91186520,1,2586914048 sid='17225-Dialogue.mod' twin within 20u cen=1 force=0
[19:24:39.467] [HOST] INFO: [spawn] INFO deferred (dupe) hand=1,174,2041259776,1,88134768 sid='1411-gamedata.base' twin within 20u cen=1 force=0
[19:24:39.467] [HOST] INFO: [spawn] INFO deferred (dupe) hand=1,181,3623535104,1,2385498112 sid='1411-gamedata.base' twin within 20u cen=1 force=0
[19:24:39.467] [HOST] INFO: [spawn] INFO deferred (dupe) hand=1,182,3010375936,1,2021118208 sid='1411-gamedata.base' twin within 20u cen=1 force=0
[19:24:39.497] [HOST] INFO: [deed] AUDIT hand=0.1432.11111.612.3788940544 isPlayer=1 set=1 sale=0 shop=0 public=0 desig=9 resident=0/0 town=0/1 interior=1 internals=0 doors=1/1/0 furn=0/0/0 canUse=1 home=1/1/0 stuff=1 wallet=19134 squads=2/0/0 cur=0/0 base=1/0 owner='204-gamedata.base' name='Small Shack'
[19:24:39.499] [HOST] INFO: [census] FREEZE hand=2,1680786176 name='Shop Guard holy' d=0 (frozen=10)
[19:24:39.722] [HOST] INFO: [life] hand=1,109,128295896,1,1583740288 from=MID to=PARKED reason=mid-rest
[19:24:39.800] [HOST] INFO: [life] hand=1,67,3061035264,6,1648925824 from=MID to=PARKED reason=mid-rest
[19:24:39.815] [HOST] INFO: [ai] suspended=18 driven=65
[19:24:39.815] [HOST] INFO: [census] FREEZE hand=2,1680786176 name='Shop Guard holy' d=0 (frozen=10)
[19:24:39.902] [HOST] INFO: [stats] RECV hand=1,2916870144 ok=1 str=6.5 dex=1.3 tough=11.6 stealth=1.3 athl=25.9 xp=0
[19:24:39.933] [HOST] INFO: [stats] SEND hand=1,1709716736 str=9.0 dex=5.6 tough=11.4 stealth=1.6 athl=19.2 xp=0 fap=0
[19:24:40.127] [HOST] INFO: [census] FREEZE hand=2,1680786176 name='Shop Guard holy' d=0 (frozen=10)
[19:24:40.258] [HOST] INFO: [pose] rest re-arm task 65535 -> 87
[19:24:40.258] [HOST] INFO: [pose] applyOrder hand=1,1742797824 task=87 subj=2923,1480102528,0 wire=2923,1480102528 det=1 r=2 try=0
[19:24:40.287] [HOST] INFO: [cam] center=-35976.3,584.3,-42499.1
[19:24:40.447] [HOST] INFO: [census] FREEZE hand=2,1680786176 name='Shop Guard holy' d=0 (frozen=10)
[19:24:40.447] [HOST] INFO: [cell] yield hand=8,2475341824 owner=0 - the peer's stream holds this body; not authoring it while they drive it
[19:24:40.577] [HOST] INFO: [budget] pub avg=199us max=389us apply avg=154us max=420us frames=338 over2ms=0
[19:24:40.648] [HOST] INFO: [life] hand=1,254,876831040,1,1505981440 from=PARKED to=MID reason=drive
[19:24:40.706] [HOST] INFO: [inv] resent 52 unchanged snapshot(s) in 60s
[19:24:40.722] [HOST] INFO: [snap] mid hand=4,3854003968 name='Holy Sentinel' gap=50.6 gate=12.5 srcVel=7.6 cSpeed=8.6 mult=1.00 slew=1.00 dest=1 skipped=14
[19:24:40.751] [HOST] INFO: [census] FREEZE hand=2,1680786176 name='Shop Guard holy' d=0 (frozen=10)
[19:24:41.049] [HOST] INFO: [pose] rest re-arm task 65535 -> 221
[19:24:41.049] [HOST] INFO: [pose] applyOrder hand=1,1965331968 task=221 subj=2684,1889404288,0 wire=2684,1889404288 det=1 r=2 try=0
[19:24:41.065] [HOST] INFO: [census] FREEZE hand=2,1680786176 name='Shop Guard holy' d=0 (frozen=10)
[19:24:41.065] [HOST] INFO: [audit] exist near=6 wide=186 drv=53 cen=17 hid=6 ghost=1 supp=6 census=81 fresh=1 parks=24 nearCap=0 wideCap=0 staleMs=58929 edges=0 ghostMax=1053 ghostEdge=0 dorm=8 attnR=1000 dormPc=0 pcs=2 mine=101 skip=102 cells=2
[19:24:41.203] [HOST] INFO: [gate] hand=2,440429696 host=51 local=1  agree=76448/107297 (71%)
[19:24:41.247] [HOST] INFO: [life] hand=1,61,2771240192,1,1296508800 from=PARKED to=MID reason=drive
[19:24:41.247] [HOST] INFO: [life] hand=1,167,3656860416,1,582397440 from=PARKED to=HI reason=drive
[19:24:41.353] [HOST] INFO: [pose] rest re-arm task 65535 -> 87
[19:24:41.353] [HOST] INFO: [pose] applyOrder hand=1,2342163200 task=87 subj=2941,3447143680,0 wire=2941,3447143680 det=1 r=2 try=0
[19:24:41.381] [HOST] INFO: [census] FREEZE hand=2,1680786176 name='Shop Guard holy' d=0 (frozen=10)
[19:24:41.410] [HOST] INFO: [life] hand=1,67,3061035264,6,1648925824 from=PARKED to=MID reason=drive
[19:24:41.689] [HOST] INFO: [census] FREEZE hand=2,1680786176 name='Shop Guard holy' d=0 (frozen=10)
[19:24:41.827] [HOST] INFO: [pose] rest re-arm task 65535 -> 87
[19:24:41.827] [HOST] INFO: [pose] applyOrder hand=1,1707885696 task=87 subj=2940,3288452096,0 wire=2940,3288452096 det=1 r=2 try=0
[19:24:41.884] [HOST] INFO: [pose] rest re-arm task 65535 -> 87
[19:24:41.884] [HOST] INFO: [pose] applyOrder hand=1,3732910080 task=87 subj=2935,2406860288,0 wire=2935,2406860288 det=1 r=2 try=0
[19:24:41.986] [HOST] INFO: [life] hand=1,74,2046142592,2,3759399424 from=MID to=PARKED reason=mid-rest
[19:24:42.002] [HOST] INFO: [census] FREEZE hand=2,1680786176 name='Shop Guard holy' d=0 (frozen=10)
[19:24:42.002] [HOST] INFO: [life] hand=1,289,897216768,1,1025512704 from=MID to=CULLED reason=cull-wide
[19:24:42.002] [HOST] INFO: [census] cull NPC hand=1,1025512704 name='Holy Citizen' pos=-36932,676,-43567 (census=81 wide=186 supp=7 culls=7)
[19:24:42.221] [HOST] INFO: [net] [net] bandwidth out=5.4 KB/s in=17.8 KB/s (window 6s)
[19:24:42.287] [HOST] INFO: [life] hand=1,139,976318336,1,3621704192 from=MID to=PARKED reason=mid-rest
[19:24:42.317] [HOST] INFO: [census] FREEZE hand=2,1680786176 name='Shop Guard holy' d=0 (frozen=10)
[19:24:42.555] [HOST] INFO: [census] sent n=113 radius=2000 mid=3 anchors=3 a0=loaded:1 a1=loaded:152 a2=loaded:46 enum=199 notmine=86 proxyrow=0 attnR=1000
[19:24:42.629] [HOST] INFO: [census] FREEZE hand=2,1680786176 name='Shop Guard holy' d=0 (frozen=10)
[19:24:42.825] [HOST] INFO: [ai] suspended=18 driven=66
[19:24:42.941] [HOST] INFO: [census] FREEZE hand=2,1680786176 name='Shop Guard holy' d=0 (frozen=10)
[19:24:42.941] [HOST] INFO: [census] park hand=3,3159667968 name='Holy Sentinel' d=132 local=-37709,743,-43659 host=-37803,706,-43573 (parks=25)
[19:24:43.209] [HOST] INFO: [gate] hand=2,440429696 host=51 local=1  agree=81438/114368 (71%)
[19:24:43.239] [HOST] INFO: [census] recv n=82 culls=7
[19:24:43.239] [HOST] INFO: [cam] hint recv=-36168.3,585.7,-42206.1
[19:24:43.256] [HOST] INFO: [census] FREEZE hand=2,1680786176 name='Shop Guard holy' d=0 (frozen=11)
[19:24:43.256] [HOST] INFO: [life] STUCK hand=1,75,3826782208,1,1112426752 state=DISCOVERED age=34s (mintable)
[19:24:43.256] [HOST] INFO: [life] STUCK hand=1,88,3486572288,1,675903296 state=DISCOVERED age=34s (mintable)
[19:24:43.256] [HOST] INFO: [life] STUCK hand=1,162,3308105472,1,2351806720 state=DISCOVERED age=34s (mintable)
[19:24:43.256] [HOST] INFO: [life] STUCK hand=1,171,372680672,1,3734619136 state=DISCOVERED age=34s (mintable)
[19:24:43.256] [HOST] INFO: [life] STUCK hand=1,172,1474731392,1,3861083904 state=DISCOVERED age=34s (mintable)
[19:24:43.256] [HOST] INFO: [life] STUCK hand=1,173,91186520,1,2586914048 state=DISCOVERED age=34s (mintable)
[19:24:43.256] [HOST] INFO: [life] STUCK hand=1,174,2041259776,1,88134768 state=DISCOVERED age=34s (mintable)
[19:24:43.256] [HOST] INFO: [life] STUCK hand=1,181,3623535104,1,2385498112 state=DISCOVERED age=34s (mintable)
[19:24:43.256] [HOST] INFO: [life] STUCK hand=1,182,3010375936,1,2021118208 state=DISCOVERED age=34s (mintable)
[19:24:43.256] [HOST] INFO: [life] pruned throttle stamps=1
[19:24:43.285] [HOST] INFO: [pose] rest re-arm task 65535 -> 87
[19:24:43.285] [HOST] INFO: [pose] applyOrder hand=1,2342163200 task=87 subj=2941,3447143680,0 wire=2941,3447143680 det=1 r=2 try=0
[19:24:43.342] [HOST] INFO: [cell] MAP cells=2 slots=2 23,22=1 24,22=0
[19:24:43.428] [HOST] INFO: [pose] rest re-arm task 65535 -> 87
[19:24:43.428] [HOST] INFO: [pose] applyOrder hand=1,1742797824 task=87 subj=2923,1480102528,0 wire=2923,1480102528 det=1 r=2 try=0
[19:24:43.459] [HOST] INFO: [life] hand=1,69,2718139648,1,3228881920 from=HI to=PARKED reason=mid-rest
[19:24:43.561] [HOST] INFO: [census] FREEZE hand=2,1680786176 name='Shop Guard holy' d=0 (frozen=11)
[19:24:43.753] [HOST] INFO: [inv] APPLY hand=1,2,2989257728,1,2916870144 items=10
[19:24:43.799] [HOST] INFO: [pose] rest re-arm task 65535 -> 87
[19:24:43.799] [HOST] INFO: [pose] applyOrder hand=1,2482055680 task=87 subj=2939,1210205056,0 wire=2939,1210205056 det=1 r=2 try=0
[19:24:43.799] [HOST] INFO: [life] hand=1,60,3994140672,2,3626586880 from=PARKED to=MID reason=drive
[19:24:43.845] [HOST] INFO: [pose] rest re-arm task 65535 -> 98
[19:24:43.845] [HOST] INFO: [pose] applyOrder hand=1,3642333952 task=98 subj=2993,1872924800,0 wire=2993,1872924800 det=1 r=2 try=0
[19:24:43.876] [HOST] INFO: [census] FREEZE hand=2,1680786176 name='Shop Guard holy' d=0 (frozen=11)
[19:24:44.046] [HOST] INFO: [pose] rest re-arm task 65535 -> 221
[19:24:44.046] [HOST] INFO: [pose] applyOrder hand=2,3759399424 task=221 subj=3411,273925792,0 wire=3411,273925792 det=1 r=2 try=0
[19:24:44.195] [HOST] INFO: [census] FREEZE hand=2,1680786176 name='Shop Guard holy' d=0 (frozen=11)
[19:24:44.300] [HOST] INFO: [interp] lerp=52182 extrap=3884 clamp=7 seg=481 single=84549 snapSq=432 snapNpc=0 reissueSq=450 reissueNpc=1535 restFlip=28 delay=714 jit=177.8 starve=5 snapMid=76 restFlipMid=15 haltDrv=0
[19:24:44.300] [HOST] INFO: [interp] worstZero hand=1,2916870144 zero=797 active=6185 seg=43
[19:24:44.317] [HOST] INFO: [pose] rest re-arm task 65535 -> 87
[19:24:44.317] [HOST] INFO: [pose] applyOrder hand=1,1707885696 task=87 subj=2940,3288452096,0 wire=2940,3288452096 det=1 r=2 try=0
[19:24:44.360] [HOST] INFO: [life] hand=1,141,2259399424,1,268432624 from=MID to=HI reason=drive
[19:24:44.517] [HOST] INFO: [census] FREEZE hand=2,1680786176 name='Shop Guard holy' d=0 (frozen=11)
[19:24:44.532] [HOST] INFO: [deed] AUDIT hand=0.1432.11111.612.3788940544 isPlayer=1 set=1 sale=0 shop=0 public=0 desig=9 resident=0/0 town=0/1 interior=1 internals=0 doors=1/1/0 furn=0/0/0 canUse=1 home=1/1/0 stuff=1 wallet=19134 squads=2/0/0 cur=0/0 base=1/0 owner='204-gamedata.base' name='Small Shack'
[19:24:44.780] [HOST] INFO: [life] hand=1,292,2727905280,1,3564575232 from=PARKED to=MID reason=drive
[19:24:44.837] [HOST] INFO: [census] FREEZE hand=2,1680786176 name='Shop Guard holy' d=0 (frozen=11)
[19:24:44.877] [HOST] INFO: [stats] RECV hand=1,2916870144 ok=1 str=6.5 dex=1.3 tough=11.6 stealth=1.3 athl=25.9 xp=0
[19:24:44.878] [HOST] INFO: [pose] rest re-arm task 65535 -> 87
[19:24:44.878] [HOST] INFO: [pose] applyOrder hand=1,3621704192 task=87 subj=2927,3629638656,0 wire=2927,3629638656 det=1 r=2 try=0
[19:24:44.931] [HOST] INFO: [life] hand=1,139,976318336,1,3621704192 from=PARKED to=MID reason=drive
[19:24:44.931] [HOST] INFO: [pose] rest re-arm task 65535 -> 87
[19:24:44.931] [HOST] INFO: [pose] applyOrder hand=1,3621704192 task=87 subj=2927,3629638656,0 wire=2927,3629638656 det=1 r=2 try=0
[19:24:45.166] [HOST] INFO: [census] FREEZE hand=2,1680786176 name='Shop Guard holy' d=0 (frozen=11)
[19:24:45.215] [HOST] INFO: [gate] hand=2,440429696 host=51 local=1  agree=86404/121775 (70%)
[19:24:45.227] [HOST] INFO: [spawn] REQ hand=1,75,3826782208,1,1112426752 send=1
[19:24:45.227] [HOST] INFO: [spawn] REQ hand=1,88,3486572288,1,675903296 send=1
[19:24:45.227] [HOST] INFO: [spawn] REQ hand=1,162,3308105472,1,2351806720 send=1
[19:24:45.227] [HOST] INFO: [spawn] REQ hand=1,171,372680672,1,3734619136 send=1
[19:24:45.227] [HOST] INFO: [spawn] REQ hand=1,172,1474731392,1,3861083904 send=1
[19:24:45.227] [HOST] INFO: [spawn] REQ hand=1,173,91186520,1,2586914048 send=1
[19:24:45.227] [HOST] INFO: [spawn] REQ hand=1,174,2041259776,1,88134768 send=1
[19:24:45.227] [HOST] INFO: [spawn] REQ hand=1,181,3623535104,1,2385498112 send=1
[19:24:45.227] [HOST] INFO: [spawn] REQ hand=1,182,3010375936,1,2021118208 send=1
[19:24:45.283] [HOST] INFO: [cam] center=-35925.2,584.3,-42355.6
[19:24:45.451] [HOST] INFO: [spawn] INFO deferred (dupe) hand=1,75,3826782208,1,1112426752 sid='1411-gamedata.base' twin within 20u cen=1 force=0
[19:24:45.451] [HOST] INFO: [spawn] INFO deferred (dupe) hand=1,88,3486572288,1,675903296 sid='1411-gamedata.base' twin within 20u cen=1 force=0
[19:24:45.451] [HOST] INFO: [spawn] INFO deferred (dupe) hand=1,162,3308105472,1,2351806720 sid='4999487-DialoguePlus.mod' twin within 20u cen=1 force=0
[19:24:45.451] [HOST] INFO: [spawn] INFO deferred (dupe) hand=1,171,372680672,1,3734619136 sid='4999487-DialoguePlus.mod' twin within 20u cen=1 force=0
[19:24:45.451] [HOST] INFO: [spawn] INFO deferred (dupe) hand=1,172,1474731392,1,3861083904 sid='1411-gamedata.base' twin within 20u cen=1 force=0
[19:24:45.451] [HOST] INFO: [spawn] INFO deferred (dupe) hand=1,173,91186520,1,2586914048 sid='17225-Dialogue.mod' twin within 20u cen=1 force=0
[19:24:45.451] [HOST] INFO: [spawn] INFO deferred (dupe) hand=1,174,2041259776,1,88134768 sid='1411-gamedata.base' twin within 20u cen=1 force=0
[19:24:45.451] [HOST] INFO: [spawn] INFO deferred (dupe) hand=1,181,3623535104,1,2385498112 sid='1411-gamedata.base' twin within 20u cen=1 force=0
[19:24:45.451] [HOST] INFO: [spawn] INFO deferred (dupe) hand=1,182,3010375936,1,2021118208 sid='1411-gamedata.base' twin within 20u cen=1 force=0
[19:24:45.480] [HOST] INFO: [census] FREEZE hand=2,1680786176 name='Shop Guard holy' d=0 (frozen=11)
[19:24:45.584] [HOST] INFO: [budget] pub avg=192us max=432us apply avg=156us max=379us frames=342 over2ms=0
[19:24:45.611] [HOST] INFO: [snap] mid hand=4,3854003968 name='Holy Sentinel' gap=31.1 gate=8.0 srcVel=0.0 cSpeed=0.0 mult=1.00 slew=1.00 dest=1 skipped=0
[19:24:45.677] [HOST] INFO: [life] hand=1,47,830810560,1,612915008 from=MID to=PARKED reason=mid-rest
[19:24:45.691] [HOST] INFO: [census] park hand=1,612915008 name='Hungry bandit' d=862 local=-37183,655,-43363 host=-37301,674,-42509 (parks=26)
[19:24:45.798] [HOST] INFO: [life] hand=1,141,2259399424,1,268432624 from=HI to=PARKED reason=mid-rest
[19:24:45.798] [HOST] INFO: [census] FREEZE hand=2,1680786176 name='Shop Guard holy' d=0 (frozen=11)
[19:24:45.826] [HOST] INFO: [ai] suspended=20 driven=66
[19:24:45.867] [HOST] INFO: [life] hand=1,141,2259399424,1,268432624 from=PARKED to=MID reason=drive
[19:24:45.920] [HOST] INFO: [pose] rest re-arm task 65535 -> 87
[19:24:45.920] [HOST] INFO: [pose] applyOrder hand=1,1707885696 task=87 subj=2940,3288452096,0 wire=2940,3288452096 det=1 r=2 try=0
[19:24:46.010] [HOST] INFO: [pose] rest re-arm task 65535 -> 87
[19:24:46.010] [HOST] INFO: [pose] applyOrder hand=1,1583740288 task=87 subj=2971,1998779264,0 wire=2971,1998779264 det=1 r=2 try=0
[19:24:46.023] [HOST] INFO: [life] hand=1,59,1456176768,4,3854003968 from=MID to=PARKED reason=mid-rest
[19:24:46.062] [HOST] INFO: [pose] rest re-arm task 65535 -> 98
[19:24:46.062] [HOST] INFO: [pose] applyOrder hand=1,3642333952 task=98 subj=2993,1872924800,0 wire=2993,1872924800 det=1 r=2 try=0
[19:24:46.116] [HOST] INFO: [pose] rest re-arm task 65535 -> 87
[19:24:46.116] [HOST] INFO: [pose] applyOrder hand=1,3732910080 task=87 subj=2935,2406860288,0 wire=2935,2406860288 det=1 r=2 try=0
[19:24:46.116] [HOST] INFO: [census] FREEZE hand=2,1680786176 name='Shop Guard holy' d=0 (frozen=11)
[19:24:46.116] [HOST] INFO: [audit] exist near=1 wide=186 drv=58 cen=12 hid=7 ghost=0 supp=7 census=82 fresh=1 parks=26 nearCap=0 wideCap=0 staleMs=58929 edges=0 ghostMax=-1 ghostEdge=0 dorm=8 attnR=1000 dormPc=0 pcs=2 mine=101 skip=101 cells=2
[19:24:46.168] [HOST] INFO: [pose] rest re-arm task 65535 -> 221
[19:24:46.168] [HOST] INFO: [pose] applyOrder hand=2,3759399424 task=221 subj=3411,273925792,0 wire=3411,273925792 det=1 r=2 try=0
[19:24:46.322] [HOST] INFO: [pose] rest re-arm task 65535 -> 221
[19:24:46.322] [HOST] INFO: [pose] applyOrder hand=2,701782208 task=221 subj=3035,422119136,0 wire=3035,422119136 det=1 r=2 try=0
[19:24:46.422] [HOST] INFO: [pose] rest re-arm task 65535 -> 87
[19:24:46.422] [HOST] INFO: [pose] applyOrder hand=1,2342163200 task=87 subj=2941,3447143680,0 wire=2941,3447143680 det=1 r=2 try=0
[19:24:46.435] [HOST] INFO: [census] FREEZE hand=2,1680786176 name='Shop Guard holy' d=0 (frozen=11)
[19:24:46.590] [HOST] INFO: [pose] rest re-arm task 65535 -> 87
[19:24:46.590] [HOST] INFO: [pose] applyOrder hand=3,2558227456 task=87 subj=2932,3377319424,0 wire=2932,3377319424 det=1 r=2 try=0
[19:24:46.680] [HOST] INFO: [life] hand=1,47,830810560,1,612915008 from=PARKED to=MID reason=drive
[19:24:46.743] [HOST] INFO: [census] FREEZE hand=2,1680786176 name='Shop Guard holy' d=0 (frozen=11)
[19:24:46.796] [HOST] INFO: [life] hand=1,254,876831040,1,1505981440 from=MID to=PARKED reason=mid-rest
[19:24:46.848] [HOST] INFO: [life] hand=1,254,876831040,1,1505981440 from=PARKED to=MID reason=drive
[19:24:47.048] [HOST] INFO: [life] hand=1,163,501464832,1,2058349568 from=PARKED to=MID reason=drive
[19:24:47.061] [HOST] INFO: [census] FREEZE hand=2,1680786176 name='Shop Guard holy' d=0 (frozen=11)
[19:24:47.098] [HOST] INFO: [pose] rest re-arm task 65535 -> 87
[19:24:47.098] [HOST] INFO: [pose] applyOrder hand=1,1742797824 task=87 subj=2923,1480102528,0 wire=2923,1480102528 det=1 r=2 try=0
[19:24:47.225] [HOST] INFO: [gate] hand=2,440429696 host=51 local=1  agree=92399/130323 (70%)
[19:24:47.299] [HOST] INFO: [net] [net] bandwidth out=9.3 KB/s in=17.8 KB/s (window 5s)
[19:24:47.318] [HOST] INFO: [snap] mid hand=8,3573608448 name='Holy Sentinel' gap=121.9 gate=40.5 srcVel=0.0 cSpeed=15.0 mult=1.00 slew=1.00 dest=1 skipped=0
[19:24:47.371] [HOST] INFO: [census] FREEZE hand=2,1680786176 name='Shop Guard holy' d=0 (frozen=10)
[19:24:47.373] [HOST] INFO: [census] park hand=1,3646484480 name='Holy Sentinel' d=121 local=-37700,775,-43687 host=-37784,774,-43601 (parks=27)
[19:24:47.453] [HOST] INFO: [life] hand=1,141,2259399424,1,268432624 from=MID to=PARKED reason=mid-rest
[19:24:47.507] [HOST] INFO: [pose] rest re-arm task 65535 -> 87
[19:24:47.507] [HOST] INFO: [pose] applyOrder hand=1,1583740288 task=87 subj=2971,1998779264,0 wire=2971,1998779264 det=1 r=2 try=0
[19:24:47.685] [HOST] INFO: [census] FREEZE hand=2,1680786176 name='Shop Guard holy' d=0 (frozen=11)
[19:24:47.976] [HOST] INFO: [pose] rest re-arm task 65535 -> 221
[19:24:47.976] [HOST] INFO: [pose] applyOrder hand=2,701782208 task=221 subj=3035,422119136,0 wire=3035,422119136 det=1 r=2 try=0
[19:24:47.989] [HOST] INFO: [census] FREEZE hand=2,1680786176 name='Shop Guard holy' d=0 (frozen=11)
[19:24:48.015] [HOST] INFO: [pose] rest re-arm task 65535 -> 87
[19:24:48.015] [HOST] INFO: [pose] applyOrder hand=1,2482055680 task=87 subj=2939,1210205056,0 wire=2939,1210205056 det=1 r=2 try=0
[19:24:48.115] [HOST] INFO: [pose] rest re-arm task 65535 -> 87
[19:24:48.115] [HOST] INFO: [pose] applyOrder hand=1,2342163200 task=87 subj=2941,3447143680,0 wire=2941,3447143680 det=1 r=2 try=0
[19:24:48.226] [HOST] INFO: [pose] rest re-arm task 65535 -> 87
[19:24:48.226] [HOST] INFO: [pose] applyOrder hand=3,2558227456 task=87 subj=2932,3377319424,0 wire=2932,3377319424 det=1 r=2 try=0
[19:24:48.263] [HOST] INFO: [life] pruned throttle stamps=2
[19:24:48.277] [HOST] INFO: [pose] rest re-arm task 65535 -> 221
[19:24:48.277] [HOST] INFO: [pose] applyOrder hand=2,3759399424 task=221 subj=3411,273925792,0 wire=3411,273925792 det=1 r=2 try=0
[19:24:48.290] [HOST] INFO: [census] FREEZE hand=2,1680786176 name='Shop Guard holy' d=0 (frozen=10)
[19:24:48.329] [HOST] INFO: [life] hand=1,292,2727905280,1,3564575232 from=MID to=PARKED reason=mid-rest
[19:24:48.329] [HOST] INFO: [cam] hint recv=-35845.5,585.7,-42268.1
[19:24:48.343] [HOST] INFO: [cell] MAP cells=2 slots=2 23,22=1 24,22=0
[19:24:48.393] [HOST] INFO: [life] hand=1,62,3429443328,5,3923217664 from=MID to=PARKED reason=mid-rest
[19:24:48.604] [HOST] INFO: [census] FREEZE hand=2,1680786176 name='Shop Guard holy' d=0 (frozen=10)
[19:24:48.629] [HOST] INFO: [pose] rest re-arm task 65535 -> 87
[19:24:48.629] [HOST] INFO: [pose] applyOrder hand=1,3732910080 task=87 subj=2935,2406860288,0 wire=2935,2406860288 det=1 r=2 try=0
[19:24:48.788] [HOST] INFO: [life] hand=1,62,3429443328,5,3923217664 from=PARKED to=MID reason=drive
[19:24:48.788] [HOST] INFO: [inv] APPLY hand=1,2,2989257728,1,2916870144 items=10
[19:24:48.827] [HOST] INFO: [ai] suspended=18 driven=66
[19:24:48.920] [HOST] INFO: [census] FREEZE hand=2,1680786176 name='Shop Guard holy' d=0 (frozen=10)
[19:24:49.031] [HOST] INFO: [pose] rest re-arm task 65535 -> 221
[19:24:49.031] [HOST] INFO: [pose] applyOrder hand=1,1965331968 task=221 subj=2684,1889404288,0 wire=2684,1889404288 det=1 r=2 try=0
[19:24:49.122] [HOST] INFO: [life] hand=1,44,3349121024,1,1965331968 from=PARKED to=MID reason=drive
[19:24:49.122] [HOST] INFO: [pose] rest re-arm task 65535 -> 221
[19:24:49.122] [HOST] INFO: [pose] applyOrder hand=1,1965331968 task=221 subj=2684,1889404288,0 wire=2684,1889404288 det=1 r=2 try=0
[19:24:49.122] [HOST] INFO: [life] hand=1,139,976318336,1,3621704192 from=MID to=PARKED reason=mid-rest
[19:24:49.223] [HOST] INFO: [life] hand=1,125,2941772544,8,2475341824 from=MID to=PARKED reason=mid-rest
[19:24:49.223] [HOST] INFO: [census] FREEZE hand=2,1680786176 name='Shop Guard holy' d=0 (frozen=10)
[19:24:49.236] [HOST] INFO: [gate] hand=2,440429696 host=51 local=1  agree=98166/138818 (70%)
[19:24:49.302] [HOST] INFO: [interp] lerp=59137 extrap=4013 clamp=7 seg=601 single=99985 snapSq=432 snapNpc=0 reissueSq=479 reissueNpc=1727 restFlip=36 delay=714 jit=173.2 starve=8 snapMid=78 restFlipMid=19 haltDrv=0
[19:24:49.302] [HOST] INFO: [interp] worstZero hand=1,2916870144 zero=797 active=6564 seg=47
[19:24:49.341] [HOST] INFO: [snap] mid hand=1,3540405248 name='Holy Citizen' gap=123.2 gate=36.2 srcVel=0.0 cSpeed=15.0 mult=1.00 slew=1.00 dest=1 skipped=0
[19:24:49.383] [HOST] INFO: [pose] rest re-arm task 65535 -> 87
[19:24:49.383] [HOST] INFO: [pose] applyOrder hand=1,1707885696 task=87 subj=2940,3288452096,0 wire=2940,3288452096 det=1 r=2 try=0
[19:24:49.383] [HOST] INFO: [pose] rest re-arm task 65535 -> 98
[19:24:49.383] [HOST] INFO: [pose] applyOrder hand=1,930175808 task=98 subj=2994,2293457152,0 wire=2994,2293457152 det=1 r=2 try=0
[19:24:49.383] [HOST] INFO: [life] hand=1,145,609985344,1,930175808 from=MID to=PARKED reason=mid-rest
[19:24:49.434] [HOST] INFO: [census] park hand=1,930175808 name='Holy Citizen' d=184 local=-37672,752,-42999 host=-37691,769,-43181 (parks=28)
[19:24:49.446] [HOST] INFO: [pose] rest re-arm task 65535 -> 87
[19:24:49.447] [HOST] INFO: [pose] applyOrder hand=1,1583740288 task=87 subj=2971,1998779264,0 wire=2971,1998779264 det=1 r=2 try=0
[19:24:49.447] [HOST] INFO: [life] hand=1,145,609985344,1,930175808 from=PARKED to=MID reason=drive
[19:24:49.447] [HOST] INFO: [pose] rest re-arm task 65535 -> 98
[19:24:49.447] [HOST] INFO: [pose] applyOrder hand=1,930175808 task=98 subj=2994,2293457152,0 wire=2994,2293457152 det=1 r=2 try=0
[19:24:49.527] [HOST] INFO: [life] hand=1,135,2804077056,1,1126098688 from=PARKED to=MID reason=drive
[19:24:49.541] [HOST] INFO: [census] FREEZE hand=2,1680786176 name='Shop Guard holy' d=0 (frozen=11)
[19:24:49.568] [HOST] INFO: [deed] AUDIT hand=0.1432.11111.612.3788940544 isPlayer=1 set=1 sale=0 shop=0 public=0 desig=9 resident=0/0 town=0/1 interior=1 internals=0 doors=1/1/0 furn=0/0/0 canUse=1 home=1/1/0 stuff=1 wallet=19134 squads=2/0/0 cur=0/0 base=1/0 owner='204-gamedata.base' name='Small Shack'
[19:24:49.583] [HOST] INFO: [life] hand=1,46,448486336,4,3323974656 from=PARKED to=MID reason=drive
[19:24:49.695] [HOST] INFO: [life] hand=1,97,2445678592,1,1224365184 from=PARKED to=MID reason=drive
[19:24:49.695] [HOST] INFO: [life] hand=1,143,850952128,1,2622802688 from=PARKED to=MID reason=drive
[19:24:49.695] [HOST] INFO: [life] hand=1,167,3656860416,1,582397440 from=HI to=PARKED reason=mid-rest
[19:24:49.771] [HOST] INFO: [pose] rest re-arm task 65535 -> 221
[19:24:49.771] [HOST] INFO: [pose] applyOrder hand=2,701782208 task=221 subj=3035,422119136,0 wire=3035,422119136 det=1 r=2 try=0
[19:24:49.827] [HOST] INFO: [pose] rest re-arm task 65535 -> 87
[19:24:49.827] [HOST] INFO: [pose] applyOrder hand=1,2482055680 task=87 subj=2939,1210205056,0 wire=2939,1210205056 det=1 r=2 try=0
[19:24:49.827] [HOST] INFO: [life] hand=1,105,1281250048,1,3167236352 from=PARKED to=MID reason=drive
[19:24:49.849] [HOST] INFO: [census] FREEZE hand=2,1680786176 name='Shop Guard holy' d=0 (frozen=11)
[19:24:49.907] [HOST] INFO: [stats] RECV hand=1,2916870144 ok=1 str=6.5 dex=1.3 tough=11.6 stealth=1.3 athl=26.0 xp=0
[19:24:49.908] [HOST] INFO: [pose] rest re-arm task 65535 -> 87
[19:24:49.908] [HOST] INFO: [pose] applyOrder hand=1,2342163200 task=87 subj=2941,3447143680,0 wire=2941,3447143680 det=1 r=2 try=0
[19:24:49.908] [HOST] INFO: [life] hand=1,145,609985344,1,930175808 from=MID to=PARKED reason=mid-rest
[19:24:49.960] [HOST] INFO: [life] hand=1,145,609985344,1,930175808 from=PARKED to=MID reason=drive
[19:24:49.960] [HOST] INFO: [pose] rest re-arm task 65535 -> 98
[19:24:49.960] [HOST] INFO: [pose] applyOrder hand=1,930175808 task=98 subj=2994,2293457152,0 wire=2994,2293457152 det=1 r=2 try=0
[19:24:49.960] [HOST] INFO: [life] hand=1,168,1722900352,1,1281250048 from=PARKED to=MID reason=drive
[19:24:50.027] [HOST] INFO: [pose] rest re-arm task 65535 -> 221
[19:24:50.027] [HOST] INFO: [pose] applyOrder hand=2,3759399424 task=221 subj=3411,273925792,0 wire=3411,273925792 det=1 r=2 try=0
[19:24:50.027] [HOST] INFO: [life] hand=1,163,501464832,1,2058349568 from=MID to=PARKED reason=mid-rest
[19:24:50.082] [HOST] INFO: [life] hand=1,41,3657958912,1,2732299776 from=PARKED to=HI reason=drive
[19:24:50.082] [HOST] INFO: [life] hand=1,163,501464832,1,2058349568 from=PARKED to=MID reason=drive
[19:24:50.170] [HOST] INFO: [census] FREEZE hand=2,1680786176 name='Shop Guard holy' d=0 (frozen=11)
[19:24:50.291] [HOST] INFO: [cam] center=-35787.4,600.4,-42038.0
[19:24:50.444] [HOST] INFO: [life] hand=1,145,609985344,1,930175808 from=MID to=PARKED reason=mid-rest
[19:24:50.444] [HOST] INFO: [pose] rest re-arm task 65535 -> 98
[19:24:50.444] [HOST] INFO: [pose] applyOrder hand=1,3642333952 task=98 subj=2993,1872924800,0 wire=2993,1872924800 det=1 r=2 try=0
[19:24:50.487] [HOST] INFO: [census] FREEZE hand=2,1680786176 name='Shop Guard holy' d=0 (frozen=11)
[19:24:50.500] [HOST] INFO: [life] hand=1,61,2771240192,1,1296508800 from=MID to=PARKED reason=mid-rest
[19:24:50.546] [HOST] INFO: [pose] rest re-arm task 65535 -> 87
[19:24:50.547] [HOST] INFO: [pose] applyOrder hand=1,3732910080 task=87 subj=2935,2406860288,0 wire=2935,2406860288 det=1 r=2 try=0
[19:24:50.547] [HOST] INFO: [life] hand=1,145,609985344,1,930175808 from=PARKED to=MID reason=drive
[19:24:50.547] [HOST] INFO: [pose] rest re-arm task 65535 -> 98
[19:24:50.547] [HOST] INFO: [pose] applyOrder hand=1,930175808 task=98 subj=2994,2293457152,0 wire=2994,2293457152 det=1 r=2 try=0
[19:24:50.592] [HOST] INFO: [budget] pub avg=180us max=405us apply avg=159us max=575us frames=398 over2ms=0
[19:24:50.658] [HOST] INFO: [snap] mid hand=1,1743164032 name='High Paladin' gap=135.6 gate=45.0 srcVel=0.0 cSpeed=15.0 mult=1.00 slew=1.00 dest=1 skipped=0
[19:24:50.802] [HOST] INFO: [census] FREEZE hand=2,1680786176 name='Shop Guard holy' d=0 (frozen=11)
[19:24:50.834] [HOST] INFO: [life] hand=1,60,3994140672,2,3626586880 from=MID to=PARKED reason=mid-rest
[19:24:50.948] [HOST] INFO: [stats] SEND hand=1,1709716736 str=9.1 dex=5.6 tough=11.4 stealth=1.7 athl=19.2 xp=0 fap=0
[19:24:50.983] [HOST] INFO: [pose] rest re-arm task 65535 -> 87
[19:24:50.983] [HOST] INFO: [pose] applyOrder hand=1,1707885696 task=87 subj=2940,3288452096,0 wire=2940,3288452096 det=1 r=2 try=0
[19:24:50.983] [HOST] INFO: [life] hand=1,145,609985344,1,930175808 from=MID to=PARKED reason=mid-rest
[19:24:51.027] [HOST] INFO: [pose] rest re-arm task 65535 -> 87
[19:24:51.027] [HOST] INFO: [pose] applyOrder hand=1,1742797824 task=87 subj=2923,1480102528,0 wire=2923,1480102528 det=1 r=2 try=0
[19:24:51.027] [HOST] INFO: [life] hand=1,145,609985344,1,930175808 from=PARKED to=MID reason=drive
[19:24:51.027] [HOST] INFO: [pose] rest re-arm task 65535 -> 98
[19:24:51.027] [HOST] INFO: [pose] applyOrder hand=1,930175808 task=98 subj=2994,2293457152,0 wire=2994,2293457152 det=1 r=2 try=0
[19:24:51.115] [HOST] INFO: [census] FREEZE hand=2,1680786176 name='Shop Guard holy' d=0 (frozen=11)
[19:24:51.115] [HOST] INFO: [census] park hand=3,1160766592 name='Paladin' d=127 local=-37290,652,-43509 host=-37197,652,-43422 (parks=29)
[19:24:51.115] [HOST] INFO: [audit] exist near=11 wide=126 drv=55 cen=15 hid=7 ghost=0 supp=7 census=81 fresh=1 parks=29 nearCap=0 wideCap=0 staleMs=58929 edges=0 ghostMax=-1 ghostEdge=0 dorm=6 attnR=1000 dormPc=0 pcs=2 mine=43 skip=43 cells=2
[19:24:51.246] [HOST] INFO: [gate] hand=1,2732299776 host=51 local=1  agree=104972/148276 (70%)
[19:24:51.255] [HOST] INFO: [spawn] REQ hand=1,75,3826782208,1,1112426752 send=1
[19:24:51.255] [HOST] INFO: [spawn] REQ hand=1,88,3486572288,1,675903296 send=1
[19:24:51.255] [HOST] INFO: [spawn] REQ hand=1,162,3308105472,1,2351806720 send=1
[19:24:51.255] [HOST] INFO: [spawn] REQ hand=1,171,372680672,1,3734619136 send=1
[19:24:51.255] [HOST] INFO: [spawn] REQ hand=1,172,1474731392,1,3861083904 send=1
[19:24:51.255] [HOST] INFO: [spawn] REQ hand=1,173,91186520,1,2586914048 send=1
[19:24:51.255] [HOST] INFO: [spawn] REQ hand=1,174,2041259776,1,88134768 send=1
[19:24:51.255] [HOST] INFO: [spawn] REQ hand=1,181,3623535104,1,2385498112 send=1
[19:24:51.255] [HOST] INFO: [spawn] REQ hand=1,182,3010375936,1,2021118208 send=1
[19:24:51.352] [HOST] INFO: [life] hand=1,254,876831040,1,1505981440 from=MID to=PARKED reason=mid-rest
[19:24:51.437] [HOST] INFO: [census] FREEZE hand=2,1680786176 name='Shop Guard holy' d=0 (frozen=12)
[19:24:51.488] [HOST] INFO: [spawn] INFO deferred (dupe) hand=1,75,3826782208,1,1112426752 sid='1411-gamedata.base' twin within 20u cen=1 force=0
[19:24:51.488] [HOST] INFO: [spawn] INFO deferred (dupe) hand=1,88,3486572288,1,675903296 sid='1411-gamedata.base' twin within 20u cen=1 force=0
[19:24:51.488] [HOST] INFO: [spawn] INFO deferred (dupe) hand=1,162,3308105472,1,2351806720 sid='4999487-DialoguePlus.mod' twin within 20u cen=1 force=0
[19:24:51.488] [HOST] INFO: [spawn] INFO deferred (dupe) hand=1,171,372680672,1,3734619136 sid='4999487-DialoguePlus.mod' twin within 20u cen=1 force=0
[19:24:51.488] [HOST] INFO: [spawn] INFO deferred (dupe) hand=1,172,1474731392,1,3861083904 sid='1411-gamedata.base' twin within 20u cen=1 force=0
[19:24:51.488] [HOST] INFO: [spawn] INFO deferred (dupe) hand=1,173,91186520,1,2586914048 sid='17225-Dialogue.mod' twin within 20u cen=1 force=0
[19:24:51.488] [HOST] INFO: [spawn] INFO deferred (dupe) hand=1,174,2041259776,1,88134768 sid='1411-gamedata.base' twin within 20u cen=1 force=0
[19:24:51.488] [HOST] INFO: [spawn] INFO deferred (dupe) hand=1,181,3623535104,1,2385498112 sid='1411-gamedata.base' twin within 20u cen=1 force=0
[19:24:51.488] [HOST] INFO: [spawn] INFO deferred (dupe) hand=1,182,3010375936,1,2021118208 sid='1411-gamedata.base' twin within 20u cen=1 force=0
[19:24:51.489] [HOST] INFO: [pose] rest re-arm task 65535 -> 87
[19:24:51.489] [HOST] INFO: [pose] applyOrder hand=1,2482055680 task=87 subj=2939,1210205056,0 wire=2939,1210205056 det=1 r=2 try=0
[19:24:51.489] [HOST] INFO: [life] hand=1,145,609985344,1,930175808 from=MID to=PARKED reason=mid-rest
[19:24:51.539] [HOST] INFO: [pose] rest re-arm task 65535 -> 87
[19:24:51.539] [HOST] INFO: [pose] applyOrder hand=1,1583740288 task=87 subj=2971,1998779264,0 wire=2971,1998779264 det=1 r=2 try=0
[19:24:51.539] [HOST] INFO: [life] hand=1,145,609985344,1,930175808 from=PARKED to=MID reason=drive
[19:24:51.539] [HOST] INFO: [pose] rest re-arm task 65535 -> 98
[19:24:51.539] [HOST] INFO: [pose] applyOrder hand=1,930175808 task=98 subj=2994,2293457152,0 wire=2994,2293457152 det=1 r=2 try=0
[19:24:51.573] [HOST] INFO: [life] hand=1,248,2116088832,1,3540405248 from=MID to=PARKED reason=mid-rest
[19:24:51.659] [HOST] INFO: [pose] rest re-arm task 65535 -> 87
[19:24:51.659] [HOST] INFO: [pose] applyOrder hand=3,2558227456 task=87 subj=2932,3377319424,0 wire=2932,3377319424 det=1 r=2 try=0
[19:24:51.713] [HOST] INFO: [pose] rest re-arm task 65535 -> 221
[19:24:51.713] [HOST] INFO: [pose] applyOrder hand=2,3759399424 task=221 subj=3411,273925792,0 wire=3411,273925792 det=1 r=2 try=0
[19:24:51.755] [HOST] INFO: [census] FREEZE hand=2,1680786176 name='Shop Guard holy' d=0 (frozen=12)
[19:24:51.830] [HOST] INFO: [ai] suspended=22 driven=67
[19:24:51.885] [HOST] INFO: [snap] mid hand=1,612915008 name='Hungry bandit' gap=714.7 gate=236.0 srcVel=0.0 cSpeed=69.2 mult=1.00 slew=1.00 dest=1 skipped=0
[19:24:51.983] [HOST] INFO: [pose] rest re-arm task 65535 -> 87
[19:24:51.983] [HOST] INFO: [pose] applyOrder hand=1,2342163200 task=87 subj=2941,3447143680,0 wire=2941,3447143680 det=1 r=2 try=0
[19:24:51.983] [HOST] INFO: [life] hand=1,145,609985344,1,930175808 from=MID to=PARKED reason=mid-rest
[19:24:52.036] [HOST] INFO: [life] hand=1,145,609985344,1,930175808 from=PARKED to=MID reason=drive
[19:24:52.036] [HOST] INFO: [pose] rest re-arm task 65535 -> 98
[19:24:52.036] [HOST] INFO: [pose] applyOrder hand=1,930175808 task=98 subj=2994,2293457152,0 wire=2994,2293457152 det=1 r=2 try=0
[19:24:52.081] [HOST] INFO: [census] FREEZE hand=2,1680786176 name='Shop Guard holy' d=0 (frozen=11)
[19:24:52.101] [HOST] INFO: [pose] rest re-arm task 65535 -> 87
[19:24:52.101] [HOST] INFO: [pose] applyOrder hand=1,3732910080 task=87 subj=2935,2406860288,0 wire=2935,2406860288 det=1 r=2 try=0
[19:24:52.186] [HOST] INFO: [census] park hand=6,1799316352 name='Holy Sentinel' d=124 local=-37825,707,-43592 host=-37819,708,-43468 (parks=30)
[19:24:52.308] [HOST] INFO: [pose] rest re-arm task 65535 -> 221
[19:24:52.308] [HOST] INFO: [pose] applyOrder hand=2,701782208 task=221 subj=3035,422119136,0 wire=3035,422119136 det=1 r=2 try=0
[19:24:52.349] [HOST] INFO: [net] [net] bandwidth out=8.2 KB/s in=19.8 KB/s (window 5s)
[19:24:52.403] [HOST] INFO: [census] FREEZE hand=2,1680786176 name='Shop Guard holy' d=0 (frozen=12)
[19:24:52.455] [HOST] INFO: [life] hand=1,145,609985344,1,930175808 from=MID to=PARKED reason=mid-rest
[19:24:52.455] [HOST] INFO: [pose] rest re-arm task 65535 -> 98
[19:24:52.455] [HOST] INFO: [pose] applyOrder hand=1,3642333952 task=98 subj=2993,1872924800,0 wire=2993,1872924800 det=1 r=2 try=0
[19:24:52.560] [HOST] INFO: [life] hand=1,145,609985344,1,930175808 from=PARKED to=MID reason=drive
[19:24:52.560] [HOST] INFO: [pose] rest re-arm task 65535 -> 98
[19:24:52.560] [HOST] INFO: [pose] applyOrder hand=1,930175808 task=98 subj=2994,2293457152,0 wire=2994,2293457152 det=1 r=2 try=0
[19:24:52.612] [HOST] INFO: [census] sent n=107 radius=2000 mid=5 anchors=4 a0=loaded:38 a1=loaded:154 a2=loaded:0 a3=loaded:0 enum=192 notmine=85 proxyrow=0 attnR=1000
[19:24:52.623] [HOST] INFO: [life] hand=1,41,3657958912,1,2732299776 from=HI to=PARKED reason=mid-rest
[19:24:52.720] [HOST] INFO: [census] FREEZE hand=2,1680786176 name='Shop Guard holy' d=0 (frozen=12)
[19:24:52.860] [HOST] INFO: [life] hand=1,282,1680297856,1,2393921024 from=MID to=PARKED reason=mid-rest
[19:24:52.872] [HOST] INFO: [pose] rest re-arm task 65535 -> 87
[19:24:52.872] [HOST] INFO: [pose] applyOrder hand=1,1707885696 task=87 subj=2940,3288452096,0 wire=2940,3288452096 det=1 r=2 try=0
[19:24:52.978] [HOST] INFO: [pose] rest re-arm task 65535 -> 87
[19:24:52.978] [HOST] INFO: [pose] applyOrder hand=1,1742797824 task=87 subj=2923,1480102528,0 wire=2923,1480102528 det=1 r=2 try=0
[19:24:52.978] [HOST] INFO: [life] hand=1,248,2116088832,1,3540405248 from=PARKED to=MID reason=drive
[19:24:53.000] [HOST] INFO: [snap] mid hand=1,306640640 name='Holy Citizen' gap=58.7 gate=11.9 srcVel=0.0 cSpeed=0.0 mult=1.00 slew=1.00 dest=1 skipped=0
[19:24:53.043] [HOST] INFO: [census] FREEZE hand=2,1680786176 name='Shop Guard holy' d=0 (frozen=12)
[19:24:53.064] [HOST] INFO: [life] hand=1,145,609985344,1,930175808 from=MID to=PARKED reason=mid-rest
[19:24:53.085] [HOST] INFO: [pose] rest re-arm task 65535 -> 98
[19:24:53.085] [HOST] INFO: [pose] applyOrder hand=1,306640640 task=98 subj=2997,2954467840,0 wire=2997,2954467840 det=1 r=2 try=0
[19:24:53.085] [HOST] INFO: [life] hand=1,102,638305664,1,306640640 from=MID to=PARKED reason=mid-rest
[19:24:53.252] [HOST] INFO: [gate] hand=1,2732299776 host=51 local=1  agree=112367/158147 (71%)
[19:24:53.300] [HOST] INFO: [census] recv n=80 culls=7
[19:24:53.343] [HOST] INFO: [cell] MAP cells=2 slots=2 23,22=1 24,22=0
[19:24:53.354] [HOST] INFO: [census] FREEZE hand=2,1680786176 name='Shop Guard holy' d=0 (frozen=12)
[19:24:53.506] [HOST] INFO: [pose] rest re-arm task 65535 -> 87
[19:24:53.506] [HOST] INFO: [pose] applyOrder hand=1,2342163200 task=87 subj=2941,3447143680,0 wire=2941,3447143680 det=1 r=2 try=0
[19:24:53.506] [HOST] INFO: [life] hand=1,102,638305664,1,306640640 from=PARKED to=MID reason=drive
[19:24:53.562] [HOST] INFO: [pose] rest re-arm task 65535 -> 98
[19:24:53.562] [HOST] INFO: [pose] applyOrder hand=1,306640640 task=98 subj=2997,2954467840,0 wire=2997,2954467840 det=1 r=2 try=0
[19:24:53.562] [HOST] INFO: [life] hand=1,102,638305664,1,306640640 from=MID to=PARKED reason=mid-rest
[19:24:53.629] [HOST] INFO: [pose] rest re-arm task 65535 -> 87
[19:24:53.629] [HOST] INFO: [pose] applyOrder hand=1,3621704192 task=87 subj=2927,3629638656,0 wire=2927,3629638656 det=1 r=2 try=0
[19:24:53.629] [HOST] INFO: [pose] rest re-arm task 65535 -> 98
[19:24:53.629] [HOST] INFO: [pose] applyOrder hand=1,930175808 task=98 subj=2994,2293457152,0 wire=2994,2293457152 det=1 r=2 try=0
[19:24:53.681] [HOST] INFO: [life] hand=1,145,609985344,1,930175808 from=PARKED to=MID reason=drive
[19:24:53.681] [HOST] INFO: [pose] rest re-arm task 65535 -> 98
[19:24:53.681] [HOST] INFO: [pose] applyOrder hand=1,930175808 task=98 subj=2994,2293457152,0 wire=2994,2293457152 det=1 r=2 try=0
[19:24:53.681] [HOST] INFO: [census] FREEZE hand=2,1680786176 name='Shop Guard holy' d=0 (frozen=11)
[19:24:53.766] [HOST] INFO: [inv] APPLY hand=1,2,2989257728,1,2916870144 items=10
[19:24:53.778] [HOST] INFO: [pose] rest re-arm task 65535 -> 221
[19:24:53.778] [HOST] INFO: [pose] applyOrder hand=2,3759399424 task=221 subj=3411,273925792,0 wire=3411,273925792 det=1 r=2 try=0
[19:24:53.886] [HOST] INFO: [pose] rest re-arm task 65535 -> 221
[19:24:53.886] [HOST] INFO: [pose] applyOrder hand=2,701782208 task=221 subj=3035,422119136,0 wire=3035,422119136 det=1 r=2 try=0
[19:24:53.998] [HOST] INFO: [census] FREEZE hand=2,1680786176 name='Shop Guard holy' d=0 (frozen=11)
[19:24:54.032] [HOST] INFO: [pose] rest re-arm task 65535 -> 98
[19:24:54.032] [HOST] INFO: [pose] applyOrder hand=1,306640640 task=98 subj=2997,2954467840,0 wire=2997,2954467840 det=1 r=2 try=0
[19:24:54.077] [HOST] INFO: [life] hand=1,145,609985344,1,930175808 from=MID to=PARKED reason=mid-rest
[19:24:54.077] [HOST] INFO: [pose] rest re-arm task 65535 -> 98
[19:24:54.077] [HOST] INFO: [pose] applyOrder hand=1,3642333952 task=98 subj=2993,1872924800,0 wire=2993,1872924800 det=1 r=2 try=0
[19:24:54.150] [HOST] INFO: [pose] rest re-arm task 65535 -> 87
[19:24:54.150] [HOST] INFO: [pose] applyOrder hand=3,2558227456 task=87 subj=2932,3377319424,0 wire=2932,3377319424 det=1 r=2 try=0
[19:24:54.150] [HOST] INFO: [life] hand=1,145,609985344,1,930175808 from=PARKED to=MID reason=drive
[19:24:54.150] [HOST] INFO: [pose] rest re-arm task 65535 -> 98
[19:24:54.150] [HOST] INFO: [pose] applyOrder hand=1,930175808 task=98 subj=2994,2293457152,0 wire=2994,2293457152 det=1 r=2 try=0
[19:24:54.196] [HOST] INFO: [life] hand=1,38,3124999936,3,2558227456 from=PARKED to=MID reason=drive
[19:24:54.196] [HOST] INFO: [pose] rest re-arm task 65535 -> 87
[19:24:54.196] [HOST] INFO: [pose] applyOrder hand=3,2558227456 task=87 subj=2932,3377319424,0 wire=2932,3377319424 det=1 r=2 try=0
[19:24:54.196] [HOST] INFO: [authority] restore NPC hand=1,514282240 (proxy/driven exemption; supp=6)
[19:24:54.308] [HOST] INFO: [interp] lerp=68981 extrap=4211 clamp=7 seg=880 single=115763 snapSq=432 snapNpc=0 reissueSq=506 reissueNpc=1897 restFlip=36 delay=714 jit=172.7 starve=10 snapMid=83 restFlipMid=25 haltDrv=0
[19:24:54.308] [HOST] INFO: [interp] worstZero hand=1,2916870144 zero=797 active=7017 seg=97
[19:24:54.308] [HOST] INFO: [census] FREEZE hand=2,1680786176 name='Shop Guard holy' d=0 (frozen=11)
[19:24:54.350] [HOST] INFO: [cam] hint recv=-35805.6,595.4,-42099.7
[19:24:54.513] [HOST] INFO: [pose] rest re-arm task 65535 -> 98
[19:24:54.513] [HOST] INFO: [pose] applyOrder hand=1,306640640 task=98 subj=2997,2954467840,0 wire=2997,2954467840 det=1 r=2 try=0
[19:24:54.513] [HOST] INFO: [pose] rest re-arm task 65535 -> 87
[19:24:54.513] [HOST] INFO: [pose] applyOrder hand=1,1707885696 task=87 subj=2940,3288452096,0 wire=2940,3288452096 det=1 r=2 try=0
[19:24:54.590] [HOST] INFO: [deed] AUDIT hand=0.1432.11111.612.3788940544 isPlayer=1 set=1 sale=0 shop=0 public=0 desig=9 resident=0/0 town=0/1 interior=1 internals=0 doors=1/1/0 furn=0/0/0 canUse=1 home=1/1/0 stuff=1 wallet=19134 squads=2/0/0 cur=0/0 base=1/0 owner='204-gamedata.base' name='Small Shack'
[19:24:54.627] [HOST] INFO: [census] FREEZE hand=2,1680786176 name='Shop Guard holy' d=0 (frozen=11)
[19:24:54.672] [HOST] INFO: [life] hand=1,44,3349121024,1,1965331968 from=MID to=PARKED reason=mid-rest
[19:24:54.672] [HOST] INFO: [life] hand=1,145,609985344,1,930175808 from=MID to=PARKED reason=mid-rest
[19:24:54.834] [HOST] INFO: [ai] suspended=18 driven=67
[19:24:54.876] [HOST] INFO: [stats] RECV hand=1,2916870144 ok=1 str=6.5 dex=1.3 tough=11.6 stealth=1.3 athl=26.0 xp=0
[19:24:54.945] [HOST] INFO: [census] FREEZE hand=2,1680786176 name='Shop Guard holy' d=0 (frozen=11)
[19:24:55.009] [HOST] INFO: [pose] rest re-arm task 65535 -> 98
[19:24:55.009] [HOST] INFO: [pose] applyOrder hand=1,306640640 task=98 subj=2997,2954467840,0 wire=2997,2954467840 det=1 r=2 try=0
[19:24:55.009] [HOST] INFO: [pose] rest re-arm task 65535 -> 87
[19:24:55.009] [HOST] INFO: [pose] applyOrder hand=1,1583740288 task=87 subj=2971,1998779264,0 wire=2971,1998779264 det=1 r=2 try=0
[19:24:55.132] [HOST] INFO: [pose] rest re-arm task 65535 -> 98
[19:24:55.132] [HOST] INFO: [pose] applyOrder hand=1,930175808 task=98 subj=2994,2293457152,0 wire=2994,2293457152 det=1 r=2 try=0
[19:24:55.256] [HOST] INFO: [gate] hand=2,440429696 host=51 local=1  agree=119570/167209 (71%)
[19:24:55.257] [HOST] INFO: [census] FREEZE hand=2,1680786176 name='Shop Guard holy' d=0 (frozen=11)
[19:24:55.291] [HOST] INFO: [cam] center=-36199.4,635.4,-41676.1
[19:24:55.359] [HOST] INFO: [census] park hand=4,3854003968 name='Holy Sentinel' d=123 local=-37741,709,-43666 host=-37804,706,-43561 (parks=31)
[19:24:55.393] [HOST] INFO: [life] hand=1,141,2259399424,1,268432624 from=PARKED to=MID reason=drive
[19:24:55.490] [HOST] INFO: [pose] rest re-arm task 65535 -> 98
[19:24:55.490] [HOST] INFO: [pose] applyOrder hand=1,306640640 task=98 subj=2997,2954467840,0 wire=2997,2954467840 det=1 r=2 try=0
[19:24:55.531] [HOST] INFO: [pose] rest re-arm task 65535 -> 98
[19:24:55.531] [HOST] INFO: [pose] applyOrder hand=1,306640640 task=98 subj=2997,2954467840,0 wire=2997,2954467840 det=1 r=2 try=0
[19:24:55.531] [HOST] INFO: [pose] rest re-arm task 65535 -> 87
[19:24:55.531] [HOST] INFO: [pose] applyOrder hand=1,3621704192 task=87 subj=2927,3629638656,0 wire=2927,3629638656 det=1 r=2 try=0
[19:24:55.567] [HOST] INFO: [census] FREEZE hand=2,1680786176 name='Shop Guard holy' d=0 (frozen=13)
[19:24:55.600] [HOST] INFO: [pose] rest re-arm task 65535 -> 87
[19:24:55.600] [HOST] INFO: [pose] applyOrder hand=1,3732910080 task=87 subj=2935,2406860288,0 wire=2935,2406860288 det=1 r=2 try=0
[19:24:55.600] [HOST] INFO: [pose] rest re-arm task 65535 -> 98
[19:24:55.600] [HOST] INFO: [pose] applyOrder hand=1,306640640 task=98 subj=2997,2954467840,0 wire=2997,2954467840 det=1 r=2 try=0
[19:24:55.600] [HOST] INFO: [pose] rest re-arm task 65535 -> 98
[19:24:55.600] [HOST] INFO: [pose] applyOrder hand=1,930175808 task=98 subj=2994,2293457152,0 wire=2994,2293457152 det=1 r=2 try=0
[19:24:55.600] [HOST] INFO: [budget] pub avg=169us max=395us apply avg=160us max=449us frames=456 over2ms=0
[19:24:55.658] [HOST] INFO: [life] hand=1,145,609985344,1,930175808 from=PARKED to=MID reason=drive
[19:24:55.658] [HOST] INFO: [pose] rest re-arm task 65535 -> 98
[19:24:55.658] [HOST] INFO: [pose] applyOrder hand=1,930175808 task=98 subj=2994,2293457152,0 wire=2994,2293457152 det=1 r=2 try=0
[19:24:55.658] [HOST] INFO: [pose] rest re-arm task 65535 -> 98
[19:24:55.658] [HOST] INFO: [pose] applyOrder hand=1,3642333952 task=98 subj=2993,1872924800,0 wire=2993,1872924800 det=1 r=2 try=0
[19:24:55.743] [HOST] INFO: [life] hand=1,125,2941772544,8,2475341824 from=PARKED to=MID reason=drive
[19:24:55.803] [HOST] INFO: [pose] rest re-arm task 65535 -> 221
[19:24:55.803] [HOST] INFO: [pose] applyOrder hand=2,701782208 task=221 subj=3035,422119136,0 wire=3035,422119136 det=1 r=2 try=0
[19:24:55.803] [HOST] INFO: [life] hand=1,254,876831040,1,1505981440 from=PARKED to=MID reason=drive
[19:24:55.883] [HOST] INFO: [census] FREEZE hand=2,2515747072 name='Holy Sentinel' d=0 (frozen=12)
[19:24:55.917] [HOST] INFO: [stats] RECV hand=1,2916870144 ok=1 str=6.5 dex=1.3 tough=11.6 stealth=1.3 athl=26.0 xp=0
[19:24:56.007] [HOST] INFO: [pose] rest re-arm task 65535 -> 87
[19:24:56.007] [HOST] INFO: [pose] applyOrder hand=1,2482055680 task=87 subj=2939,1210205056,0 wire=2939,1210205056 det=1 r=2 try=0
[19:24:56.067] [HOST] INFO: [pose] rest re-arm task 65535 -> 98
[19:24:56.067] [HOST] INFO: [pose] applyOrder hand=1,306640640 task=98 subj=2997,2954467840,0 wire=2997,2954467840 det=1 r=2 try=0
[19:24:56.119] [HOST] INFO: [pose] rest re-arm task 65535 -> 87
[19:24:56.119] [HOST] INFO: [pose] applyOrder hand=1,1742797824 task=87 subj=2923,1480102528,0 wire=2923,1480102528 det=1 r=2 try=0
[19:24:56.119] [HOST] INFO: [life] hand=1,145,609985344,1,930175808 from=MID to=PARKED reason=mid-rest
[19:24:56.168] [HOST] INFO: [life] hand=1,145,609985344,1,930175808 from=PARKED to=MID reason=drive
[19:24:56.168] [HOST] INFO: [pose] rest re-arm task 65535 -> 98
[19:24:56.168] [HOST] INFO: [pose] applyOrder hand=1,930175808 task=98 subj=2994,2293457152,0 wire=2994,2293457152 det=1 r=2 try=0
[19:24:56.194] [HOST] INFO: [census] FREEZE hand=2,2515747072 name='Holy Sentinel' d=0 (frozen=12)
[19:24:56.194] [HOST] INFO: [audit] exist near=1 wide=111 drv=50 cen=16 hid=6 ghost=0 supp=6 census=79 fresh=1 parks=32 nearCap=0 wideCap=0 staleMs=58929 edges=0 ghostMax=-1 ghostEdge=0 dorm=2 attnR=1000 dormPc=0 pcs=2 mine=37 skip=37 cells=2
[19:24:56.252] [HOST] INFO: [pose] rest re-arm task 65535 -> 221
[19:24:56.252] [HOST] INFO: [pose] applyOrder hand=1,1965331968 task=221 subj=2684,1889404288,0 wire=2684,1889404288 det=1 r=2 try=0
[19:24:56.503] [HOST] INFO: [pose] rest re-arm task 65535 -> 87
[19:24:56.503] [HOST] INFO: [pose] applyOrder hand=1,1707885696 task=87 subj=2940,3288452096,0 wire=2940,3288452096 det=1 r=2 try=0
[19:24:56.503] [HOST] INFO: [census] FREEZE hand=2,2515747072 name='Holy Sentinel' d=0 (frozen=12)
[19:24:56.600] [HOST] INFO: [pose] rest re-arm task 65535 -> 98
[19:24:56.600] [HOST] INFO: [pose] applyOrder hand=1,306640640 task=98 subj=2997,2954467840,0 wire=2997,2954467840 det=1 r=2 try=0
[19:24:56.649] [HOST] INFO: [pose] rest re-arm task 65535 -> 98
[19:24:56.649] [HOST] INFO: [pose] applyOrder hand=1,306640640 task=98 subj=2997,2954467840,0 wire=2997,2954467840 det=1 r=2 try=0
[19:24:56.709] [HOST] INFO: [pose] rest re-arm task 65535 -> 87
[19:24:56.709] [HOST] INFO: [pose] applyOrder hand=1,1583740288 task=87 subj=2971,1998779264,0 wire=2971,1998779264 det=1 r=2 try=0
[19:24:56.811] [HOST] INFO: [census] FREEZE hand=2,2515747072 name='Holy Sentinel' d=0 (frozen=12)
[19:24:56.838] [HOST] INFO: [life] hand=1,61,2771240192,1,1296508800 from=PARKED to=MID reason=drive
[19:24:56.926] [HOST] INFO: [med] SEND hand=1,1709716736 npc=0 blood=81.8 bleed=0.00 fl=100.0,100.0,100.0,100.0 bd=0.0,0.0,0.0,0.0 flags=0 nparts=7 pmin=51.5 smin=0.0 ls=0,0,0,0
[19:24:57.045] [HOST] INFO: [life] hand=1,141,2259399424,1,268432624 from=MID to=PARKED reason=mid-rest
[19:24:57.045] [HOST] INFO: [snap] mid hand=1,3540405248 name='Holy Citizen' gap=57.4 gate=8.5 srcVel=0.0 cSpeed=0.0 mult=1.00 slew=1.00 dest=1 skipped=1
[19:24:57.103] [HOST] INFO: [pose] rest re-arm task 65535 -> 98
[19:24:57.103] [HOST] INFO: [pose] applyOrder hand=1,306640640 task=98 subj=2997,2954467840,0 wire=2997,2954467840 det=1 r=2 try=0
[19:24:57.134] [HOST] INFO: [census] FREEZE hand=3,1160766592 name='Paladin' d=0 (frozen=11)
[19:24:57.153] [HOST] INFO: [pose] rest re-arm task 65535 -> 98
[19:24:57.153] [HOST] INFO: [pose] applyOrder hand=1,306640640 task=98 subj=2997,2954467840,0 wire=2997,2954467840 det=1 r=2 try=0
[19:24:57.244] [HOST] INFO: [pose] rest re-arm task 65535 -> 98
[19:24:57.244] [HOST] INFO: [pose] applyOrder hand=1,3642333952 task=98 subj=2993,1872924800,0 wire=2993,1872924800 det=1 r=2 try=0
[19:24:57.265] [HOST] INFO: [gate] hand=1,3267333888 host=1 local=65535  agree=126949/176717 (71%)
[19:24:57.274] [HOST] INFO: [spawn] REQ hand=1,75,3826782208,1,1112426752 send=1
[19:24:57.274] [HOST] INFO: [spawn] REQ hand=1,88,3486572288,1,675903296 send=1
[19:24:57.274] [HOST] INFO: [spawn] REQ hand=1,162,3308105472,1,2351806720 send=1
[19:24:57.274] [HOST] INFO: [spawn] REQ hand=1,171,372680672,1,3734619136 send=1
[19:24:57.274] [HOST] INFO: [spawn] REQ hand=1,172,1474731392,1,3861083904 send=1
[19:24:57.274] [HOST] INFO: [spawn] REQ hand=1,173,91186520,1,2586914048 send=1
[19:24:57.274] [HOST] INFO: [spawn] REQ hand=1,174,2041259776,1,88134768 send=1
[19:24:57.274] [HOST] INFO: [spawn] REQ hand=1,181,3623535104,1,2385498112 send=1
[19:24:57.274] [HOST] INFO: [spawn] REQ hand=1,182,3010375936,1,2021118208 send=1
[19:24:57.344] [HOST] INFO: [net] [net] bandwidth out=6.7 KB/s in=18.2 KB/s (window 5s)
[19:24:57.393] [HOST] INFO: [life] hand=1,105,1281250048,1,3167236352 from=MID to=PARKED reason=mid-rest
[19:24:57.440] [HOST] INFO: [life] hand=1,135,2804077056,1,1126098688 from=MID to=PARKED reason=mid-rest
[19:24:57.450] [HOST] INFO: [census] FREEZE hand=3,1160766592 name='Paladin' d=0 (frozen=11)
[19:24:57.504] [HOST] INFO: [spawn] INFO deferred (dupe) hand=1,75,3826782208,1,1112426752 sid='1411-gamedata.base' twin within 20u cen=1 force=0
[19:24:57.504] [HOST] INFO: [spawn] INFO deferred (dupe) hand=1,88,3486572288,1,675903296 sid='1411-gamedata.base' twin within 20u cen=1 force=0
[19:24:57.504] [HOST] INFO: [spawn] INFO deferred (dupe) hand=1,162,3308105472,1,2351806720 sid='4999487-DialoguePlus.mod' twin within 20u cen=1 force=0
[19:24:57.504] [HOST] INFO: [spawn] INFO deferred (dupe) hand=1,171,372680672,1,3734619136 sid='4999487-DialoguePlus.mod' twin within 20u cen=1 force=0
[19:24:57.504] [HOST] INFO: [spawn] INFO deferred (dupe) hand=1,172,1474731392,1,3861083904 sid='1411-gamedata.base' twin within 20u cen=1 force=0
[19:24:57.504] [HOST] INFO: [spawn] INFO deferred (dupe) hand=1,173,91186520,1,2586914048 sid='17225-Dialogue.mod' twin within 20u cen=1 force=0
[19:24:57.504] [HOST] INFO: [spawn] INFO deferred (dupe) hand=1,174,2041259776,1,88134768 sid='1411-gamedata.base' twin within 20u cen=1 force=0
[19:24:57.504] [HOST] INFO: [spawn] INFO deferred (dupe) hand=1,181,3623535104,1,2385498112 sid='1411-gamedata.base' twin within 20u cen=1 force=0
[19:24:57.504] [HOST] INFO: [spawn] INFO deferred (dupe) hand=1,182,3010375936,1,2021118208 sid='1411-gamedata.base' twin within 20u cen=1 force=0
[19:24:57.645] [HOST] INFO: [pose] rest re-arm task 65535 -> 98
[19:24:57.645] [HOST] INFO: [pose] applyOrder hand=1,306640640 task=98 subj=2997,2954467840,0 wire=2997,2954467840 det=1 r=2 try=0
[19:24:57.693] [HOST] INFO: [pose] rest re-arm task 65535 -> 98
[19:24:57.693] [HOST] INFO: [pose] applyOrder hand=1,306640640 task=98 subj=2997,2954467840,0 wire=2997,2954467840 det=1 r=2 try=0
[19:24:57.693] [HOST] INFO: [pose] rest re-arm task 65535 -> 87
[19:24:57.693] [HOST] INFO: [pose] applyOrder hand=1,1742797824 task=87 subj=2923,1480102528,0 wire=2923,1480102528 det=1 r=2 try=0
[19:24:57.764] [HOST] INFO: [life] hand=1,143,850952128,1,2622802688 from=MID to=PARKED reason=mid-rest
[19:24:57.764] [HOST] INFO: [census] FREEZE hand=3,1160766592 name='Paladin' d=0 (frozen=11)
[19:24:57.820] [HOST] INFO: [life] hand=1,46,448486336,4,3323974656 from=MID to=PARKED reason=mid-rest
[19:24:57.845] [HOST] INFO: [ai] suspended=15 driven=67
[19:24:57.906] [HOST] INFO: [pose] rest re-arm task 65535 -> 221
[19:24:57.906] [HOST] INFO: [pose] applyOrder hand=2,701782208 task=221 subj=3035,422119136,0 wire=3035,422119136 det=1 r=2 try=0
[19:24:58.010] [HOST] INFO: [pose] rest re-arm task 65535 -> 98
[19:24:58.010] [HOST] INFO: [pose] applyOrder hand=1,3540405248 task=98 subj=2995,31616210,0 wire=2995,31616210 det=1 r=2 try=0
[19:24:58.010] [HOST] INFO: [life] hand=1,248,2116088832,1,3540405248 from=MID to=PARKED reason=mid-rest
[19:24:58.022] [HOST] INFO: [pose] rest re-arm task 65535 -> 98
[19:24:58.022] [HOST] INFO: [pose] applyOrder hand=1,306640640 task=98 subj=2997,2954467840,0 wire=2997,2954467840 det=1 r=2 try=0
[19:24:58.022] [HOST] INFO: [pose] rest re-arm task 65535 -> 87
[19:24:58.022] [HOST] INFO: [pose] applyOrder hand=1,1707885696 task=87 subj=2940,3288452096,0 wire=2940,3288452096 det=1 r=2 try=0
[19:24:58.081] [HOST] INFO: [pose] rest re-arm task 65535 -> 87
[19:24:58.081] [HOST] INFO: [pose] applyOrder hand=1,2342163200 task=87 subj=2941,3447143680,0 wire=2941,3447143680 det=1 r=2 try=0
[19:24:58.081] [HOST] INFO: [pose] rest re-arm task 65535 -> 98
[19:24:58.081] [HOST] INFO: [pose] applyOrder hand=1,306640640 task=98 subj=2997,2954467840,0 wire=2997,2954467840 det=1 r=2 try=0
[19:24:58.082] [HOST] INFO: [census] FREEZE hand=3,1160766592 name='Paladin' d=0 (frozen=11)
[19:24:58.127] [HOST] INFO: [life] hand=1,60,3994140672,1,3267333888 from=MID to=PARKED reason=mid-rest
[19:24:58.164] [HOST] INFO: [life] hand=1,163,501464832,1,2058349568 from=MID to=PARKED reason=mid-rest
[19:24:58.235] [HOST] INFO: [life] hand=1,97,2445678592,1,1224365184 from=MID to=PARKED reason=mid-rest
[19:24:58.273] [HOST] INFO: [life] STUCK hand=1,75,3826782208,1,1112426752 state=DISCOVERED age=49s (mintable)
[19:24:58.273] [HOST] INFO: [life] STUCK hand=1,88,3486572288,1,675903296 state=DISCOVERED age=49s (mintable)
[19:24:58.273] [HOST] INFO: [life] STUCK hand=1,162,3308105472,1,2351806720 state=DISCOVERED age=49s (mintable)
[19:24:58.273] [HOST] INFO: [life] STUCK hand=1,171,372680672,1,3734619136 state=DISCOVERED age=49s (mintable)
[19:24:58.273] [HOST] INFO: [life] STUCK hand=1,172,1474731392,1,3861083904 state=DISCOVERED age=49s (mintable)
[19:24:58.273] [HOST] INFO: [life] STUCK hand=1,173,91186520,1,2586914048 state=DISCOVERED age=49s (mintable)
[19:24:58.273] [HOST] INFO: [life] STUCK hand=1,174,2041259776,1,88134768 state=DISCOVERED age=49s (mintable)
[19:24:58.273] [HOST] INFO: [life] STUCK hand=1,181,3623535104,1,2385498112 state=DISCOVERED age=49s (mintable)
[19:24:58.273] [HOST] INFO: [life] STUCK hand=1,182,3010375936,1,2021118208 state=DISCOVERED age=49s (mintable)
[19:24:58.273] [HOST] INFO: [life] pruned throttle stamps=4
[19:24:58.286] [HOST] INFO: [life] hand=1,168,1722900352,1,1281250048 from=MID to=PARKED reason=mid-rest
[19:24:58.348] [HOST] INFO: [cell] MAP cells=2 slots=2 23,22=1 24,22=0
[19:24:58.398] [HOST] INFO: [census] FREEZE hand=3,1160766592 name='Paladin' d=0 (frozen=9)
[19:24:58.711] [HOST] INFO: [census] FREEZE hand=3,1160766592 name='Paladin' d=0 (frozen=9)
[19:24:58.823] [HOST] INFO: [inv] APPLY hand=1,2,2989257728,1,2916870144 items=10
[19:24:59.042] [HOST] INFO: [census] FREEZE hand=3,1160766592 name='Paladin' d=0 (frozen=9)
[19:24:59.113] [HOST] INFO: [pose] rest re-arm task 65535 -> 87
[19:24:59.113] [HOST] INFO: [pose] applyOrder hand=1,2482055680 task=87 subj=2939,1210205056,0 wire=2939,1210205056 det=1 r=2 try=0
[19:24:59.150] [HOST] INFO: [census] park hand=1,3540405248 name='Holy Citizen' d=130 local=-37679,703,-43089 host=-37653,768,-43199 (parks=33)
[19:24:59.163] [HOST] INFO: [life] hand=1,32,2424072192,1,2482055680 from=PARKED to=MID reason=drive
[19:24:59.163] [HOST] INFO: [pose] rest re-arm task 65535 -> 87
[19:24:59.163] [HOST] INFO: [pose] applyOrder hand=1,2482055680 task=87 subj=2939,1210205056,0 wire=2939,1210205056 det=1 r=2 try=0
[19:24:59.273] [HOST] INFO: [gate] hand=3,2212524288 host=51 local=1  agree=132621/184001 (72%)
[19:24:59.311] [HOST] INFO: [interp] lerp=75950 extrap=4518 clamp=7 seg=911 single=131766 snapSq=432 snapNpc=0 reissueSq=535 reissueNpc=2007 restFlip=38 delay=688 jit=174.0 starve=20 snapMid=84 restFlipMid=27 haltDrv=0
[19:24:59.311] [HOST] INFO: [interp] worstZero hand=1,2916870144 zero=797 active=7474 seg=52
[19:24:59.371] [HOST] INFO: [census] FREEZE hand=1,3540405248 name='Holy Citizen' d=130 (frozen=10)
[19:24:59.384] [HOST] INFO: [cam] hint recv=-35805.6,595.4,-42099.7
[19:24:59.479] [HOST] INFO: [cell] yield hand=1,612915008 owner=0 - the peer's stream holds this body; not authoring it while they drive it
[19:24:59.515] [HOST] INFO: [pose] rest re-arm task 65535 -> 221
[19:24:59.515] [HOST] INFO: [pose] applyOrder hand=2,701782208 task=221 subj=3035,422119136,0 wire=3035,422119136 det=1 r=2 try=0
[19:24:59.612] [HOST] INFO: [deed] AUDIT hand=0.1432.11111.612.3788940544 isPlayer=1 set=1 sale=0 shop=0 public=0 desig=9 resident=0/0 town=0/1 interior=1 internals=0 doors=1/1/0 furn=0/0/0 canUse=1 home=1/1/0 stuff=1 wallet=19134 squads=2/0/0 cur=0/0 base=1/0 owner='204-gamedata.base' name='Small Shack'
[19:24:59.700] [HOST] INFO: [census] FREEZE hand=1,3540405248 name='Holy Citizen' d=64 (frozen=10)
[19:24:59.857] [HOST] INFO: [life] hand=1,168,1722900352,1,1281250048 from=PARKED to=MID reason=drive
[19:25:00.031] [HOST] INFO: [census] FREEZE hand=1,3540405248 name='Holy Citizen' d=66 (frozen=10)
[19:25:00.045] [HOST] INFO: [life] hand=1,67,3061035264,6,1648925824 from=MID to=PARKED reason=mid-rest
[19:25:00.070] [HOST] INFO: [snap] mid hand=1,1743164032 name='High Paladin' gap=32.5 gate=10.7 srcVel=0.0 cSpeed=15.0 mult=1.00 slew=1.00 dest=1 skipped=0
[19:25:00.287] [HOST] INFO: [door] rollup sent=0 (resend=0) recv=0 applied=0 nohand=0 converged=0 over=30s
[19:25:00.289] [HOST] INFO: [cam] center=-35745.4,560.4,-40567.3
[19:25:00.350] [HOST] INFO: [census] FREEZE hand=3,1160766592 name='Paladin' d=0 (frozen=10)
[19:25:00.362] [HOST] INFO: [cell] RECV owner=1 rank=1 cell=24,22 seq=43
[19:25:00.362] [HOST] INFO: [cell] MAP cells=1 slots=2 24,22=0
[19:25:00.455] [HOST] INFO: [census] park hand=1,2393921024 name='Holy Sentinel' d=148 local=-37967,660,-43483 host=-37975,674,-43630 (parks=34)
[19:25:00.608] [HOST] INFO: [budget] pub avg=163us max=344us apply avg=134us max=420us frames=450 over2ms=0
[19:25:00.632] [HOST] INFO: [life] hand=1,62,3429443328,5,3923217664 from=MID to=PARKED reason=mid-rest
[19:25:00.667] [HOST] INFO: [census] FREEZE hand=3,1160766592 name='Paladin' d=0 (frozen=10)
[19:25:00.781] [HOST] INFO: [life] hand=1,105,1281250048,1,3167236352 from=PARKED to=MID reason=drive
[19:25:00.855] [HOST] INFO: [ai] suspended=8 driven=67
[19:25:00.903] [HOST] INFO: [stats] RECV hand=1,2916870144 ok=1 str=6.5 dex=1.3 tough=11.6 stealth=1.3 athl=26.0 xp=0
[19:25:00.996] [HOST] INFO: [census] FREEZE hand=3,1160766592 name='Paladin' d=0 (frozen=10)
[19:25:01.076] [HOST] INFO: [med] SEND hand=1,1709716736 npc=0 blood=81.8 bleed=0.00 fl=100.0,100.0,100.0,100.0 bd=0.0,0.0,0.0,0.0 flags=0 nparts=7 pmin=51.6 smin=0.0 ls=0,0,0,0
[19:25:01.205] [HOST] INFO: [audit] exist near=0 wide=103 drv=31 cen=30 hid=6 ghost=0 supp=6 census=79 fresh=1 parks=34 nearCap=0 wideCap=0 staleMs=58929 edges=0 ghostMax=-1 ghostEdge=0 dorm=2 attnR=1000 dormPc=0 pcs=2 mine=34 skip=34 cells=1
[19:25:01.218] [HOST] INFO: [pose] rest re-arm task 65535 -> 221
[19:25:01.218] [HOST] INFO: [pose] applyOrder hand=2,701782208 task=221 subj=3035,422119136,0 wire=3035,422119136 det=1 r=2 try=0
[19:25:01.276] [HOST] INFO: [gate] hand=1,1296508800 host=78 local=74  agree=136961/189424 (72%)
[19:25:01.310] [HOST] INFO: [census] FREEZE hand=3,1160766592 name='Paladin' d=0 (frozen=10)
[19:25:01.414] [HOST] INFO: [census] park hand=2,2515747072 name='Holy Sentinel' d=130 local=-37397,652,-43373 host=-37373,652,-43501 (parks=35)
[19:25:01.472] [HOST] INFO: [life] hand=1,168,1722900352,1,1281250048 from=MID to=PARKED reason=mid-rest
[19:25:01.552] [HOST] INFO: [pose] rest re-arm task 65535 -> 221
[19:25:01.552] [HOST] INFO: [pose] applyOrder hand=1,1965331968 task=221 subj=2684,1889404288,0 wire=2684,1889404288 det=1 r=2 try=0
[19:25:01.621] [HOST] INFO: [census] FREEZE hand=6,1648925824 name='Holy Sentinel' d=121 (frozen=13)
[19:25:01.943] [HOST] INFO: [census] FREEZE hand=1,3646484480 name='Holy Sentinel' d=0 (frozen=13)
[19:25:02.265] [HOST] INFO: [census] FREEZE hand=6,1799316352 name='Holy Sentinel' d=0 (frozen=13)
[19:25:02.396] [HOST] INFO: [life] hand=1,105,1281250048,1,3167236352 from=MID to=PARKED reason=mid-rest
[19:25:02.438] [HOST] INFO: [net] [net] bandwidth out=7.4 KB/s in=9.7 KB/s (window 5s)
[19:25:02.480] [HOST] INFO: [census] park hand=5,3923217664 name='Paladin' d=121 local=-37148,664,-43278 host=-37182,654,-43393 (parks=38)
[19:25:02.593] [HOST] INFO: [census] FREEZE hand=5,3923217664 name='Paladin' d=121 (frozen=14)
[19:25:02.663] [HOST] INFO: [census] sent n=106 radius=2000 mid=6 anchors=4 a0=loaded:0 a1=loaded:184 a2=loaded:4 a3=loaded:0 enum=188 notmine=82 proxyrow=0 attnR=1000
[19:25:02.766] [HOST] INFO: [pose] rest re-arm task 65535 -> 221
[19:25:02.766] [HOST] INFO: [pose] applyOrder hand=2,701782208 task=221 subj=3035,422119136,0 wire=3035,422119136 det=1 r=2 try=0
[19:25:02.907] [HOST] INFO: [census] FREEZE hand=6,1799316352 name='Holy Sentinel' d=0 (frozen=14)
[19:25:03.115] [HOST] INFO: [pose] rest re-arm task 65535 -> 221
[19:25:03.115] [HOST] INFO: [pose] applyOrder hand=1,1965331968 task=221 subj=2684,1889404288,0 wire=2684,1889404288 det=1 r=2 try=0
[19:25:03.221] [HOST] INFO: [census] FREEZE hand=6,1799316352 name='Holy Sentinel' d=0 (frozen=14)
[19:25:03.282] [HOST] INFO: [gate] hand=3,2212524288 host=51 local=1  agree=140438/193840 (72%)
[19:25:03.282] [HOST] INFO: [life] hand=1,254,876831040,1,1505981440 from=MID to=PARKED reason=mid-rest
[19:25:03.282] [HOST] INFO: [life] pruned throttle stamps=2
[19:25:03.292] [HOST] INFO: [spawn] REQ hand=1,75,3826782208,1,1112426752 send=1
[19:25:03.292] [HOST] INFO: [spawn] REQ hand=1,88,3486572288,1,675903296 send=1
[19:25:03.292] [HOST] INFO: [spawn] REQ hand=1,162,3308105472,1,2351806720 send=1
[19:25:03.292] [HOST] INFO: [spawn] REQ hand=1,171,372680672,1,3734619136 send=1
[19:25:03.292] [HOST] INFO: [spawn] REQ hand=1,172,1474731392,1,3861083904 send=1
[19:25:03.292] [HOST] INFO: [spawn] REQ hand=1,173,91186520,1,2586914048 send=1
[19:25:03.292] [HOST] INFO: [spawn] REQ hand=1,174,2041259776,1,88134768 send=1
[19:25:03.390] [HOST] INFO: [census] recv n=76 culls=7
[19:25:03.489] [HOST] INFO: [spawn] INFO deferred (dupe) hand=1,75,3826782208,1,1112426752 sid='1411-gamedata.base' twin within 20u cen=1 force=0
[19:25:03.489] [HOST] INFO: [spawn] INFO deferred (dupe) hand=1,88,3486572288,1,675903296 sid='1411-gamedata.base' twin within 20u cen=1 force=0
[19:25:03.489] [HOST] INFO: [spawn] INFO deferred (dupe) hand=1,162,3308105472,1,2351806720 sid='4999487-DialoguePlus.mod' twin within 20u cen=1 force=0
[19:25:03.489] [HOST] INFO: [spawn] INFO deferred (dupe) hand=1,171,372680672,1,3734619136 sid='4999487-DialoguePlus.mod' twin within 20u cen=1 force=0
[19:25:03.489] [HOST] INFO: [spawn] INFO deferred (dupe) hand=1,172,1474731392,1,3861083904 sid='1411-gamedata.base' twin within 20u cen=1 force=0
[19:25:03.489] [HOST] INFO: [spawn] INFO deferred (far) hand=1,173,91186520,1,2586914048 dist=2530 mint=600 cen=1
[19:25:03.489] [HOST] INFO: [spawn] INFO deferred (far) hand=1,174,2041259776,1,88134768 dist=2501 mint=600 cen=1
[19:25:03.543] [HOST] INFO: [census] FREEZE hand=1,3540405248 name='Holy Citizen' d=66 (frozen=14)
[19:25:03.663] [HOST] INFO: [weather] SEND '48711-rebirth.mod' str=1.00 eff=1.00 end=7480 season=0
[19:25:03.802] [HOST] INFO: [inv] APPLY hand=1,2,2989257728,1,2916870144 items=10
[19:25:03.864] [HOST] INFO: [ai] suspended=3 driven=66
[19:25:03.864] [HOST] INFO: [census] FREEZE hand=1,3267333888 name='Holy Armour Trader' d=50 (frozen=14)
[19:25:04.012] [HOST] INFO: [life] hand=1,135,2804077056,1,1126098688 from=PARKED to=MID reason=drive
[19:25:04.197] [HOST] INFO: [census] FREEZE hand=1,3267333888 name='Holy Armour Trader' d=50 (frozen=14)
[19:25:04.315] [HOST] INFO: [interp] lerp=77888 extrap=4652 clamp=7 seg=911 single=142444 snapSq=432 snapNpc=0 reissueSq=563 reissueNpc=2056 restFlip=38 delay=617 jit=174.7 starve=27 snapMid=85 restFlipMid=30 haltDrv=0
[19:25:04.315] [HOST] INFO: [interp] worstZero hand=1,2916870144 zero=797 active=7888 seg=60
[19:25:04.508] [HOST] INFO: [census] FREEZE hand=1,3267333888 name='Holy Armour Trader' d=76 (frozen=14)
[19:25:04.636] [HOST] INFO: [deed] AUDIT hand=0.1432.11111.612.3788940544 isPlayer=1 set=1 sale=0 shop=0 public=0 desig=9 resident=0/0 town=0/1 interior=1 internals=0 doors=1/1/0 furn=0/0/0 canUse=1 home=1/1/0 stuff=1 wallet=19134 squads=2/0/0 cur=0/0 base=1/0 owner='204-gamedata.base' name='Small Shack'
[19:25:04.813] [HOST] INFO: [census] FREEZE hand=1,3267333888 name='Holy Armour Trader' d=76 (frozen=14)
[19:25:05.130] [HOST] INFO: [census] FREEZE hand=1,3267333888 name='Holy Armour Trader' d=76 (frozen=14)
[19:25:05.283] [HOST] INFO: [gate] hand=2,3626586880 host=51 local=65535  agree=142892/196998 (72%)
[19:25:05.283] [HOST] INFO: [cam] center=-36123.4,595.6,-40561.3
[19:25:05.335] [HOST] INFO: [life] hand=1,153,2339843840,1,3119750912 from=MID to=PARKED reason=census-wide
[19:25:05.371] [HOST] INFO: [cell] MAP cells=1 slots=2 24,22=0
[19:25:05.445] [HOST] INFO: [census] FREEZE hand=1,3267333888 name='Holy Armour Trader' d=76 (frozen=14)
[19:25:05.457] [HOST] INFO: [life] hand=1,67,3061035264,8,3573608448 from=MID to=PARKED reason=mid-rest
[19:25:05.521] [HOST] INFO: [life] hand=1,135,2804077056,1,1126098688 from=MID to=PARKED reason=mid-rest
[19:25:05.623] [HOST] INFO: [budget] pub avg=167us max=336us apply avg=100us max=448us frames=410 over2ms=0
[19:25:05.647] [HOST] INFO: [census] park hand=6,1648925824 name='Holy Sentinel' d=126 local=-37305,652,-43428 host=-37247,652,-43540 (parks=39)
[19:25:05.750] [HOST] INFO: [census] FREEZE hand=1,3267333888 name='Holy Armour Trader' d=86 (frozen=13)
[19:25:05.934] [HOST] INFO: [stats] RECV hand=1,2916870144 ok=1 str=6.5 dex=1.3 tough=11.6 stealth=1.3 athl=26.1 xp=0
[19:25:06.060] [HOST] INFO: [census] FREEZE hand=1,3267333888 name='Holy Armour Trader' d=86 (frozen=13)
[19:25:06.169] [HOST] INFO: [life] hand=1,145,609985344,1,930175808 from=MID to=PARKED reason=census-wide
[19:25:06.271] [HOST] INFO: [life] hand=1,280,1155517568,1,2047241216 from=MID to=PARKED reason=census-wide
[19:25:06.271] [HOST] INFO: [census] park hand=1,2047241216 name='Holy Sentinel' d=256 local=-37846,662,-43139 host=-37956,659,-43370 (parks=40)
[19:25:06.271] [HOST] INFO: [audit] exist near=0 wide=78 drv=19 cen=26 hid=6 ghost=0 supp=6 census=66 fresh=1 parks=40 nearCap=0 wideCap=0 staleMs=58929 edges=0 ghostMax=-1 ghostEdge=0 dorm=1 attnR=1000 dormPc=0 pcs=2 mine=26 skip=26 cells=1
[19:25:06.362] [HOST] INFO: [pose] rest re-arm task 65535 -> 221
[19:25:06.362] [HOST] INFO: [pose] applyOrder hand=1,1965331968 task=221 subj=2684,1889404288,0 wire=2684,1889404288 det=1 r=2 try=0
[19:25:06.373] [HOST] INFO: [census] FREEZE hand=1,3267333888 name='Holy Armour Trader' d=86 (frozen=14)
[19:25:06.437] [HOST] INFO: [cam] hint recv=-36349.6,632.7,-41337.4
[19:25:06.582] [HOST] INFO: [census] park hand=2,3905151488 name='High Paladin' d=123 local=-37091,675,-43214 host=-37066,668,-43093 (parks=41)
[19:25:06.682] [HOST] INFO: [census] FREEZE hand=1,3267333888 name='Holy Armour Trader' d=86 (frozen=15)
[19:25:06.692] [HOST] INFO: [cell] CLAIM rank=0 cell=24,23 seq=57 dwell=3 pos=-36357,-41335
[19:25:06.692] [HOST] INFO: [cell] MAP cells=2 slots=2 24,22=1 24,23=0
[19:25:06.865] [HOST] INFO: [ai] suspended=2 driven=66
[19:25:06.969] [HOST] INFO: [stats] SEND hand=1,1709716736 str=9.1 dex=5.6 tough=11.4 stealth=1.7 athl=19.3 xp=0 fap=0
[19:25:06.990] [HOST] INFO: [census] FREEZE hand=2,3905151488 name='High Paladin' d=7 (frozen=15)
[19:25:07.292] [HOST] INFO: [gate] hand=8,2475341824 host=22 local=1  agree=145696/200444 (72%)
[19:25:07.303] [HOST] INFO: [census] FREEZE hand=2,3905151488 name='High Paladin' d=0 (frozen=15)
[19:25:07.510] [HOST] INFO: [census] park hand=5,3923217664 name='Paladin' d=144 local=-37182,654,-43393 host=-37188,654,-43537 (parks=42)
[19:25:07.537] [HOST] INFO: [net] [net] bandwidth out=5.6 KB/s in=7.6 KB/s (window 5s)
[19:25:07.611] [HOST] INFO: [census] FREEZE hand=2,3905151488 name='High Paladin' d=0 (frozen=15)
[19:25:07.929] [HOST] INFO: [census] FREEZE hand=2,3905151488 name='High Paladin' d=0 (frozen=15)
[19:25:08.238] [HOST] INFO: [census] FREEZE hand=2,3905151488 name='High Paladin' d=0 (frozen=15)
[19:25:08.291] [HOST] INFO: [life] pruned throttle stamps=2
[19:25:08.548] [HOST] INFO: [census] FREEZE hand=2,3905151488 name='High Paladin' d=0 (frozen=15)
[19:25:08.793] [HOST] INFO: [inv] APPLY hand=1,2,2989257728,1,2916870144 items=10
[19:25:08.857] [HOST] INFO: [census] FREEZE hand=2,3905151488 name='High Paladin' d=0 (frozen=15)
[19:25:09.021] [HOST] INFO: [taskkey] key=127 desc='Retreating fast' repro=0 subject=0
[19:25:09.166] [HOST] INFO: [census] park hand=1,3540405248 name='Holy Citizen' d=138 local=-37681,703,-43080 host=-37653,768,-43199 (parks=43)
[19:25:09.166] [HOST] INFO: [census] FREEZE hand=1,3540405248 name='Holy Citizen' d=138 (frozen=15)
[19:25:09.166] [HOST] INFO: [life] hand=1,32,2424072192,1,2482055680 from=MID to=PARKED reason=census-wide
[19:25:09.266] [HOST] INFO: [life] hand=1,62,3429443328,6,1777343744 from=UNKNOWN to=RESOLVED reason=restore-wide
[19:25:09.266] [HOST] INFO: [census] restore NPC hand=6,1777343744 name='Paladin' (supp=5 culls=7)
[19:25:09.266] [HOST] INFO: [life] hand=1,62,3429443328,6,1777343744 from=RESOLVED to=PARKED reason=census-wide
[19:25:09.266] [HOST] INFO: [life] hand=1,62,3429443328,7,3348877056 from=UNKNOWN to=RESOLVED reason=restore-wide
[19:25:09.266] [HOST] INFO: [census] restore NPC hand=7,3348877056 name='Paladin' (supp=4 culls=7)
[19:25:09.266] [HOST] INFO: [life] hand=1,62,3429443328,7,3348877056 from=RESOLVED to=PARKED reason=census-wide
[19:25:09.266] [HOST] INFO: [life] hand=1,67,3061035264,9,3905151488 from=UNKNOWN to=RESOLVED reason=restore-wide
[19:25:09.266] [HOST] INFO: [census] restore NPC hand=9,3905151488 name='Holy Sentinel' (supp=3 culls=7)
[19:25:09.266] [HOST] INFO: [life] hand=1,67,3061035264,9,3905151488 from=RESOLVED to=PARKED reason=census-wide
[19:25:09.298] [HOST] INFO: [gate] hand=8,2475341824 host=22 local=65535  agree=147763/202756 (72%)
[19:25:09.315] [HOST] INFO: [life] hand=1,56,1616088832,1,616455104 from=UNKNOWN to=DISCOVERED reason=census-miss
[19:25:09.315] [HOST] INFO: [spawn] census-missing hand=1,56,1616088832,1,616455104 (no local body)
[19:25:09.315] [HOST] INFO: [life] hand=1,149,273803712,1,3424682496 from=UNKNOWN to=DISCOVERED reason=census-miss
[19:25:09.315] [HOST] INFO: [spawn] census-missing hand=1,149,273803712,1,3424682496 (no local body)
[19:25:09.315] [HOST] INFO: [life] hand=1,151,210205072,1,968383808 from=UNKNOWN to=DISCOVERED reason=census-miss
[19:25:09.315] [HOST] INFO: [spawn] census-missing hand=1,151,210205072,1,968383808 (no local body)
[19:25:09.315] [HOST] INFO: [life] hand=1,166,3875366144,1,2649292032 from=UNKNOWN to=DISCOVERED reason=census-miss
[19:25:09.315] [HOST] INFO: [spawn] census-missing hand=1,166,3875366144,1,2649292032 (no local body)
[19:25:09.315] [HOST] INFO: [life] hand=1,169,237182624,1,2578735360 from=UNKNOWN to=DISCOVERED reason=census-miss
[19:25:09.315] [HOST] INFO: [spawn] census-missing hand=1,169,237182624,1,2578735360 (no local body)
[19:25:09.315] [HOST] INFO: [spawn] REQ hand=1,56,1616088832,1,616455104 send=1
[19:25:09.315] [HOST] INFO: [spawn] REQ hand=1,149,273803712,1,3424682496 send=1
[19:25:09.315] [HOST] INFO: [spawn] REQ hand=1,151,210205072,1,968383808 send=1
[19:25:09.315] [HOST] INFO: [spawn] REQ hand=1,162,3308105472,1,2351806720 send=1
[19:25:09.315] [HOST] INFO: [spawn] REQ hand=1,166,3875366144,1,2649292032 send=1
[19:25:09.315] [HOST] INFO: [spawn] REQ hand=1,169,237182624,1,2578735360 send=1
[19:25:09.315] [HOST] INFO: [spawn] REQ hand=1,171,372680672,1,3734619136 send=1
[19:25:09.317] [HOST] INFO: [interp] lerp=78970 extrap=4678 clamp=7 seg=911 single=149807 snapSq=432 snapNpc=0 reissueSq=593 reissueNpc=2081 restFlip=38 delay=310 jit=98.4 starve=17 snapMid=85 restFlipMid=31 haltDrv=0
[19:25:09.317] [HOST] INFO: [interp] worstZero hand=1,2916870144 zero=797 active=8326 seg=269
[19:25:09.476] [HOST] INFO: [census] FREEZE hand=7,3348877056 name='Paladin' d=35 (frozen=18)
[19:25:09.584] [HOST] INFO: [spawn] INFO deferred (far) hand=1,56,1616088832,1,616455104 dist=2322 mint=600 cen=1
[19:25:09.585] [HOST] INFO: [spawn] INFO deferred (far) hand=1,149,273803712,1,3424682496 dist=1895 mint=600 cen=1
[19:25:09.585] [HOST] INFO: [spawn] INFO deferred (far) hand=1,151,210205072,1,968383808 dist=1901 mint=600 cen=1
[19:25:09.585] [HOST] INFO: [spawn] INFO deferred (dupe) hand=1,162,3308105472,1,2351806720 sid='4999487-DialoguePlus.mod' twin within 20u cen=1 force=0
[19:25:09.585] [HOST] INFO: [spawn] INFO deferred (far) hand=1,166,3875366144,1,2649292032 dist=2297 mint=600 cen=1
[19:25:09.585] [HOST] INFO: [spawn] INFO deferred (far) hand=1,169,237182624,1,2578735360 dist=2271 mint=600 cen=1
[19:25:09.585] [HOST] INFO: [spawn] INFO deferred (dupe) hand=1,171,372680672,1,3734619136 sid='4999487-DialoguePlus.mod' twin within 20u cen=1 force=0
[19:25:09.660] [HOST] INFO: [dlg] SEND 'Ngh...'
[19:25:09.669] [HOST] INFO: [deed] AUDIT hand=0.1432.11111.612.3788940544 isPlayer=1 set=1 sale=0 shop=0 public=0 desig=9 resident=0/0 town=0/1 interior=1 internals=0 doors=1/1/0 furn=0/0/0 canUse=1 home=1/1/0 stuff=1 wallet=19134 squads=2/0/0 cur=0/0 base=1/0 owner='204-gamedata.base' name='Small Shack'
[19:25:09.783] [HOST] INFO: [census] FREEZE hand=7,3348877056 name='Paladin' d=34 (frozen=18)
[19:25:09.871] [HOST] INFO: [ai] suspended=2 driven=66
[19:25:09.996] [HOST] INFO: [stats] RECV hand=1,2916870144 ok=1 str=6.5 dex=1.3 tough=11.6 stealth=1.3 athl=26.1 xp=0
[19:25:09.998] [HOST] INFO: [census] park hand=8,3573608448 name='Holy Sentinel' d=122 local=-37216,674,-42817 host=-37254,668,-42933 (parks=47)
[19:25:10.102] [HOST] INFO: [census] FREEZE hand=8,3573608448 name='Holy Sentinel' d=122 (frozen=19)
[19:25:10.287] [HOST] INFO: [cam] center=-36123.4,595.6,-40561.3
[19:25:10.421] [HOST] INFO: [census] FREEZE hand=7,3348877056 name='Paladin' d=34 (frozen=19)
[19:25:10.630] [HOST] INFO: [budget] pub avg=151us max=318us apply avg=71us max=374us frames=466 over2ms=0
[19:25:10.732] [HOST] INFO: [census] FREEZE hand=8,3573608448 name='Holy Sentinel' d=0 (frozen=19)
[19:25:10.834] [HOST] INFO: [census] park hand=2,2980835072 name='Shop Guard holy' d=131 local=-36523,717,-43252 host=-36626,717,-43172 (parks=48)
[19:25:10.976] [HOST] INFO: [snap] squad hand=1,2916870144 name='Rock' gap=80.2 gate=70.0 srcVel=72.3 cSpeed=71.6 mult=1.00 slew=1.00 dest=1 skipped=0
[19:25:10.976] [HOST] INFO: [pose] rest re-arm task 65535 -> 221
[19:25:10.976] [HOST] INFO: [pose] applyOrder hand=1,1965331968 task=221 subj=2684,1889404288,0 wire=2684,1889404288 det=1 r=2 try=0
[19:25:11.037] [HOST] INFO: [life] hand=1,61,2771240192,1,1296508800 from=MID to=PARKED reason=census-wide
[19:25:11.038] [HOST] INFO: [census] FREEZE hand=8,3573608448 name='Holy Sentinel' d=0 (frozen=20)
[19:25:11.300] [HOST] INFO: [gate] hand=8,2475341824 host=22 local=1  agree=149849/204981 (73%)
[19:25:11.347] [HOST] INFO: [census] FREEZE hand=8,3573608448 name='Holy Sentinel' d=0 (frozen=20)
[19:25:11.347] [HOST] INFO: [audit] exist near=0 wide=39 drv=11 cen=23 hid=0 ghost=0 supp=3 census=94 fresh=1 parks=48 nearCap=0 wideCap=0 staleMs=58929 edges=0 ghostMax=-1 ghostEdge=0 dorm=0 attnR=1000 dormPc=0 pcs=2 mine=5 skip=5 cells=2
[19:25:11.673] [HOST] INFO: [census] FREEZE hand=8,3573608448 name='Holy Sentinel' d=0 (frozen=20)
[19:25:11.692] [HOST] INFO: [cell] MAP cells=2 slots=2 24,22=1 24,23=0
[19:25:11.977] [HOST] INFO: [census] FREEZE hand=8,3573608448 name='Holy Sentinel' d=0 (frozen=20)
[19:25:11.998] [HOST] INFO: [dlg] RECV 'Urk...'
[19:25:12.291] [HOST] INFO: [census] FREEZE hand=8,3573608448 name='Holy Sentinel' d=0 (frozen=20)
[19:25:12.450] [HOST] INFO: [cam] hint recv=-36400.6,630.2,-40965.5
[19:25:12.450] [HOST] INFO: [cell] RECV owner=1 rank=1 cell=24,23 seq=45
[19:25:12.450] [HOST] INFO: [cell] MAP cells=1 slots=2 24,23=0
[19:25:12.565] [HOST] INFO: [net] [net] bandwidth out=3.6 KB/s in=7.3 KB/s (window 5s)
[19:25:12.601] [HOST] INFO: [census] FREEZE hand=8,3573608448 name='Holy Sentinel' d=0 (frozen=20)
[19:25:12.720] [HOST] INFO: [census] sent n=13 radius=2000 mid=1 anchors=3 a0=loaded:1 a1=loaded:78 a2=loaded:9 enum=88 notmine=75 proxyrow=0 attnR=1000
[19:25:12.881] [HOST] INFO: [ai] suspended=2 driven=64
[19:25:12.923] [HOST] INFO: [census] FREEZE hand=8,3573608448 name='Holy Sentinel' d=0 (frozen=20)
[19:25:13.227] [HOST] INFO: [census] FREEZE hand=8,3573608448 name='Holy Sentinel' d=0 (frozen=20)
[19:25:13.291] [HOST] INFO: [life] STUCK hand=1,162,3308105472,1,2351806720 state=DISCOVERED age=64s (mintable)
[19:25:13.291] [HOST] INFO: [life] STUCK hand=1,171,372680672,1,3734619136 state=DISCOVERED age=64s (mintable)
[19:25:13.291] [HOST] INFO: [life] pruned throttle stamps=1
[19:25:13.302] [HOST] INFO: [gate] hand=8,2475341824 host=22 local=1  agree=151369/206718 (73%)
[19:25:13.466] [HOST] INFO: [census] recv n=71 culls=7
[19:25:13.554] [HOST] INFO: [census] FREEZE hand=8,3573608448 name='Holy Sentinel' d=0 (frozen=20)
[19:25:13.823] [HOST] INFO: [inv] APPLY hand=1,2,2989257728,1,2916870144 items=10
[19:25:13.869] [HOST] INFO: [census] FREEZE hand=8,3573608448 name='Holy Sentinel' d=0 (frozen=20)
[19:25:14.181] [HOST] INFO: [census] FREEZE hand=8,3573608448 name='Holy Sentinel' d=0 (frozen=20)
[19:25:14.324] [HOST] INFO: [interp] lerp=79714 extrap=4964 clamp=7 seg=940 single=155121 snapSq=433 snapNpc=0 reissueSq=613 reissueNpc=2095 restFlip=38 delay=446 jit=142.2 starve=7 snapMid=85 restFlipMid=31 haltDrv=0
[19:25:14.324] [HOST] INFO: [interp] worstZero hand=1,2916870144 zero=851 active=8820 seg=49
[19:25:14.496] [HOST] INFO: [census] FREEZE hand=8,3573608448 name='Holy Sentinel' d=0 (frozen=20)
[19:25:14.702] [HOST] INFO: [deed] AUDIT hand=0.1432.11111.612.3788940544 isPlayer=1 set=1 sale=0 shop=0 public=0 desig=9 resident=0/0 town=0/1 interior=1 internals=0 doors=1/1/0 furn=0/0/0 canUse=1 home=1/1/0 stuff=1 wallet=19134 squads=2/0/0 cur=0/0 base=1/0 owner='204-gamedata.base' name='Small Shack'
[19:25:14.804] [HOST] INFO: [census] FREEZE hand=8,3573608448 name='Holy Sentinel' d=0 (frozen=20)
[19:25:15.050] [HOST] INFO: [stats] RECV hand=1,2916870144 ok=1 str=6.5 dex=1.3 tough=11.6 stealth=1.3 athl=26.1 xp=0
[19:25:15.119] [HOST] INFO: [census] FREEZE hand=7,3348877056 name='Paladin' d=89 (frozen=20)
[19:25:15.282] [HOST] INFO: [cam] center=-36182.1,599.7,-40291.6
[19:25:15.302] [HOST] INFO: [gate] hand=8,2475341824 host=22 local=1  agree=152936/208490 (73%)
[19:25:15.342] [HOST] INFO: [spawn] REQ hand=1,149,273803712,1,3424682496 send=1
[19:25:15.342] [HOST] INFO: [spawn] REQ hand=1,151,210205072,1,968383808 send=1
[19:25:15.342] [HOST] INFO: [spawn] REQ hand=1,162,3308105472,1,2351806720 send=1
[19:25:15.342] [HOST] INFO: [spawn] REQ hand=1,171,372680672,1,3734619136 send=1
[19:25:15.538] [HOST] INFO: [spawn] INFO deferred (far) hand=1,149,273803712,1,3424682496 dist=2338 mint=600 cen=1
[19:25:15.538] [HOST] INFO: [spawn] INFO deferred (far) hand=1,151,210205072,1,968383808 dist=2344 mint=600 cen=1
[19:25:15.538] [HOST] INFO: [spawn] INFO deferred (dupe) hand=1,162,3308105472,1,2351806720 sid='4999487-DialoguePlus.mod' twin within 20u cen=1 force=0
[19:25:15.538] [HOST] INFO: [spawn] INFO deferred (dupe) hand=1,171,372680672,1,3734619136 sid='4999487-DialoguePlus.mod' twin within 20u cen=1 force=0
[19:25:15.633] [HOST] INFO: [budget] pub avg=143us max=294us apply avg=55us max=177us frames=496 over2ms=0
[19:25:15.890] [HOST] INFO: [ai] suspended=2 driven=61
[19:25:16.387] [HOST] INFO: [audit] exist near=0 wide=22 drv=9 cen=6 hid=0 ghost=0 supp=3 census=62 fresh=1 parks=48 nearCap=0 wideCap=0 staleMs=58929 edges=0 ghostMax=-1 ghostEdge=0 dorm=0 attnR=1000 dormPc=0 pcs=2 mine=7 skip=7 cells=1
[19:25:17.311] [HOST] INFO: [gate] hand=8,2475341824 host=22 local=1  agree=154268/210017 (73%)
[19:25:17.458] [HOST] INFO: [cell] MAP cells=1 slots=2 24,23=0
[19:25:17.502] [HOST] INFO: [cam] hint recv=-36251.6,631.0,-40703.6
[19:25:17.613] [HOST] INFO: [net] [net] bandwidth out=4.7 KB/s in=6.4 KB/s (window 5s)
[19:25:18.300] [HOST] INFO: [life] pruned throttle stamps=5
[19:25:18.856] [HOST] INFO: [inv] APPLY hand=1,2,2989257728,1,2916870144 items=10
[19:25:18.894] [HOST] INFO: [ai] suspended=1 driven=58
[19:25:19.326] [HOST] INFO: [interp] lerp=80433 extrap=5131 clamp=7 seg=940 single=158443 snapSq=433 snapNpc=0 reissueSq=639 reissueNpc=2106 restFlip=38 delay=136 jit=20.8 starve=10 snapMid=85 restFlipMid=31 haltDrv=0
[19:25:19.326] [HOST] INFO: [interp] worstZero hand=1,2916870144 zero=851 active=9309 seg=66
[19:25:19.730] [HOST] INFO: [deed] AUDIT hand=0.1432.11111.612.3788940544 isPlayer=1 set=1 sale=0 shop=0 public=0 desig=9 resident=0/0 town=0/1 interior=1 internals=0 doors=1/1/0 furn=0/0/0 canUse=1 home=1/1/0 stuff=1 wallet=19134 squads=2/0/0 cur=0/0 base=1/0 owner='204-gamedata.base' name='Small Shack'
[19:25:20.019] [HOST] INFO: [stats] RECV hand=1,2916870144 ok=1 str=6.5 dex=1.3 tough=11.6 stealth=1.3 athl=26.2 xp=0
[19:25:20.290] [HOST] INFO: [cam] center=-36146.6,601.8,-40088.9
[19:25:20.641] [HOST] INFO: [budget] pub avg=143us max=305us apply avg=41us max=193us frames=480 over2ms=0
[19:25:21.405] [HOST] INFO: [audit] exist near=0 wide=18 drv=0 cen=11 hid=0 ghost=0 supp=3 census=30 fresh=1 parks=48 nearCap=0 wideCap=0 staleMs=58929 edges=0 ghostMax=-1 ghostEdge=0 dorm=0 attnR=1000 dormPc=0 pcs=2 mine=7 skip=7 cells=1
[19:25:21.903] [HOST] INFO: [ai] suspended=1 driven=52
[19:25:22.463] [HOST] INFO: [cell] MAP cells=1 slots=2 24,23=0
[19:25:22.512] [HOST] INFO: [cam] hint recv=-36215.4,618.7,-40386.4
[19:25:22.629] [HOST] INFO: [net] [net] bandwidth out=4.5 KB/s in=4.8 KB/s (window 5s)
[19:25:22.773] [HOST] INFO: [census] sent n=8 radius=2000 mid=1 anchors=3 a0=loaded:1 a1=loaded:21 a2=loaded:4 enum=26 notmine=18 proxyrow=0 attnR=1000
[19:25:23.305] [HOST] INFO: [life] pruned throttle stamps=6
[19:25:23.473] [HOST] INFO: [census] recv n=17 culls=7
[19:25:23.909] [HOST] INFO: [inv] APPLY hand=1,2,2989257728,1,2916870144 items=10
[19:25:24.330] [HOST] INFO: [interp] lerp=80913 extrap=5138 clamp=7 seg=940 single=158511 snapSq=433 snapNpc=0 reissueSq=665 reissueNpc=2106 restFlip=38 delay=159 jit=22.3 starve=7 snapMid=85 restFlipMid=31 haltDrv=0
[19:25:24.330] [HOST] INFO: [interp] worstZero hand=1,2916870144 zero=851 active=9796 seg=59
[19:25:24.756] [HOST] INFO: [deed] AUDIT hand=0.1432.11111.612.3788940544 isPlayer=1 set=1 sale=0 shop=0 public=0 desig=9 resident=0/0 town=0/1 interior=1 internals=0 doors=1/1/0 furn=0/0/0 canUse=1 home=1/1/0 stuff=1 wallet=19134 squads=2/0/0 cur=0/0 base=1/0 owner='204-gamedata.base' name='Small Shack'
[19:25:24.855] [HOST] INFO: [stats] RECV hand=1,2916870144 ok=1 str=6.5 dex=1.3 tough=11.6 stealth=1.3 athl=26.2 xp=0
[19:25:24.909] [HOST] INFO: [ai] suspended=1 driven=43
[19:25:25.293] [HOST] INFO: [cam] center=-36675.6,617.1,-39927.6
[19:25:25.651] [HOST] INFO: [budget] pub avg=140us max=371us apply avg=30us max=141us frames=496 over2ms=0
[19:25:26.437] [HOST] INFO: [audit] exist near=1 wide=7 drv=0 cen=0 hid=0 ghost=0 supp=3 census=12 fresh=1 parks=48 nearCap=0 wideCap=0 staleMs=58929 edges=0 ghostMax=-1 ghostEdge=0 dorm=0 attnR=1000 dormPc=0 pcs=2 mine=7 skip=7 cells=1
[19:25:27.465] [HOST] INFO: [cell] MAP cells=1 slots=2 24,23=0
[19:25:27.524] [HOST] INFO: [cam] hint recv=-36222.3,588.8,-40033.6
[19:25:27.751] [HOST] INFO: [net] [net] bandwidth out=4.4 KB/s in=3.2 KB/s (window 5s)
[19:25:27.773] [HOST] INFO: [med] SEND hand=1,1709716736 npc=0 blood=81.8 bleed=0.00 fl=100.0,100.0,100.0,100.0 bd=0.0,0.0,0.0,0.0 flags=0 nparts=7 pmin=52.0 smin=0.0 ls=0,0,0,0
[19:25:27.917] [HOST] INFO: [ai] suspended=1 driven=30
[19:25:28.305] [HOST] INFO: [life] pruned throttle stamps=2
[19:25:28.697] [HOST] INFO: [speed] REQ mult=0.00 paused=1 combat=0
[19:25:28.697] [HOST] INFO: [speed] SET mult=0.00 paused=1 combat=0 (my=0.00 peer=1.00)
[19:25:28.863] [HOST] INFO: [inv] APPLY hand=1,2,2989257728,1,2916870144 items=10
[19:25:29.336] [HOST] INFO: [interp] lerp=81417 extrap=5145 clamp=7 seg=940 single=158511 snapSq=433 snapNpc=0 reissueSq=690 reissueNpc=2106 restFlip=38 delay=128 jit=17.5 starve=0 snapMid=85 restFlipMid=31 haltDrv=0
[19:25:29.336] [HOST] INFO: [interp] worstZero hand=1,2916870144 zero=918 active=10307 seg=48
[19:25:29.701] [HOST] INFO: [snap] squad hand=1,2916870144 name='Rock' gap=26.5 gate=26.4 srcVel=0.0 cSpeed=72.2 mult=0.00 slew=1.00 dest=1 skipped=0
[19:25:29.771] [HOST] INFO: [deed] AUDIT hand=0.1432.11111.612.3788940544 isPlayer=1 set=1 sale=0 shop=0 public=0 desig=9 resident=0/0 town=0/1 interior=1 internals=0 doors=1/1/0 furn=0/0/0 canUse=1 home=1/1/0 stuff=1 wallet=19134 squads=2/0/0 cur=0/0 base=1/0 owner='204-gamedata.base' name='Small Shack'
[19:25:29.789] [HOST] INFO: [stats] RECV hand=1,2916870144 ok=1 str=6.5 dex=1.3 tough=11.6 stealth=1.3 athl=26.2 xp=0
[19:25:29.956] [HOST] INFO: [snap] squad hand=1,2916870144 name='Rock' gap=26.5 gate=20.5 srcVel=0.0 cSpeed=72.2 mult=0.00 slew=1.00 dest=0 skipped=26
[19:25:30.211] [HOST] INFO: [snap] squad hand=1,2916870144 name='Rock' gap=26.5 gate=15.4 srcVel=0.0 cSpeed=72.2 mult=0.00 slew=1.00 dest=0 skipped=26
[19:25:30.287] [HOST] INFO: [cam] center=-36435.2,610.4,-39755.8
[19:25:30.296] [HOST] INFO: [door] rollup sent=0 (resend=0) recv=0 applied=0 nohand=0 converged=0 over=30s
[19:25:30.373] [HOST] INFO: [taskkey] key=6 desc='Equipping weapon' repro=0 subject=1
[19:25:30.469] [HOST] INFO: [snap] squad hand=1,2916870144 name='Rock' gap=26.5 gate=11.7 srcVel=0.0 cSpeed=72.2 mult=0.00 slew=1.00 dest=0 skipped=26
[19:25:30.636] [HOST] INFO: [speed] REQ mult=1.00 paused=0 combat=0
[19:25:30.636] [HOST] INFO: [speed] SET mult=1.00 paused=0 combat=0 (my=1.00 peer=1.00)
[19:25:30.643] [HOST] INFO: [fac] AFFECT-EV me='1305-gamedata.base' whom='204-gamedata.base' event=1 mult=0.025 after=-10.00 skipped=0
[19:25:30.646] [HOST] INFO: [taskkey] key=61 desc='Attacking target unprovoked' repro=0 subject=1
[19:25:30.646] [HOST] INFO: [combat] CAP hand=1,1709716736 task=65024 tgt=1,47,830810560,1,612915008
[19:25:30.646] [HOST] INFO: [med] SEND hand=1,612915008 npc=1 blood=51.1 bleed=0.00 fl=100.0,39.9,57.0,100.0 bd=0.0,60.1,43.0,0.0 flags=0 nparts=7 pmin=26.4 smin=0.0 ls=0,0,0,0
[19:25:30.657] [HOST] INFO: [budget] pub avg=132us max=408us apply avg=28us max=546us frames=519 over2ms=0
[19:25:30.759] [HOST] INFO: [snap] squad hand=1,2916870144 name='Rock' gap=8.7 gate=8.7 srcVel=0.0 cSpeed=72.2 mult=1.00 slew=1.00 dest=1 skipped=16
[19:25:30.919] [HOST] INFO: [ai] suspended=1 driven=21
[19:25:31.456] [HOST] INFO: [audit] exist near=1 wide=7 drv=0 cen=0 hid=0 ghost=0 supp=3 census=11 fresh=1 parks=48 nearCap=0 wideCap=0 staleMs=58929 edges=0 ghostMax=-1 ghostEdge=0 dorm=0 attnR=1000 dormPc=0 pcs=2 mine=7 skip=7 cells=1
[19:25:32.467] [HOST] INFO: [cell] MAP cells=1 slots=2 24,23=0
[19:25:32.553] [HOST] INFO: [cam] hint recv=-36510.3,609.9,-39967.8
[19:25:32.650] [HOST] INFO: [combat] CAP hand=1,1709716736 task=65025 tgt=1,47,830810560,1,612915008
[19:25:32.812] [HOST] INFO: [census] sent n=8 radius=2000 mid=0 anchors=4 a0=loaded:0 a1=loaded:11 a2=loaded:5 a3=loaded:3 enum=19 notmine=11 proxyrow=0 attnR=1000
[19:25:32.817] [HOST] INFO: [net] [net] bandwidth out=4.1 KB/s in=3.5 KB/s (window 5s)
[19:25:33.313] [HOST] INFO: [life] pruned throttle stamps=6
[19:25:33.417] [HOST] INFO: [med] SEND hand=1,612915008 npc=1 blood=51.3 bleed=0.00 fl=100.0,40.0,57.0,100.0 bd=0.0,60.0,43.0,0.0 flags=0 nparts=7 pmin=26.4 smin=0.0 ls=0,0,0,0
[19:25:33.560] [HOST] INFO: [med] SEND hand=1,1709716736 npc=0 blood=81.8 bleed=0.00 fl=100.0,100.0,100.0,100.0 bd=0.0,0.0,0.0,0.0 flags=0 nparts=7 pmin=52.1 smin=0.0 ls=0,0,0,0
[19:25:33.580] [HOST] INFO: [census] recv n=10 culls=7
[19:25:33.890] [HOST] INFO: [inv] APPLY hand=1,2,2989257728,1,2916870144 items=10
[19:25:33.921] [HOST] INFO: [ai] suspended=1 driven=16
[19:25:34.342] [HOST] INFO: [interp] lerp=81919 extrap=5154 clamp=7 seg=940 single=158514 snapSq=532 snapNpc=0 reissueSq=710 reissueNpc=2106 restFlip=38 delay=144 jit=24.2 starve=0 snapMid=85 restFlipMid=31 haltDrv=0
[19:25:34.342] [HOST] INFO: [interp] worstZero hand=1,2916870144 zero=1055 active=10821 seg=79
[19:25:34.486] [HOST] INFO: [med] SEND hand=1,612915008 npc=1 blood=51.3 bleed=0.00 fl=100.0,40.0,57.0,100.0 bd=0.0,60.0,43.0,0.0 flags=0 nparts=7 pmin=26.4 smin=0.0 ls=0,0,0,0
[19:25:34.655] [HOST] INFO: [combat] CAP hand=1,1709716736 task=65025 tgt=1,47,830810560,1,612915008
[19:25:34.775] [HOST] INFO: [stats] RECV hand=1,2916870144 ok=1 str=6.5 dex=1.3 tough=11.6 stealth=1.3 athl=26.3 xp=0
[19:25:34.803] [HOST] INFO: [deed] AUDIT hand=0.1432.11111.612.3788940544 isPlayer=1 set=1 sale=0 shop=0 public=0 desig=9 resident=0/0 town=0/1 interior=1 internals=0 doors=1/1/0 furn=0/0/0 canUse=1 home=1/1/0 stuff=1 wallet=19134 squads=2/0/0 cur=0/0 base=1/0 owner='204-gamedata.base' name='Small Shack'
[19:25:35.289] [HOST] INFO: [cam] center=-36435.2,609.3,-39755.8
[19:25:35.487] [HOST] INFO: [med] SEND hand=1,612915008 npc=1 blood=51.4 bleed=0.00 fl=100.0,40.0,57.0,100.0 bd=0.0,60.0,43.0,0.0 flags=0 nparts=7 pmin=26.5 smin=0.0 ls=0,0,0,0
[19:25:35.660] [HOST] INFO: [budget] pub avg=128us max=336us apply avg=23us max=157us frames=520 over2ms=0
[19:25:36.473] [HOST] INFO: [audit] exist near=0 wide=4 drv=0 cen=0 hid=0 ghost=0 supp=3 census=9 fresh=1 parks=48 nearCap=0 wideCap=0 staleMs=58929 edges=0 ghostMax=-1 ghostEdge=0 dorm=0 attnR=1000 dormPc=0 pcs=2 mine=4 skip=4 cells=1
[19:25:36.661] [HOST] INFO: [combat] CAP hand=1,1709716736 task=65025 tgt=1,47,830810560,1,612915008
[19:25:36.722] [HOST] INFO: [med] SEND hand=1,612915008 npc=1 blood=51.5 bleed=0.00 fl=100.0,40.1,57.1,100.0 bd=0.0,59.9,42.9,0.0 flags=0 nparts=7 pmin=26.5 smin=0.0 ls=0,0,0,0
[19:25:36.923] [HOST] INFO: [ai] suspended=1 driven=12
[19:25:37.469] [HOST] INFO: [cell] MAP cells=1 slots=2 24,23=0
[19:25:37.558] [HOST] INFO: [cam] hint recv=-36435.2,582.0,-39533.6
[19:25:37.725] [HOST] INFO: [med] SEND hand=1,612915008 npc=1 blood=51.6 bleed=0.00 fl=100.0,40.1,57.1,100.0 bd=0.0,59.9,42.9,0.0 flags=0 nparts=7 pmin=26.5 smin=0.0 ls=0,0,0,0
[19:25:37.894] [HOST] INFO: [net] [net] bandwidth out=4.8 KB/s in=3.4 KB/s (window 5s)
[19:25:38.336] [HOST] INFO: [life] pruned throttle stamps=8
[19:25:38.379] [HOST] INFO: [speed] REQ mult=1.00 paused=0 combat=1
[19:25:38.551] [HOST] INFO: [speed] REQ mult=1.00 paused=0 combat=1
[19:25:38.674] [HOST] INFO: [combat] CAP hand=1,1709716736 task=65025 tgt=1,47,830810560,1,612915008
[19:25:38.854] [HOST] INFO: [inv] APPLY hand=1,2,2989257728,1,2916870144 items=10
[19:25:38.863] [HOST] INFO: [event] SEND id=36 ev=2 hand=1,27,1872070272,11,3365966848 actor=0,0 bs 0->7
[19:25:38.863] [HOST] INFO: [med] SEND hand=11,3365966848 npc=1 blood=212.2 bleed=0.00 fl=87.0,87.0,87.0,87.0 bd=0.0,0.0,0.0,0.0 flags=3 nparts=7 pmin=4.7 smin=0.0 ls=0,0,0,0
[19:25:39.097] [HOST] INFO: [med] SEND hand=1,612915008 npc=1 blood=51.7 bleed=0.00 fl=100.0,40.1,57.1,100.0 bd=0.0,59.9,42.9,0.0 flags=0 nparts=7 pmin=26.6 smin=0.0 ls=0,0,0,0
[19:25:39.346] [HOST] INFO: [interp] lerp=82437 extrap=5164 clamp=7 seg=940 single=158514 snapSq=532 snapNpc=0 reissueSq=736 reissueNpc=2106 restFlip=38 delay=137 jit=20.4 starve=0 snapMid=85 restFlipMid=31 haltDrv=0
[19:25:39.346] [HOST] INFO: [interp] worstZero hand=1,2916870144 zero=1055 active=11349 seg=50
[19:25:39.805] [HOST] INFO: [stats] RECV hand=1,2916870144 ok=1 str=6.5 dex=1.3 tough=11.6 stealth=1.3 athl=26.3 xp=0
[19:25:39.825] [HOST] INFO: [deed] AUDIT hand=0.1432.11111.612.3788940544 isPlayer=1 set=1 sale=0 shop=0 public=0 desig=9 resident=0/0 town=0/1 interior=1 internals=0 doors=1/1/0 furn=0/0/0 canUse=1 home=1/1/0 stuff=1 wallet=19134 squads=2/0/0 cur=0/0 base=1/0 owner='204-gamedata.base' name='Small Shack'
[19:25:39.882] [HOST] INFO: [event] SEND id=37 ev=2 hand=1,27,1872070272,7,1237670912 actor=0,0 bs 0->7
[19:25:39.882] [HOST] INFO: [med] SEND hand=7,1237670912 npc=1 blood=169.6 bleed=0.00 fl=-27.1,39.7,79.9,79.9 bd=0.0,0.0,0.0,0.0 flags=3 nparts=7 pmin=39.7 smin=0.0 ls=0,0,0,0
[19:25:39.932] [HOST] INFO: [ai] suspended=1 driven=11
[19:25:40.100] [HOST] INFO: [med] SEND hand=1,612915008 npc=1 blood=51.7 bleed=0.00 fl=100.0,40.1,57.2,100.0 bd=0.0,59.9,42.8,0.0 flags=0 nparts=7 pmin=26.6 smin=0.0 ls=0,0,0,0
[19:25:40.291] [HOST] INFO: [cam] center=-36218.3,535.6,-39257.3
[19:25:40.664] [HOST] INFO: [budget] pub avg=123us max=308us apply avg=23us max=183us frames=510 over2ms=0
[19:25:40.682] [HOST] INFO: [combat] CAP hand=1,1709716736 task=65024 tgt=1,47,830810560,1,612915008
[19:25:40.765] [HOST] INFO: [inv] resent 12 unchanged snapshot(s) in 60s
[19:25:41.101] [HOST] INFO: [med] SEND hand=1,612915008 npc=1 blood=51.8 bleed=0.00 fl=100.0,40.2,57.2,100.0 bd=0.0,59.8,42.8,0.0 flags=0 nparts=7 pmin=26.6 smin=0.0 ls=0,0,0,0
[19:25:41.200] [HOST] INFO: [stats] RECV hand=1,2916870144 ok=1 str=6.5 dex=1.3 tough=11.6 stealth=1.3 athl=26.3 xp=0
[19:25:41.514] [HOST] INFO: [audit] exist near=1 wide=5 drv=0 cen=0 hid=0 ghost=0 supp=3 census=0 fresh=1 parks=48 nearCap=0 wideCap=0 staleMs=58929 edges=0 ghostMax=-1 ghostEdge=0 dorm=0 attnR=1000 dormPc=0 pcs=2 mine=5 skip=5 cells=1
[19:25:42.478] [HOST] INFO: [cell] MAP cells=1 slots=2 24,23=0
[19:25:42.623] [HOST] INFO: [cam] hint recv=-36274.9,581.1,-39078.4
[19:25:42.684] [HOST] INFO: [combat] CAP hand=1,1709716736 task=65025 tgt=1,47,830810560,1,612915008
[19:25:42.862] [HOST] INFO: [census] sent n=14 radius=2000 mid=2 anchors=4 a0=loaded:0 a1=loaded:3 a2=loaded:11 a3=loaded:0 enum=14 notmine=0 proxyrow=0 attnR=1000
[19:25:42.936] [HOST] INFO: [ai] suspended=1 driven=7
[19:25:42.973] [HOST] INFO: [net] [net] bandwidth out=5.0 KB/s in=3.2 KB/s (window 5s)
[19:25:43.338] [HOST] INFO: [life] pruned throttle stamps=12
[19:25:43.356] [HOST] INFO: [med] SEND hand=1,612915008 npc=1 blood=52.0 bleed=0.00 fl=100.0,40.2,57.2,100.0 bd=0.0,59.8,42.8,0.0 flags=0 nparts=7 pmin=26.7 smin=0.0 ls=0,0,0,0
[19:25:43.588] [HOST] INFO: [census] recv n=0 culls=7
[19:25:43.620] [HOST] INFO: [taskkey] key=4 desc='Attacking' repro=0 subject=1
[19:25:43.865] [HOST] INFO: [inv] APPLY hand=1,2,2989257728,1,2916870144 items=10
[19:25:44.350] [HOST] INFO: [interp] lerp=82937 extrap=5166 clamp=7 seg=940 single=158514 snapSq=532 snapNpc=0 reissueSq=762 reissueNpc=2106 restFlip=38 delay=114 jit=9.7 starve=0 snapMid=85 restFlipMid=31 haltDrv=0
[19:25:44.350] [HOST] INFO: [interp] worstZero hand=1,2916870144 zero=1055 active=11851 seg=70
[19:25:44.689] [HOST] INFO: [combat] CAP hand=1,1709716736 task=65025 tgt=1,47,830810560,1,612915008
[19:25:44.848] [HOST] INFO: [deed] AUDIT hand=0.1432.11111.612.3788940544 isPlayer=1 set=1 sale=0 shop=0 public=0 desig=9 resident=0/0 town=0/1 interior=1 internals=0 doors=1/1/0 furn=0/0/0 canUse=1 home=1/1/0 stuff=1 wallet=19134 squads=2/0/0 cur=0/0 base=1/0 owner='204-gamedata.base' name='Small Shack'
[19:25:45.290] [HOST] INFO: [cam] center=-36100.7,521.0,-38909.1
[19:25:45.669] [HOST] INFO: [budget] pub avg=124us max=318us apply avg=21us max=77us frames=526 over2ms=0
[19:25:45.944] [HOST] INFO: [ai] suspended=1 driven=4
[19:25:46.267] [HOST] INFO: [stats] RECV hand=1,2916870144 ok=1 str=6.5 dex=1.3 tough=11.6 stealth=1.3 athl=26.3 xp=0
[19:25:46.531] [HOST] INFO: [audit] exist near=1 wide=11 drv=0 cen=0 hid=0 ghost=0 supp=3 census=0 fresh=1 parks=48 nearCap=0 wideCap=0 staleMs=58929 edges=0 ghostMax=-1 ghostEdge=0 dorm=0 attnR=1000 dormPc=0 pcs=2 mine=11 skip=11 cells=1
[19:25:46.691] [HOST] INFO: [combat] CAP hand=1,1709716736 task=65025 tgt=1,47,830810560,1,612915008
[19:25:47.481] [HOST] INFO: [cell] MAP cells=1 slots=2 24,23=0
[19:25:47.624] [HOST] INFO: [cam] hint recv=-36074.8,552.9,-38715.7
[19:25:48.035] [HOST] INFO: [net] [net] bandwidth out=4.9 KB/s in=3.3 KB/s (window 5s)
[19:25:48.696] [HOST] INFO: [combat] CAP hand=1,1709716736 task=65025 tgt=1,47,830810560,1,612915008
[19:25:48.850] [HOST] INFO: [inv] APPLY hand=1,2,2989257728,1,2916870144 items=10
[19:25:48.949] [HOST] INFO: [ai] suspended=1 driven=3
[19:25:49.356] [HOST] INFO: [interp] lerp=83489 extrap=5177 clamp=7 seg=940 single=158514 snapSq=532 snapNpc=0 reissueSq=789 reissueNpc=2106 restFlip=38 delay=153 jit=27.2 starve=0 snapMid=85 restFlipMid=31 haltDrv=0
[19:25:49.356] [HOST] INFO: [interp] worstZero hand=1,2916870144 zero=1055 active=12414 seg=58
[19:25:49.862] [HOST] INFO: [deed] AUDIT hand=0.1432.11111.612.3788940544 isPlayer=1 set=1 sale=0 shop=0 public=0 desig=9 resident=0/0 town=0/1 interior=1 internals=0 doors=1/1/0 furn=0/0/0 canUse=1 home=1/1/0 stuff=1 wallet=19134 squads=2/0/0 cur=0/0 base=1/0 owner='204-gamedata.base' name='Small Shack'
[19:25:50.291] [HOST] INFO: [cam] center=-35920.0,349.3,-38673.2
[19:25:50.672] [HOST] INFO: [budget] pub avg=122us max=284us apply avg=20us max=123us frames=539 over2ms=0
[19:25:50.706] [HOST] INFO: [combat] CAP hand=1,1709716736 task=65025 tgt=1,47,830810560,1,612915008
[19:25:50.779] [HOST] INFO: [med] SEND hand=1,612915008 npc=1 blood=52.5 bleed=0.00 fl=100.0,40.4,57.4,100.0 bd=0.0,59.6,42.6,0.0 flags=0 nparts=7 pmin=26.8 smin=0.0 ls=0,0,0,0
[19:25:51.241] [HOST] INFO: [stats] RECV hand=1,2916870144 ok=1 str=6.5 dex=1.3 tough=11.6 stealth=1.3 athl=26.4 xp=0
[19:25:51.543] [HOST] INFO: [audit] exist near=1 wide=11 drv=0 cen=0 hid=0 ghost=0 supp=3 census=0 fresh=1 parks=48 nearCap=0 wideCap=0 staleMs=58929 edges=0 ghostMax=-1 ghostEdge=0 dorm=0 attnR=1000 dormPc=0 pcs=2 mine=11 skip=11 cells=1
[19:25:51.958] [HOST] INFO: [ai] suspended=1 driven=3
[19:25:52.489] [HOST] INFO: [cell] MAP cells=1 slots=2 24,23=0
[19:25:52.697] [HOST] INFO: [cam] hint recv=-36198.6,465.1,-38562.5
[19:25:52.708] [HOST] INFO: [combat] CAP hand=1,1709716736 task=65024 tgt=1,47,830810560,1,612915008
[19:25:52.902] [HOST] INFO: [census] sent n=11 radius=2000 mid=2 anchors=4 a0=loaded:3 a1=loaded:0 a2=loaded:8 a3=loaded:0 enum=11 notmine=0 proxyrow=0 attnR=1000
[19:25:53.034] [HOST] INFO: [net] [net] bandwidth out=5.0 KB/s in=3.5 KB/s (window 5s)
[19:25:53.724] [HOST] INFO: [census] recv n=0 culls=7
[19:25:53.955] [HOST] INFO: [inv] APPLY hand=1,2,2989257728,1,2916870144 items=10
[19:25:54.311] [HOST] INFO: [stats] SEND hand=1,1709716736 str=9.1 dex=5.6 tough=11.4 stealth=1.7 athl=19.4 xp=0 fap=0
[19:25:54.361] [HOST] INFO: [interp] lerp=83909 extrap=5195 clamp=7 seg=940 single=158514 snapSq=532 snapNpc=0 reissueSq=820 reissueNpc=2106 restFlip=38 delay=200 jit=25.5 starve=0 snapMid=85 restFlipMid=31 haltDrv=0
[19:25:54.361] [HOST] INFO: [interp] worstZero hand=1,2916870144 zero=1055 active=12852 seg=45
[19:25:54.709] [HOST] INFO: [combat] CAP hand=1,1709716736 task=65025 tgt=1,47,830810560,1,612915008
[19:25:54.784] [HOST] INFO: [med] SEND hand=1,612915008 npc=1 blood=52.7 bleed=0.00 fl=100.0,40.4,57.5,100.0 bd=0.0,59.6,42.5,0.0 flags=0 nparts=7 pmin=26.9 smin=0.0 ls=0,0,0,0
[19:25:54.891] [HOST] INFO: [deed] AUDIT hand=0.1432.11111.612.3788940544 isPlayer=1 set=1 sale=0 shop=0 public=0 desig=9 resident=0/0 town=0/1 interior=1 internals=0 doors=1/1/0 furn=0/0/0 canUse=1 home=1/1/0 stuff=1 wallet=19134 squads=2/0/0 cur=0/0 base=1/0 owner='204-gamedata.base' name='Small Shack'
[19:25:54.968] [HOST] INFO: [ai] suspended=1 driven=3
[19:25:55.286] [HOST] INFO: [cam] center=-35854.7,384.2,-38432.9
[19:25:55.673] [HOST] INFO: [budget] pub avg=134us max=316us apply avg=22us max=80us frames=435 over2ms=0
[19:25:56.127] [HOST] INFO: [stats] RECV hand=1,2916870144 ok=1 str=6.5 dex=1.3 tough=11.6 stealth=1.3 athl=26.4 xp=0
[19:25:56.236] [HOST] INFO: [combat] order hand=1,2916870144 tgt=1,612915008 localFight=0 r=2 wait=0 n=1
[19:25:56.236] [HOST] INFO: [combat] stats snap=0 slide=0 softWalk=1 order=1 wrongTgt=0 armed=1 maxPersist=0
[19:25:56.607] [HOST] INFO: [audit] exist near=0 wide=11 drv=0 cen=0 hid=0 ghost=0 supp=3 census=0 fresh=1 parks=48 nearCap=0 wideCap=0 staleMs=58929 edges=0 ghostMax=-1 ghostEdge=0 dorm=0 attnR=1000 dormPc=0 pcs=2 mine=11 skip=11 cells=1
[19:25:56.710] [HOST] INFO: [combat] CAP hand=1,1709716736 task=65025 tgt=1,47,830810560,1,612915008
[19:25:56.796] [HOST] INFO: [speed] REQ RECV owner=1 mult=1.00 paused=0 combat=1
[19:25:56.938] [HOST] INFO: [med] SEND hand=1,1709716736 npc=0 blood=81.8 bleed=0.00 fl=100.0,100.0,100.0,100.0 bd=0.0,0.0,0.0,0.0 flags=0 nparts=7 pmin=52.5 smin=0.0 ls=0,0,0,0
[19:25:57.376] [HOST] INFO: [combat] snap hand=1,2916870144 drift=34.3 srcVel=72.5 localFight=0 wrongTgt=0 arming=1 wait=0 seg=102 n=1
[19:25:57.495] [HOST] INFO: [cell] MAP cells=1 slots=2 24,23=0
[19:25:57.716] [HOST] INFO: [med] SEND hand=1,612915008 npc=1 blood=52.9 bleed=0.00 fl=100.0,40.5,57.5,100.0 bd=0.0,59.5,42.5,0.0 flags=0 nparts=7 pmin=26.9 smin=0.0 ls=0,0,0,0
[19:25:57.740] [HOST] INFO: [combat] order hand=1,2916870144 tgt=1,612915008 localFight=0 r=2 wait=0 n=2 seatbrk=1
[19:25:57.755] [HOST] INFO: [cam] hint recv=-36198.6,465.1,-38562.5
[19:25:57.973] [HOST] INFO: [ai] suspended=0 driven=3
[19:25:58.050] [HOST] INFO: [net] [net] bandwidth out=4.4 KB/s in=3.2 KB/s (window 5s)
[19:25:58.710] [HOST] INFO: [combat] CAP hand=1,1709716736 task=65024 tgt=1,47,830810560,1,612915008
[19:25:58.721] [HOST] INFO: [med] SEND hand=1,612915008 npc=1 blood=52.9 bleed=0.00 fl=100.0,40.5,57.5,100.0 bd=0.0,59.5,42.5,0.0 flags=0 nparts=7 pmin=26.9 smin=0.0 ls=0,0,0,0
[19:25:58.870] [HOST] INFO: [inv] APPLY hand=1,2,2989257728,1,2916870144 items=10
[19:25:59.361] [HOST] INFO: [interp] lerp=84418 extrap=5202 clamp=7 seg=940 single=158514 snapSq=532 snapNpc=0 reissueSq=829 reissueNpc=2106 restFlip=38 delay=173 jit=9.3 starve=0 snapMid=85 restFlipMid=31 haltDrv=0
[19:25:59.361] [HOST] INFO: [interp] worstZero hand=1,2916870144 zero=1055 active=13029 seg=59
[19:25:59.724] [HOST] INFO: [med] SEND hand=1,612915008 npc=1 blood=53.0 bleed=0.00 fl=100.0,40.5,57.5,100.0 bd=0.0,59.5,42.5,0.0 flags=0 nparts=7 pmin=27.0 smin=0.0 ls=0,0,0,0
[19:25:59.917] [HOST] INFO: [deed] AUDIT hand=0.1432.11111.612.3788940544 isPlayer=1 set=1 sale=0 shop=0 public=0 desig=9 resident=0/0 town=0/1 interior=1 internals=0 doors=1/1/0 furn=0/0/0 canUse=1 home=1/1/0 stuff=1 wallet=19134 squads=2/0/0 cur=0/0 base=1/0 owner='204-gamedata.base' name='Small Shack'
[19:26:00.287] [HOST] INFO: [cam] center=-35463.4,226.9,-37806.7
[19:26:00.295] [HOST] INFO: [door] rollup sent=0 (resend=0) recv=0 applied=0 nohand=0 converged=0 over=30s
[19:26:00.682] [HOST] INFO: [budget] pub avg=124us max=306us apply avg=22us max=97us frames=514 over2ms=0
[19:26:00.714] [HOST] INFO: [combat] CAP hand=1,1709716736 task=65024 tgt=1,47,830810560,1,612915008
[19:26:00.728] [HOST] INFO: [med] SEND hand=1,1709716736 npc=0 blood=81.8 bleed=0.00 fl=100.0,100.0,100.0,100.0 bd=0.0,0.0,0.0,0.0 flags=0 nparts=7 pmin=52.6 smin=0.0 ls=0,0,0,0
[19:26:00.728] [HOST] INFO: [med] SEND hand=1,612915008 npc=1 blood=53.0 bleed=0.00 fl=100.0,40.5,57.6,100.0 bd=0.0,59.5,42.4,0.0 flags=0 nparts=7 pmin=27.0 smin=0.0 ls=0,0,0,0
[19:26:00.743] [HOST] INFO: [combat] order hand=1,2916870144 tgt=1,612915008 localFight=0 r=2 wait=0 n=3 seatbrk=1 forced=1
[19:26:00.978] [HOST] INFO: [ai] suspended=0 driven=3
[19:26:01.136] [HOST] INFO: [stats] RECV hand=1,2916870144 ok=1 str=6.5 dex=1.3 tough=11.6 stealth=1.3 athl=26.4 xp=0
[19:26:01.247] [HOST] INFO: [combat] stats snap=1 slide=58 softWalk=206 order=3 wrongTgt=0 armed=1 maxPersist=1
[19:26:01.433] [HOST] INFO: [combat] snap hand=1,2916870144 drift=27.3 srcVel=74.4 localFight=0 wrongTgt=0 arming=1 wait=0 seg=54 n=2
[19:26:01.626] [HOST] INFO: [audit] exist near=0 wide=12 drv=0 cen=0 hid=0 ghost=0 supp=3 census=0 fresh=1 parks=48 nearCap=0 wideCap=0 staleMs=58929 edges=0 ghostMax=-1 ghostEdge=0 dorm=0 attnR=1000 dormPc=0 pcs=2 mine=12 skip=12 cells=1
[19:26:01.733] [HOST] INFO: [med] SEND hand=1,612915008 npc=1 blood=53.1 bleed=0.00 fl=100.0,40.6,57.6,100.0 bd=0.0,59.4,42.4,0.0 flags=0 nparts=7 pmin=27.0 smin=0.0 ls=0,0,0,0
[19:26:02.504] [HOST] INFO: [cell] MAP cells=1 slots=2 24,23=0
[19:26:02.724] [HOST] INFO: [combat] CAP hand=1,1709716736 task=65024 tgt=1,47,830810560,1,612915008
[19:26:02.735] [HOST] INFO: [med] SEND hand=1,612915008 npc=1 blood=53.2 bleed=0.00 fl=100.0,40.6,57.6,100.0 bd=0.0,59.4,42.4,0.0 flags=0 nparts=7 pmin=27.0 smin=0.0 ls=0,0,0,0
[19:26:02.769] [HOST] INFO: [cam] hint recv=-35947.9,406.8,-38423.1
[19:26:02.978] [HOST] INFO: [census] sent n=12 radius=2000 mid=3 anchors=4 a0=loaded:0 a1=loaded:2 a2=loaded:9 a3=loaded:1 enum=12 notmine=0 proxyrow=0 attnR=1000
[19:26:03.083] [HOST] INFO: [net] [net] bandwidth out=5.0 KB/s in=3.4 KB/s (window 5s)
[19:26:03.746] [HOST] INFO: [med] SEND hand=1,612915008 npc=1 blood=53.3 bleed=0.00 fl=100.0,40.6,57.6,100.0 bd=0.0,59.4,42.4,0.0 flags=0 nparts=7 pmin=27.1 smin=0.0 ls=0,0,0,0
[19:26:03.833] [HOST] INFO: [census] recv n=0 culls=7
[19:26:03.875] [HOST] INFO: [inv] APPLY hand=1,2,2989257728,1,2916870144 items=10
[19:26:03.980] [HOST] INFO: [ai] suspended=0 driven=3
[19:26:04.370] [HOST] INFO: [interp] lerp=84880 extrap=5207 clamp=7 seg=940 single=158514 snapSq=532 snapNpc=0 reissueSq=829 reissueNpc=2106 restFlip=38 delay=200 jit=21.6 starve=0 snapMid=85 restFlipMid=31 haltDrv=0
[19:26:04.370] [HOST] INFO: [interp] worstZero hand=1,2916870144 zero=1055 active=13029 seg=101
[19:26:04.443] [HOST] INFO: [combat] snap hand=1,2916870144 drift=34.0 srcVel=71.6 localFight=0 wrongTgt=0 arming=1 wait=0 seg=52 n=3
[19:26:04.728] [HOST] INFO: [combat] CAP hand=1,1709716736 task=65024 tgt=1,47,830810560,1,612915008
[19:26:04.750] [HOST] INFO: [med] SEND hand=1,612915008 npc=1 blood=53.3 bleed=0.00 fl=100.0,40.6,57.7,100.0 bd=0.0,59.4,42.3,0.0 flags=0 nparts=7 pmin=27.1 smin=0.0 ls=0,0,0,0
[19:26:04.939] [HOST] INFO: [deed] AUDIT hand=0.1432.11111.612.3788940544 isPlayer=1 set=1 sale=0 shop=0 public=0 desig=9 resident=0/0 town=0/1 interior=1 internals=0 doors=1/1/0 furn=0/0/0 canUse=1 home=1/1/0 stuff=1 wallet=19134 squads=2/0/0 cur=0/0 base=1/0 owner='204-gamedata.base' name='Small Shack'
[19:26:05.283] [HOST] INFO: [cam] center=-35345.6,219.0,-37609.9
[19:26:05.691] [HOST] INFO: [budget] pub avg=128us max=501us apply avg=24us max=93us frames=469 over2ms=0
[19:26:05.758] [HOST] INFO: [med] SEND hand=1,612915008 npc=1 blood=53.4 bleed=0.00 fl=100.0,40.7,57.7,100.0 bd=0.0,59.3,42.3,0.0 flags=0 nparts=7 pmin=27.1 smin=0.0 ls=0,0,0,0
[19:26:06.124] [HOST] INFO: [stats] RECV hand=1,2916870144 ok=1 str=6.5 dex=1.3 tough=11.6 stealth=1.3 athl=26.5 xp=0
[19:26:06.260] [HOST] INFO: [combat] stats snap=3 slide=233 softWalk=421 order=3 wrongTgt=0 armed=1 maxPersist=3
[19:26:06.704] [HOST] INFO: [audit] exist near=1 wide=12 drv=0 cen=0 hid=0 ghost=0 supp=3 census=0 fresh=1 parks=48 nearCap=0 wideCap=0 staleMs=58929 edges=0 ghostMax=-1 ghostEdge=0 dorm=0 attnR=1000 dormPc=0 pcs=2 mine=12 skip=12 cells=1
[19:26:06.731] [HOST] INFO: [combat] CAP hand=1,1709716736 task=65025 tgt=1,47,830810560,1,612915008
[19:26:06.995] [HOST] INFO: [ai] suspended=0 driven=3
[19:26:07.504] [HOST] INFO: [cell] MAP cells=1 slots=2 24,23=0
[19:26:07.960] [HOST] INFO: [med] SEND hand=1,612915008 npc=1 blood=53.5 bleed=0.00 fl=100.0,40.7,57.7,100.0 bd=0.0,59.3,42.3,0.0 flags=0 nparts=7 pmin=27.1 smin=0.0 ls=0,0,0,0
[19:26:08.135] [HOST] INFO: [net] [net] bandwidth out=5.2 KB/s in=3.2 KB/s (window 5s)
[19:26:08.741] [HOST] INFO: [combat] CAP hand=1,1709716736 task=65025 tgt=1,47,830810560,1,612915008
[19:26:08.756] [HOST] INFO: [cam] hint recv=-35697.2,308.3,-37871.9
[19:26:08.887] [HOST] INFO: [inv] APPLY hand=1,2,2989257728,1,2916870144 items=10
[19:26:09.381] [HOST] INFO: [interp] lerp=85273 extrap=5207 clamp=7 seg=940 single=158514 snapSq=532 snapNpc=0 reissueSq=829 reissueNpc=2106 restFlip=38 delay=171 jit=18.1 starve=0 snapMid=85 restFlipMid=31 haltDrv=0
[19:26:09.382] [HOST] INFO: [interp] worstZero hand=1,2916870144 zero=1055 active=13029 seg=49
[19:26:09.970] [HOST] INFO: [deed] AUDIT hand=0.1432.11111.612.3788940544 isPlayer=1 set=1 sale=0 shop=0 public=0 desig=9 resident=0/0 town=0/1 interior=1 internals=0 doors=1/1/0 furn=0/0/0 canUse=1 home=1/1/0 stuff=1 wallet=19134 squads=2/0/0 cur=0/0 base=1/0 owner='204-gamedata.base' name='Small Shack'
[19:26:09.999] [HOST] INFO: [ai] suspended=0 driven=3
[19:26:10.284] [HOST] INFO: [cam] center=-35123.3,224.4,-37565.6
[19:26:10.696] [HOST] INFO: [budget] pub avg=142us max=301us apply avg=26us max=93us frames=358 over2ms=0
[19:26:10.746] [HOST] INFO: [combat] CAP hand=1,1709716736 task=65025 tgt=1,47,830810560,1,612915008
[19:26:11.128] [HOST] INFO: [stats] RECV hand=1,2916870144 ok=1 str=6.5 dex=1.3 tough=11.6 stealth=1.3 athl=26.5 xp=0
[19:26:11.266] [HOST] INFO: [combat] stats snap=3 slide=471 softWalk=659 order=3 wrongTgt=0 armed=1 maxPersist=3
[19:26:11.769] [HOST] INFO: [audit] exist near=1 wide=12 drv=0 cen=0 hid=0 ghost=0 supp=3 census=0 fresh=1 parks=48 nearCap=0 wideCap=0 staleMs=58929 edges=0 ghostMax=-1 ghostEdge=0 dorm=0 attnR=1000 dormPc=0 pcs=2 mine=12 skip=12 cells=1
[19:26:12.504] [HOST] INFO: [cell] MAP cells=1 slots=2 24,23=0
[19:26:12.754] [HOST] INFO: [combat] CAP hand=1,1709716736 task=65025 tgt=1,47,830810560,1,612915008
[19:26:13.000] [HOST] INFO: [ai] suspended=0 driven=3
[19:26:13.030] [HOST] INFO: [census] sent n=12 radius=2000 mid=2 anchors=4 a0=loaded:1 a1=loaded:3 a2=loaded:8 a3=loaded:0 enum=12 notmine=0 proxyrow=0 attnR=1000
[19:26:13.157] [HOST] INFO: [net] [net] bandwidth out=4.9 KB/s in=3.1 KB/s (window 5s)
[19:26:13.814] [HOST] INFO: [cam] hint recv=-35499.3,266.6,-37653.4
[19:26:13.860] [HOST] INFO: [inv] APPLY hand=1,2,2989257728,1,2916870144 items=10
[19:26:14.390] [HOST] INFO: [interp] lerp=85708 extrap=5207 clamp=7 seg=940 single=158514 snapSq=532 snapNpc=0 reissueSq=829 reissueNpc=2106 restFlip=38 delay=151 jit=18.2 starve=0 snapMid=85 restFlipMid=31 haltDrv=0
[19:26:14.390] [HOST] INFO: [interp] worstZero hand=1,2916870144 zero=1055 active=13029 seg=70
[19:26:14.760] [HOST] INFO: [combat] CAP hand=1,1709716736 task=65025 tgt=1,47,830810560,1,612915008
[19:26:14.785] [HOST] INFO: [census] recv n=0 culls=7
[19:26:14.998] [HOST] INFO: [deed] AUDIT hand=0.1432.11111.612.3788940544 isPlayer=1 set=1 sale=0 shop=0 public=0 desig=9 resident=0/0 town=0/1 interior=1 internals=0 doors=1/1/0 furn=0/0/0 canUse=1 home=1/1/0 stuff=1 wallet=19134 squads=2/0/0 cur=0/0 base=1/0 owner='204-gamedata.base' name='Small Shack'
[19:26:15.282] [HOST] INFO: [cam] center=-34996.4,164.9,-37454.0
[19:26:15.702] [HOST] INFO: [budget] pub avg=128us max=344us apply avg=24us max=84us frames=466 over2ms=0
[19:26:16.010] [HOST] INFO: [ai] suspended=0 driven=3
[19:26:16.177] [HOST] INFO: [stats] RECV hand=1,2916870144 ok=1 str=6.5 dex=1.3 tough=11.6 stealth=1.3 athl=26.5 xp=0
[19:26:16.270] [HOST] INFO: [combat] stats snap=3 slide=717 softWalk=905 order=3 wrongTgt=0 armed=1 maxPersist=3
[19:26:16.767] [HOST] INFO: [combat] CAP hand=1,1709716736 task=65025 tgt=1,47,830810560,1,612915008
[19:26:16.870] [HOST] INFO: [audit] exist near=0 wide=12 drv=0 cen=0 hid=0 ghost=0 supp=3 census=0 fresh=1 parks=48 nearCap=0 wideCap=0 staleMs=58929 edges=0 ghostMax=-1 ghostEdge=0 dorm=0 attnR=1000 dormPc=0 pcs=2 mine=12 skip=12 cells=1
[19:26:16.937] [HOST] INFO: [med] SEND hand=1,612915008 npc=1 blood=54.0 bleed=0.00 fl=100.0,40.8,57.9,100.0 bd=0.0,59.2,42.1,0.0 flags=0 nparts=7 pmin=27.3 smin=0.0 ls=0,0,0,0
[19:26:17.510] [HOST] INFO: [cell] MAP cells=1 slots=2 24,23=0
[19:26:18.174] [HOST] INFO: [net] [net] bandwidth out=4.5 KB/s in=3.4 KB/s (window 5s)
[19:26:18.775] [HOST] INFO: [combat] CAP hand=1,1709716736 task=65025 tgt=1,47,830810560,1,612915008
[19:26:18.858] [HOST] INFO: [cam] hint recv=-35124.8,204.7,-37320.3
[19:26:18.958] [HOST] INFO: [inv] APPLY hand=1,2,2989257728,1,2916870144 items=10
[19:26:19.020] [HOST] INFO: [ai] suspended=0 driven=3
[19:26:19.399] [HOST] INFO: [interp] lerp=86184 extrap=5214 clamp=7 seg=940 single=158514 snapSq=532 snapNpc=0 reissueSq=829 reissueNpc=2106 restFlip=38 delay=144 jit=20.4 starve=0 snapMid=85 restFlipMid=31 haltDrv=0
[19:26:19.399] [HOST] INFO: [interp] worstZero hand=1,2916870144 zero=1055 active=13029 seg=48
[19:26:20.014] [HOST] INFO: [deed] AUDIT hand=0.1432.11111.612.3788940544 isPlayer=1 set=1 sale=0 shop=0 public=0 desig=9 resident=0/0 town=0/1 interior=1 internals=0 doors=1/1/0 furn=0/0/0 canUse=1 home=1/1/0 stuff=1 wallet=19134 squads=2/0/0 cur=0/0 base=1/0 owner='204-gamedata.base' name='Small Shack'
[19:26:20.290] [HOST] INFO: [cam] center=-34811.1,145.1,-37302.3
[19:26:20.710] [HOST] INFO: [budget] pub avg=126us max=308us apply avg=23us max=87us frames=471 over2ms=0
[19:26:20.774] [HOST] INFO: [combat] CAP hand=1,1709716736 task=65025 tgt=1,47,830810560,1,612915008
[19:26:21.177] [HOST] INFO: [stats] RECV hand=1,2916870144 ok=1 str=6.5 dex=1.3 tough=11.6 stealth=1.3 athl=26.5 xp=0
[19:26:21.272] [HOST] INFO: [combat] stats snap=3 slide=956 softWalk=1144 order=3 wrongTgt=0 armed=1 maxPersist=3
[19:26:21.965] [HOST] INFO: [audit] exist near=0 wide=12 drv=0 cen=0 hid=0 ghost=0 supp=3 census=0 fresh=1 parks=48 nearCap=0 wideCap=0 staleMs=58929 edges=0 ghostMax=-1 ghostEdge=0 dorm=0 attnR=1000 dormPc=0 pcs=2 mine=12 skip=12 cells=1
[19:26:22.022] [HOST] INFO: [ai] suspended=0 driven=3
[19:26:22.095] [HOST] INFO: [med] SEND hand=1,612915008 npc=1 blood=54.3 bleed=0.00 fl=100.0,40.9,57.9,100.0 bd=0.0,59.1,42.1,0.0 flags=0 nparts=7 pmin=27.4 smin=0.0 ls=0,0,0,0
[19:26:22.516] [HOST] INFO: [cell] MAP cells=1 slots=2 24,23=0
[19:26:22.775] [HOST] INFO: [combat] CAP hand=1,1709716736 task=65025 tgt=1,47,830810560,1,612915008
[19:26:23.095] [HOST] INFO: [census] sent n=12 radius=2000 mid=1 anchors=4 a0=loaded:10 a1=loaded:0 a2=loaded:2 a3=loaded:0 enum=12 notmine=0 proxyrow=0 attnR=1000
[19:26:23.301] [HOST] INFO: [net] [net] bandwidth out=4.9 KB/s in=2.6 KB/s (window 5s)
[19:26:23.870] [HOST] INFO: [cam] hint recv=-34853.0,160.1,-37097.8
[19:26:23.926] [HOST] INFO: [inv] APPLY hand=1,2,2989257728,1,2916870144 items=10
[19:26:24.405] [HOST] INFO: [interp] lerp=86601 extrap=5237 clamp=7 seg=940 single=158514 snapSq=532 snapNpc=0 reissueSq=829 reissueNpc=2106 restFlip=38 delay=140 jit=18.3 starve=0 snapMid=85 restFlipMid=31 haltDrv=0
[19:26:24.405] [HOST] INFO: [interp] worstZero hand=1,2916870144 zero=1055 active=13029 seg=90
[19:26:24.776] [HOST] INFO: [combat] CAP hand=1,1709716736 task=65025 tgt=1,47,830810560,1,612915008
[19:26:24.854] [HOST] INFO: [census] recv n=0 culls=7
[19:26:25.031] [HOST] INFO: [deed] AUDIT hand=0.1432.11111.612.3788940544 isPlayer=1 set=1 sale=0 shop=0 public=0 desig=9 resident=0/0 town=0/1 interior=1 internals=0 doors=1/1/0 furn=0/0/0 canUse=1 home=1/1/0 stuff=1 wallet=19134 squads=2/0/0 cur=0/0 base=1/0 owner='204-gamedata.base' name='Small Shack'
[19:26:25.033] [HOST] INFO: [ai] suspended=0 driven=3
[19:26:25.180] [HOST] INFO: [med] SEND hand=1,1709716736 npc=0 blood=81.8 bleed=0.00 fl=100.0,100.0,100.0,100.0 bd=0.0,0.0,0.0,0.0 flags=0 nparts=7 pmin=53.0 smin=0.0 ls=0,0,0,0
[19:26:25.290] [HOST] INFO: [cam] center=-34284.0,142.3,-37098.2
[19:26:25.714] [HOST] INFO: [budget] pub avg=128us max=354us apply avg=24us max=112us frames=446 over2ms=0
[19:26:26.101] [HOST] INFO: [med] SEND hand=1,612915008 npc=1 blood=54.5 bleed=0.00 fl=100.0,41.0,58.0,100.0 bd=0.0,59.0,42.0,0.0 flags=0 nparts=7 pmin=27.4 smin=0.0 ls=0,0,0,0
[19:26:26.191] [HOST] INFO: [stats] RECV hand=1,2916870144 ok=1 str=6.5 dex=1.3 tough=11.6 stealth=1.3 athl=26.5 xp=0
[19:26:26.273] [HOST] INFO: [combat] stats snap=3 slide=1189 softWalk=1377 order=3 wrongTgt=0 armed=1 maxPersist=3
[19:26:26.680] [HOST] INFO: [speed] REQ mult=2.00 paused=0 combat=1
[19:26:26.777] [HOST] INFO: [combat] CAP hand=1,1709716736 task=65025 tgt=1,47,830810560,1,612915008
[19:26:27.021] [HOST] INFO: [audit] exist near=0 wide=12 drv=0 cen=0 hid=0 ghost=0 supp=3 census=0 fresh=1 parks=48 nearCap=0 wideCap=0 staleMs=58929 edges=0 ghostMax=-1 ghostEdge=0 dorm=0 attnR=1000 dormPc=0 pcs=2 mine=12 skip=12 cells=1
[19:26:27.107] [HOST] INFO: [med] SEND hand=1,612915008 npc=1 blood=54.5 bleed=0.00 fl=100.0,41.0,58.0,100.0 bd=0.0,59.0,42.0,0.0 flags=0 nparts=7 pmin=27.4 smin=0.0 ls=0,0,0,0
[19:26:27.517] [HOST] INFO: [cell] MAP cells=1 slots=2 24,23=0
[19:26:28.034] [HOST] INFO: [ai] suspended=0 driven=3
[19:26:28.114] [HOST] INFO: [med] SEND hand=1,612915008 npc=1 blood=54.6 bleed=0.00 fl=100.0,41.0,58.0,100.0 bd=0.0,59.0,42.0,0.0 flags=0 nparts=7 pmin=27.5 smin=0.0 ls=0,0,0,0
[19:26:28.379] [HOST] INFO: [net] [net] bandwidth out=5.0 KB/s in=3.4 KB/s (window 5s)
[19:26:28.787] [HOST] INFO: [combat] CAP hand=1,1709716736 task=65025 tgt=1,47,830810560,1,612915008
[19:26:28.919] [HOST] INFO: [inv] APPLY hand=1,2,2989257728,1,2916870144 items=10
[19:26:28.919] [HOST] INFO: [cam] hint recv=-34457.8,148.9,-36740.8
[19:26:29.390] [HOST] INFO: [med] SEND hand=1,1709716736 npc=0 blood=81.8 bleed=0.00 fl=100.0,100.0,100.0,100.0 bd=0.0,0.0,0.0,0.0 flags=0 nparts=7 pmin=53.1 smin=0.0 ls=0,0,0,0
[19:26:29.418] [HOST] INFO: [interp] lerp=87044 extrap=5237 clamp=7 seg=940 single=158514 snapSq=532 snapNpc=0 reissueSq=829 reissueNpc=2106 restFlip=38 delay=111 jit=13.5 starve=0 snapMid=85 restFlipMid=31 haltDrv=0
[19:26:29.418] [HOST] INFO: [interp] worstZero hand=1,2916870144 zero=1055 active=13029 seg=48
[19:26:30.060] [HOST] INFO: [deed] AUDIT hand=0.1432.11111.612.3788940544 isPlayer=1 set=1 sale=0 shop=0 public=0 desig=9 resident=0/0 town=0/1 interior=1 internals=0 doors=1/1/0 furn=0/0/0 canUse=1 home=1/1/0 stuff=1 wallet=19134 squads=2/0/0 cur=0/0 base=1/0 owner='204-gamedata.base' name='Small Shack'
[19:26:30.141] [HOST] INFO: [med] SEND hand=1,612915008 npc=1 blood=54.7 bleed=0.00 fl=100.0,41.1,58.1,100.0 bd=0.0,58.9,41.9,0.0 flags=0 nparts=7 pmin=27.5 smin=0.0 ls=0,0,0,0
[19:26:30.284] [HOST] INFO: [cam] center=-34012.2,137.0,-36667.3
[19:26:30.301] [HOST] INFO: [door] rollup sent=0 (resend=0) recv=0 applied=0 nohand=0 converged=0 over=30s
[19:26:30.714] [HOST] INFO: [budget] pub avg=127us max=296us apply avg=24us max=93us frames=464 over2ms=0
[19:26:30.791] [HOST] INFO: [combat] CAP hand=1,1709716736 task=65025 tgt=1,47,830810560,1,612915008
[19:26:31.037] [HOST] INFO: [ai] suspended=0 driven=3
[19:26:31.144] [HOST] INFO: [med] SEND hand=1,612915008 npc=1 blood=54.8 bleed=0.00 fl=100.0,41.1,58.1,100.0 bd=0.0,58.9,41.9,0.0 flags=0 nparts=7 pmin=27.5 smin=0.0 ls=0,0,0,0
[19:26:31.144] [HOST] INFO: [stats] RECV hand=1,2916870144 ok=1 str=6.5 dex=1.3 tough=11.6 stealth=1.3 athl=26.5 xp=0
[19:26:31.281] [HOST] INFO: [combat] stats snap=3 slide=1437 softWalk=1625 order=3 wrongTgt=0 armed=1 maxPersist=3
[19:26:32.075] [HOST] INFO: [audit] exist near=1 wide=10 drv=0 cen=0 hid=0 ghost=0 supp=3 census=0 fresh=1 parks=48 nearCap=0 wideCap=0 staleMs=58929 edges=0 ghostMax=-1 ghostEdge=0 dorm=0 attnR=1000 dormPc=0 pcs=2 mine=10 skip=10 cells=1
[19:26:32.142] [HOST] INFO: [event] SEND id=38 ev=1 hand=1,27,1872070272,1,1932861312 actor=0,0 bs 0->2051
[19:26:32.142] [HOST] INFO: [med] SEND hand=1,1932861312 npc=1 blood=233.8 bleed=0.00 fl=-127.2,78.4,86.0,86.0 bd=0.0,0.0,0.0,0.0 flags=1 nparts=7 pmin=45.1 smin=0.0 ls=0,0,0,0
[19:26:32.192] [HOST] INFO: [speed] REQ RECV owner=1 mult=2.00 paused=0 combat=1
[19:26:32.464] [HOST] INFO: [med] SEND hand=1,612915008 npc=1 blood=54.9 bleed=0.00 fl=100.0,41.1,58.1,100.0 bd=0.0,58.9,41.9,0.0 flags=0 nparts=7 pmin=27.6 smin=0.0 ls=0,0,0,0
[19:26:32.524] [HOST] INFO: [cell] MAP cells=1 slots=2 24,23=0
[19:26:32.797] [HOST] INFO: [combat] CAP hand=1,1709716736 task=65025 tgt=1,47,830810560,1,612915008
[19:26:33.139] [HOST] INFO: [census] sent n=12 radius=2000 mid=1 anchors=4 a0=loaded:10 a1=loaded:0 a2=loaded:2 a3=loaded:0 enum=12 notmine=0 proxyrow=0 attnR=1000
[19:26:33.271] [HOST] INFO: [med] SEND hand=1,1932861312 npc=1 blood=233.8 bleed=0.00 fl=-127.3,78.4,86.0,86.0 bd=0.0,0.0,0.0,0.0 flags=1 nparts=7 pmin=45.1 smin=0.0 ls=0,0,0,0
[19:26:33.442] [HOST] INFO: [net] [net] bandwidth out=4.3 KB/s in=3.3 KB/s (window 5s)
[19:26:33.469] [HOST] INFO: [med] SEND hand=1,612915008 npc=1 blood=54.9 bleed=0.00 fl=100.0,41.1,58.2,100.0 bd=0.0,58.9,41.8,0.0 flags=0 nparts=7 pmin=27.6 smin=0.0 ls=0,0,0,0
[19:26:33.915] [HOST] INFO: [cell] RECV owner=1 rank=1 cell=24,24 seq=62
[19:26:33.915] [HOST] INFO: [cell] MAP cells=2 slots=2 24,23=0 24,24=1
[19:26:33.923] [HOST] INFO: [inv] APPLY hand=1,2,2989257728,1,2916870144 items=10
[19:26:34.040] [HOST] INFO: [ai] suspended=0 driven=3
[19:26:34.279] [HOST] INFO: [med] SEND hand=1,1932861312 npc=1 blood=233.8 bleed=0.00 fl=-127.4,78.4,86.0,86.0 bd=0.0,0.0,0.0,0.0 flags=1 nparts=7 pmin=45.0 smin=0.0 ls=0,0,0,0
[19:26:34.420] [HOST] INFO: [interp] lerp=87621 extrap=5241 clamp=7 seg=940 single=158514 snapSq=532 snapNpc=0 reissueSq=829 reissueNpc=2106 restFlip=38 delay=124 jit=19.1 starve=0 snapMid=85 restFlipMid=31 haltDrv=0
[19:26:34.420] [HOST] INFO: [interp] worstZero hand=1,2916870144 zero=1055 active=13029 seg=89
[19:26:34.461] [HOST] INFO: [gate] hand=1,612915008 host=1 local=127  agree=155176/211028 (73%)
[19:26:34.461] [HOST] INFO: [life] hand=1,47,830810560,1,612915008 from=UNKNOWN to=HI reason=drive
[19:26:34.468] [HOST] INFO: [med] SEND hand=1,612915008 npc=1 blood=55.0 bleed=0.00 fl=100.0,41.2,58.2,100.0 bd=0.0,58.8,41.8,0.0 flags=0 nparts=7 pmin=27.6 smin=0.0 ls=0,0,0,0
[19:26:34.802] [HOST] INFO: [combat] CAP hand=1,1709716736 task=65025 tgt=1,47,830810560,1,612915008
[19:26:34.941] [HOST] INFO: [census] recv n=1 culls=7
[19:26:34.941] [HOST] INFO: [cam] hint recv=-34004.0,137.1,-36577.9
[19:26:35.084] [HOST] INFO: [deed] AUDIT hand=0.1432.11111.612.3788940544 isPlayer=1 set=1 sale=0 shop=0 public=0 desig=9 resident=0/0 town=0/1 interior=1 internals=0 doors=1/1/0 furn=0/0/0 canUse=1 home=1/1/0 stuff=1 wallet=19134 squads=2/0/0 cur=0/0 base=1/0 owner='204-gamedata.base' name='Small Shack'
[19:26:35.286] [HOST] INFO: [med] SEND hand=1,1932861312 npc=1 blood=233.9 bleed=0.00 fl=-127.6,78.4,86.0,86.0 bd=0.0,0.0,0.0,0.0 flags=1 nparts=7 pmin=45.0 smin=0.0 ls=0,0,0,0
[19:26:35.287] [HOST] INFO: [cam] center=-33737.8,137.5,-36342.4
[19:26:35.720] [HOST] INFO: [budget] pub avg=115us max=267us apply avg=23us max=178us frames=598 over2ms=0
[19:26:36.151] [HOST] INFO: [stats] RECV hand=1,2916870144 ok=1 str=6.5 dex=1.3 tough=11.6 stealth=1.3 athl=26.5 xp=0
[19:26:36.285] [HOST] INFO: [combat] stats snap=3 slide=1728 softWalk=1916 order=3 wrongTgt=0 armed=1 maxPersist=3
[19:26:36.395] [HOST] INFO: [med] SEND hand=1,1932861312 npc=1 blood=233.9 bleed=0.00 fl=-127.7,78.4,86.0,86.0 bd=0.0,0.0,0.0,0.0 flags=1 nparts=7 pmin=45.0 smin=0.0 ls=0,0,0,0
[19:26:36.464] [HOST] INFO: [gate] hand=1,612915008 host=1 local=65535  agree=155183/211264 (73%)
[19:26:36.765] [HOST] INFO: [life] hand=1,47,830810560,1,612915008 from=HI to=MID reason=drive
[19:26:36.806] [HOST] INFO: [combat] CAP hand=1,1709716736 task=65025 tgt=1,47,830810560,1,612915008
[19:26:37.042] [HOST] INFO: [ai] suspended=1 driven=4
[19:26:37.154] [HOST] INFO: [cell] CLAIM rank=0 cell=24,24 seq=75 dwell=3 pos=-34232,-36762
[19:26:37.154] [HOST] INFO: [cell] MAP cells=1 slots=2 24,24=0
[19:26:37.163] [HOST] INFO: [cell] yield hand=1,612915008 owner=0 - the peer's stream holds this body; not authoring it while they drive it
[19:26:37.171] [HOST] INFO: [audit] exist near=1 wide=9 drv=1 cen=0 hid=0 ghost=0 supp=3 census=1 fresh=1 parks=48 nearCap=0 wideCap=0 staleMs=58929 edges=0 ghostMax=-1 ghostEdge=0 dorm=0 attnR=1000 dormPc=0 pcs=2 mine=8 skip=9 cells=1
[19:26:37.402] [HOST] INFO: [med] SEND hand=1,1932861312 npc=1 blood=233.9 bleed=0.00 fl=-127.9,78.4,86.0,86.0 bd=0.0,0.0,0.0,0.0 flags=1 nparts=7 pmin=45.0 smin=0.0 ls=0,0,0,0
[19:26:38.405] [HOST] INFO: [med] SEND hand=1,1932861312 npc=1 blood=233.9 bleed=0.00 fl=-128.0,78.4,86.0,86.0 bd=0.0,0.0,0.0,0.0 flags=1 nparts=7 pmin=45.0 smin=0.0 ls=0,0,0,0
[19:26:38.458] [HOST] INFO: [net] [net] bandwidth out=4.1 KB/s in=3.9 KB/s (window 5s)
[19:26:38.470] [HOST] INFO: [gate] hand=1,612915008 host=1 local=127  agree=155188/211501 (73%)
[19:26:38.479] [HOST] INFO: [snap] cover hand=1,612915008 name='Hungry bandit' gap=38.7 gate=12.9 srcVel=15.2 cSpeed=15.0 mult=1.00 slew=1.00 dest=1 skipped=0
[19:26:38.812] [HOST] INFO: [combat] CAP hand=1,1709716736 task=65025 tgt=1,47,830810560,1,612915008
[19:26:38.897] [HOST] INFO: [inv] APPLY hand=1,2,2989257728,1,2916870144 items=10
[19:26:39.222] [HOST] INFO: [snap] cover hand=1,612915008 name='Hungry bandit' gap=39.0 gate=13.0 srcVel=15.2 cSpeed=15.0 mult=1.00 slew=1.00 dest=1 skipped=0
[19:26:39.249] [HOST] INFO: [combat] order hand=1,2916870144 tgt=1,612915008 localFight=0 r=2 wait=0 n=4 seatbrk=1 forced=1
[19:26:39.249] [HOST] INFO: [combat] snap hand=1,2916870144 drift=24.2 srcVel=77.6 localFight=0 wrongTgt=0 arming=1 wait=0 seg=55 n=4
[19:26:39.253] [HOST] INFO: [fac] AFFECT-EV me='1305-gamedata.base' whom='204-gamedata.base' event=1 mult=0.025 after=-10.00 skipped=0
[19:26:39.422] [HOST] INFO: [interp] lerp=88512 extrap=5518 clamp=7 seg=940 single=158523 snapSq=532 snapNpc=0 reissueSq=829 reissueNpc=2124 restFlip=38 delay=254 jit=66.3 starve=1 snapMid=87 restFlipMid=31 haltDrv=0
[19:26:39.422] [HOST] INFO: [interp] worstZero hand=1,2916870144 zero=1055 active=13029 seg=63
[19:26:39.526] [HOST] INFO: [med] SEND hand=1,1932861312 npc=1 blood=233.9 bleed=0.00 fl=-128.2,78.4,86.0,86.0 bd=0.0,0.0,0.0,0.0 flags=1 nparts=7 pmin=45.0 smin=0.0 ls=0,0,0,0
[19:26:39.948] [HOST] INFO: [cam] hint recv=-33859.9,137.3,-36445.0
[19:26:40.045] [HOST] INFO: [ai] suspended=0 driven=4
[19:26:40.096] [HOST] INFO: [deed] AUDIT hand=0.1432.11111.612.3788940544 isPlayer=1 set=1 sale=0 shop=0 public=0 desig=9 resident=0/0 town=0/1 interior=1 internals=0 doors=1/1/0 furn=0/0/0 canUse=1 home=1/1/0 stuff=1 wallet=19134 squads=2/0/0 cur=0/0 base=1/0 owner='204-gamedata.base' name='Small Shack'
[19:26:40.288] [HOST] INFO: [cam] center=-33824.4,137.3,-36408.3
[19:26:40.526] [HOST] INFO: [med] SEND hand=1,1932861312 npc=1 blood=233.9 bleed=0.00 fl=-128.3,78.4,86.0,86.0 bd=0.0,0.0,0.0,0.0 flags=1 nparts=7 pmin=45.0 smin=0.0 ls=0,0,0,0
[19:26:40.727] [HOST] INFO: [budget] pub avg=125us max=270us apply avg=24us max=154us frames=593 over2ms=0
[19:26:40.786] [HOST] INFO: [combat] HIT RECV id=1 hand=1,612915008 flesh=1.7 blood=0.0 applied=1
[19:26:40.793] [HOST] INFO: [inv] resent 12 unchanged snapshot(s) in 60s
[19:26:40.818] [HOST] INFO: [combat] CAP hand=1,1709716736 task=65025 tgt=1,47,830810560,1,612915008
[19:26:41.193] [HOST] INFO: [stats] RECV hand=1,2916870144 ok=1 str=6.5 dex=1.3 tough=11.6 stealth=1.3 athl=26.5 xp=0
[19:26:41.290] [HOST] INFO: [combat] stats snap=4 slide=1921 softWalk=2112 order=4 wrongTgt=0 armed=1 maxPersist=4
[19:26:41.477] [HOST] INFO: [med] SEND hand=1,612915008 npc=1 blood=55.5 bleed=0.00 fl=100.0,41.3,58.4,100.0 bd=0.0,58.7,41.6,0.0 flags=0 nparts=7 pmin=27.8 smin=0.0 ls=0,0,0,0
[19:26:41.597] [HOST] INFO: [med] SEND hand=1,1932861312 npc=1 blood=233.9 bleed=0.00 fl=-128.5,78.4,86.0,86.0 bd=0.0,0.0,0.0,0.0 flags=1 nparts=7 pmin=44.9 smin=0.0 ls=0,0,0,0
[19:26:42.159] [HOST] INFO: [cell] MAP cells=1 slots=2 24,24=0
[19:26:42.176] [HOST] INFO: [audit] exist near=1 wide=3 drv=0 cen=0 hid=0 ghost=0 supp=3 census=0 fresh=1 parks=48 nearCap=0 wideCap=0 staleMs=58929 edges=0 ghostMax=-1 ghostEdge=0 dorm=0 attnR=1000 dormPc=0 pcs=2 mine=3 skip=3 cells=1
[19:26:42.602] [HOST] INFO: [med] SEND hand=1,1932861312 npc=1 blood=234.0 bleed=0.00 fl=-128.6,78.4,86.0,86.0 bd=0.0,0.0,0.0,0.0 flags=1 nparts=7 pmin=44.9 smin=0.0 ls=0,0,0,0
[19:26:42.823] [HOST] INFO: [combat] CAP hand=1,1709716736 task=65025 tgt=1,47,830810560,1,612915008
[19:26:43.047] [HOST] INFO: [ai] suspended=0 driven=4
[19:26:43.177] [HOST] INFO: [census] sent n=10 radius=2000 mid=1 anchors=2 a0=loaded:9 a1=loaded:1 enum=10 notmine=0 proxyrow=0 attnR=1000
[19:26:43.722] [HOST] INFO: [med] SEND hand=1,1932861312 npc=1 blood=234.0 bleed=0.00 fl=-128.7,78.4,86.0,86.0 bd=0.0,0.0,0.0,0.0 flags=1 nparts=7 pmin=44.9 smin=0.0 ls=0,0,0,0
[19:26:43.887] [HOST] INFO: [inv] APPLY hand=1,2,2989257728,1,2916870144 items=10
[19:26:44.314] [HOST] INFO: [med] SEND hand=1,612915008 npc=1 blood=55.7 bleed=0.00 fl=100.0,41.4,58.4,100.0 bd=0.0,58.6,41.6,0.0 flags=0 nparts=7 pmin=27.9 smin=0.0 ls=0,0,0,0
[19:26:44.333] [HOST] INFO: [combat] snap hand=1,2916870144 drift=35.7 srcVel=11.2 localFight=0 wrongTgt=0 arming=1 wait=0 seg=52 n=5
[19:26:44.428] [HOST] INFO: [interp] lerp=89109 extrap=5525 clamp=7 seg=940 single=158523 snapSq=532 snapNpc=0 reissueSq=829 reissueNpc=2124 restFlip=38 delay=103 jit=7.3 starve=1 snapMid=87 restFlipMid=31 haltDrv=0
[19:26:44.428] [HOST] INFO: [interp] worstZero hand=1,2916870144 zero=1055 active=13029 seg=49
[19:26:44.454] [HOST] INFO: [net] [net] bandwidth out=4.4 KB/s in=3.7 KB/s (window 6s)
[19:26:44.511] [HOST] INFO: [fac] AFFECT-EV me='1305-gamedata.base' whom='204-gamedata.base' event=0 mult=0.025 after=-10.06 skipped=67
[19:26:44.726] [HOST] INFO: [med] SEND hand=1,1932861312 npc=1 blood=234.0 bleed=0.00 fl=-128.9,78.4,86.0,86.0 bd=0.0,0.0,0.0,0.0 flags=1 nparts=7 pmin=44.9 smin=0.0 ls=0,0,0,0
[19:26:44.825] [HOST] INFO: [combat] CAP hand=1,1709716736 task=65025 tgt=1,47,830810560,1,612915008
[19:26:44.985] [HOST] INFO: [census] recv n=0 culls=7
[19:26:44.985] [HOST] INFO: [cam] hint recv=-33840.0,137.3,-36441.2
[19:26:45.115] [HOST] INFO: [deed] AUDIT hand=0.1432.11111.612.3788940544 isPlayer=1 set=1 sale=0 shop=0 public=0 desig=9 resident=0/0 town=0/1 interior=1 internals=0 doors=1/1/0 furn=0/0/0 canUse=1 home=1/1/0 stuff=1 wallet=19134 squads=2/0/0 cur=0/0 base=1/0 owner='204-gamedata.base' name='Small Shack'
[19:26:45.282] [HOST] INFO: [cam] center=-33734.7,137.6,-36362.5
[19:26:45.728] [HOST] INFO: [med] SEND hand=1,1932861312 npc=1 blood=234.0 bleed=0.00 fl=-129.0,78.4,86.0,86.0 bd=0.0,0.0,0.0,0.0 flags=1 nparts=7 pmin=44.9 smin=0.0 ls=0,0,0,0
[19:26:45.730] [HOST] INFO: [budget] pub avg=120us max=296us apply avg=18us max=104us frames=614 over2ms=0
[19:26:46.050] [HOST] INFO: [ai] suspended=0 driven=4
[19:26:46.223] [HOST] INFO: [stats] RECV hand=1,2916870144 ok=1 str=6.5 dex=1.3 tough=11.6 stealth=1.3 athl=26.5 xp=0
[19:26:46.297] [HOST] INFO: [combat] stats snap=5 slide=1976 softWalk=2201 order=4 wrongTgt=0 armed=1 maxPersist=5
[19:26:46.543] [HOST] INFO: [med] SEND hand=1,612915008 npc=1 blood=55.9 bleed=0.00 fl=100.0,41.5,58.5,100.0 bd=0.0,58.5,41.5,0.0 flags=0 nparts=7 pmin=27.9 smin=0.0 ls=0,0,0,0
[19:26:46.733] [HOST] INFO: [med] SEND hand=1,1932861312 npc=1 blood=234.0 bleed=0.00 fl=-129.2,78.4,86.0,86.0 bd=0.0,0.0,0.0,0.0 flags=1 nparts=7 pmin=44.8 smin=0.0 ls=0,0,0,0
[19:26:46.830] [HOST] INFO: [combat] CAP hand=1,1709716736 task=65024 tgt=1,47,830810560,1,612915008
[19:26:46.837] [HOST] INFO: [med] SEND hand=1,1709716736 npc=0 blood=81.8 bleed=0.00 fl=100.0,100.0,100.0,100.0 bd=0.0,0.0,0.0,0.0 flags=0 nparts=7 pmin=53.5 smin=0.0 ls=0,0,0,0
[19:26:46.980] [HOST] INFO: [combat] order hand=1,2916870144 tgt=1,612915008 localFight=0 r=2 wait=0 n=5 seatbrk=1 forced=1
[19:26:47.162] [HOST] INFO: [cell] MAP cells=1 slots=2 24,24=0
[19:26:47.205] [HOST] INFO: [audit] exist near=1 wide=2 drv=0 cen=0 hid=0 ghost=0 supp=3 census=0 fresh=1 parks=48 nearCap=0 wideCap=0 staleMs=58929 edges=0 ghostMax=-1 ghostEdge=0 dorm=0 attnR=1000 dormPc=0 pcs=2 mine=2 skip=2 cells=1
[19:26:47.499] [HOST] INFO: [stats] SEND hand=1,1709716736 str=9.1 dex=5.6 tough=11.4 stealth=1.7 athl=19.4 xp=0 fap=0
[19:26:47.545] [HOST] INFO: [med] SEND hand=1,612915008 npc=1 blood=55.9 bleed=0.00 fl=100.0,41.5,58.5,100.0 bd=0.0,58.5,41.5,0.0 flags=0 nparts=7 pmin=28.0 smin=0.0 ls=0,0,0,0
[19:26:47.735] [HOST] INFO: [med] SEND hand=1,1932861312 npc=1 blood=234.0 bleed=0.00 fl=-129.3,78.4,86.0,86.0 bd=0.0,0.0,0.0,0.0 flags=1 nparts=7 pmin=44.8 smin=0.0 ls=0,0,0,0
[19:26:48.550] [HOST] INFO: [med] SEND hand=1,612915008 npc=1 blood=56.0 bleed=0.00 fl=100.0,41.5,58.6,100.0 bd=0.0,58.5,41.4,0.0 flags=0 nparts=7 pmin=28.0 smin=0.0 ls=0,0,0,0
[19:26:48.823] [HOST] INFO: [med] SEND hand=1,1709716736 npc=0 blood=81.8 bleed=0.00 fl=100.0,100.0,100.0,100.0 bd=0.0,0.0,0.0,0.0 flags=0 nparts=7 pmin=53.5 smin=0.0 ls=0,0,0,0
[19:26:48.823] [HOST] INFO: [stats] SEND hand=1,1709716736 str=9.1 dex=5.6 tough=11.4 stealth=1.7 athl=19.4 xp=0 fap=0
[19:26:48.837] [HOST] INFO: [combat] CAP hand=1,1709716736 task=65024 tgt=1,47,830810560,1,612915008
[19:26:48.852] [HOST] INFO: [med] SEND hand=1,1932861312 npc=1 blood=234.0 bleed=0.00 fl=-129.5,78.4,86.0,86.0 bd=0.0,0.0,0.0,0.0 flags=1 nparts=7 pmin=44.8 smin=0.0 ls=0,0,0,0
[19:26:48.902] [HOST] INFO: [inv] APPLY hand=1,2,2989257728,1,2916870144 items=10
[19:26:49.054] [HOST] INFO: [ai] suspended=0 driven=4
[19:26:49.427] [HOST] INFO: [interp] lerp=89789 extrap=5529 clamp=7 seg=940 single=158523 snapSq=532 snapNpc=0 reissueSq=829 reissueNpc=2124 restFlip=38 delay=95 jit=8.5 starve=0 snapMid=87 restFlipMid=31 haltDrv=0
[19:26:49.427] [HOST] INFO: [interp] worstZero hand=1,2916870144 zero=1055 active=13029 seg=91
[19:26:49.442] [HOST] INFO: [med] SEND hand=1,1709716736 npc=0 blood=81.8 bleed=0.00 fl=100.0,100.0,100.0,100.0 bd=0.0,0.0,0.0,0.0 flags=0 nparts=7 pmin=53.6 smin=0.0 ls=0,0,0,0
[19:26:49.554] [HOST] INFO: [med] SEND hand=1,612915008 npc=1 blood=56.1 bleed=0.00 fl=100.0,41.6,58.6,100.0 bd=0.0,58.4,41.4,0.0 flags=0 nparts=7 pmin=28.0 smin=0.0 ls=0,0,0,0
[19:26:49.723] [HOST] INFO: [net] [net] bandwidth out=5.2 KB/s in=3.8 KB/s (window 5s)
[19:26:49.846] [HOST] INFO: [med] SEND hand=1,1709716736 npc=0 blood=81.8 bleed=0.00 fl=100.0,100.0,100.0,100.0 bd=0.0,0.0,0.0,0.0 flags=0 nparts=7 pmin=53.6 smin=0.0 ls=0,0,0,0
[19:26:49.853] [HOST] INFO: [med] SEND hand=1,1932861312 npc=1 blood=234.1 bleed=0.00 fl=-129.6,78.4,86.0,86.0 bd=0.0,0.0,0.0,0.0 flags=1 nparts=7 pmin=44.8 smin=0.0 ls=0,0,0,0
[19:26:49.945] [HOST] INFO: [fac] AFFECT-EV me='1305-gamedata.base' whom='204-gamedata.base' event=1 mult=0.025 after=-10.38 skipped=256
[19:26:50.135] [HOST] INFO: [deed] AUDIT hand=0.1432.11111.612.3788940544 isPlayer=1 set=1 sale=0 shop=0 public=0 desig=9 resident=0/0 town=0/1 interior=1 internals=0 doors=1/1/0 furn=0/0/0 canUse=1 home=1/1/0 stuff=1 wallet=19134 squads=2/0/0 cur=0/0 base=1/0 owner='204-gamedata.base' name='Small Shack'
[19:26:50.287] [HOST] INFO: [cam] center=-33789.6,137.6,-36406.4
[19:26:50.315] [HOST] INFO: [combat] HIT RECV id=2 hand=1,612915008 flesh=15.2 blood=7.3 applied=1
[19:26:50.558] [HOST] INFO: [med] SEND hand=1,612915008 npc=1 blood=48.9 bleed=0.00 fl=100.0,41.6,58.6,100.0 bd=0.0,58.4,41.4,0.0 flags=0 nparts=7 pmin=12.9 smin=0.0 ls=0,0,0,0
[19:26:50.731] [HOST] INFO: [budget] pub avg=128us max=392us apply avg=16us max=116us frames=700 over2ms=0
[19:26:50.856] [HOST] INFO: [med] SEND hand=1,1932861312 npc=1 blood=234.1 bleed=0.00 fl=-129.8,78.4,86.0,86.0 bd=0.0,0.0,0.0,0.0 flags=1 nparts=7 pmin=44.8 smin=0.0 ls=0,0,0,0
[19:26:51.074] [HOST] INFO: [cam] hint recv=-33804.9,137.3,-36403.7
[19:26:51.175] [HOST] INFO: [stats] RECV hand=1,2916870144 ok=1 str=6.5 dex=1.3 tough=11.6 stealth=1.3 athl=26.5 xp=0
[19:26:51.197] [HOST] INFO: [combat] CAP hand=1,1709716736 task=65024 tgt=1,47,830810560,1,612915008
[19:26:51.300] [HOST] INFO: [combat] stats snap=5 slide=1977 softWalk=2212 order=5 wrongTgt=0 armed=1 maxPersist=5
[19:26:51.640] [HOST] INFO: [med] SEND hand=1,612915008 npc=1 blood=48.9 bleed=0.00 fl=100.0,41.6,58.6,100.0 bd=0.0,58.4,41.4,0.0 flags=0 nparts=7 pmin=12.9 smin=0.0 ls=0,0,0,0
[19:26:51.672] [HOST] INFO: [combat] HIT RECV id=3 hand=1,612915008 flesh=1.7 blood=0.0 applied=1
[19:26:52.017] [HOST] INFO: [med] SEND hand=1,1932861312 npc=1 blood=234.1 bleed=0.00 fl=-129.9,78.4,86.0,86.0 bd=0.0,0.0,0.0,0.0 flags=1 nparts=7 pmin=44.8 smin=0.0 ls=0,0,0,0
[19:26:52.061] [HOST] INFO: [ai] suspended=0 driven=4
[19:26:52.167] [HOST] INFO: [cell] MAP cells=1 slots=2 24,24=0
[19:26:52.197] [HOST] INFO: [stats] RECV hand=1,2916870144 ok=1 str=6.5 dex=1.3 tough=11.6 stealth=1.3 athl=26.5 xp=0
[19:26:52.244] [HOST] INFO: [audit] exist near=1 wide=2 drv=0 cen=0 hid=0 ghost=0 supp=3 census=0 fresh=1 parks=48 nearCap=0 wideCap=0 staleMs=58929 edges=0 ghostMax=-1 ghostEdge=0 dorm=0 attnR=1000 dormPc=0 pcs=2 mine=2 skip=2 cells=1
[19:26:52.640] [HOST] INFO: [med] SEND hand=1,612915008 npc=1 blood=49.0 bleed=0.00 fl=100.0,41.6,58.7,100.0 bd=0.0,58.4,41.3,0.0 flags=0 nparts=7 pmin=11.2 smin=0.0 ls=0,0,0,0
[19:26:53.017] [HOST] INFO: [med] SEND hand=1,1932861312 npc=1 blood=234.1 bleed=0.00 fl=-130.1,78.4,86.0,86.0 bd=0.0,0.0,0.0,0.0 flags=1 nparts=7 pmin=44.8 smin=0.0 ls=0,0,0,0
[19:26:53.207] [HOST] INFO: [census] sent n=10 radius=2000 mid=1 anchors=2 a0=loaded:0 a1=loaded:10 enum=10 notmine=0 proxyrow=0 attnR=1000
[19:26:53.542] [HOST] INFO: [combat] HIT RECV id=4 hand=1,612915008 flesh=15.2 blood=7.3 applied=1
[19:26:53.646] [HOST] INFO: [med] SEND hand=1,612915008 npc=1 blood=41.7 bleed=0.00 fl=100.0,41.7,58.7,100.0 bd=0.0,58.3,41.3,0.0 flags=0 nparts=7 pmin=0.0 smin=0.0 ls=0,0,0,0
[19:26:53.959] [HOST] INFO: [inv] APPLY hand=1,2,2989257728,1,2916870144 items=10
[19:26:54.109] [HOST] INFO: [med] SEND hand=1,1932861312 npc=1 blood=234.1 bleed=0.00 fl=-130.2,78.4,86.0,86.0 bd=0.0,0.0,0.0,0.0 flags=1 nparts=7 pmin=44.7 smin=0.0 ls=0,0,0,0
[19:26:54.433] [HOST] INFO: [interp] lerp=90447 extrap=5545 clamp=7 seg=940 single=158523 snapSq=532 snapNpc=0 reissueSq=829 reissueNpc=2124 restFlip=38 delay=184 jit=36.6 starve=0 snapMid=87 restFlipMid=31 haltDrv=0
[19:26:54.433] [HOST] INFO: [interp] worstZero hand=1,2916870144 zero=1055 active=13029 seg=213
[19:26:54.803] [HOST] INFO: [net] [net] bandwidth out=5.2 KB/s in=3.7 KB/s (window 5s)
[19:26:54.939] [HOST] INFO: [fac] AFFECT-EV me='1305-gamedata.base' whom='204-gamedata.base' event=1 mult=0.025 after=-10.42 skipped=29
[19:26:55.020] [HOST] INFO: [census] recv n=0 culls=7
[19:26:55.034] [HOST] INFO: [taskkey] key=7 desc='Sheathing weapon' repro=0 subject=0
[19:26:55.065] [HOST] INFO: [ai] suspended=0 driven=4
[19:26:55.147] [HOST] INFO: [deed] AUDIT hand=0.1432.11111.612.3788940544 isPlayer=1 set=1 sale=0 shop=0 public=0 desig=9 resident=0/0 town=0/1 interior=1 internals=0 doors=1/1/0 furn=0/0/0 canUse=1 home=1/1/0 stuff=1 wallet=19134 squads=2/0/0 cur=0/0 base=1/0 owner='204-gamedata.base' name='Small Shack'
[19:26:55.247] [HOST] INFO: [med] SEND hand=1,1932861312 npc=1 blood=234.1 bleed=0.00 fl=-130.4,78.4,86.0,86.0 bd=0.0,0.0,0.0,0.0 flags=1 nparts=7 pmin=44.7 smin=0.0 ls=0,0,0,0
[19:26:55.287] [HOST] INFO: [cam] center=-33789.6,137.6,-36406.4
[19:26:55.732] [HOST] INFO: [budget] pub avg=124us max=301us apply avg=17us max=73us frames=673 over2ms=0
[19:26:56.248] [HOST] INFO: [med] SEND hand=1,1932861312 npc=1 blood=234.1 bleed=0.00 fl=-130.5,78.4,86.0,86.0 bd=0.0,0.0,0.0,0.0 flags=1 nparts=7 pmin=44.7 smin=0.0 ls=0,0,0,0
[19:26:56.307] [HOST] INFO: [combat] stats snap=5 slide=1977 softWalk=2212 order=5 wrongTgt=0 armed=1 maxPersist=5
[19:26:56.513] [HOST] INFO: [med] SEND hand=1,1709716736 npc=0 blood=81.8 bleed=0.00 fl=100.0,100.0,100.0,100.0 bd=0.0,0.0,0.0,0.0 flags=0 nparts=7 pmin=53.7 smin=0.0 ls=0,0,0,0
[19:26:57.015] [HOST] INFO: [cam] hint recv=-33788.3,137.3,-36400.5
[19:26:57.167] [HOST] INFO: [cell] MAP cells=1 slots=2 24,24=0
[19:26:57.204] [HOST] INFO: [stats] RECV hand=1,2916870144 ok=1 str=6.5 dex=1.3 tough=11.6 stealth=1.3 athl=26.5 xp=0
[19:26:57.279] [HOST] INFO: [med] SEND hand=1,1932861312 npc=1 blood=234.1 bleed=0.00 fl=-130.7,78.4,86.0,86.0 bd=0.0,0.0,0.0,0.0 flags=1 nparts=7 pmin=44.7 smin=0.0 ls=0,0,0,0
[19:26:57.316] [HOST] INFO: [audit] exist near=1 wide=2 drv=0 cen=0 hid=0 ghost=0 supp=3 census=0 fresh=1 parks=48 nearCap=0 wideCap=0 staleMs=58929 edges=0 ghostMax=-1 ghostEdge=0 dorm=0 attnR=1000 dormPc=0 pcs=2 mine=2 skip=2 cells=1
[19:26:57.650] [HOST] INFO: [med] SEND hand=1,612915008 npc=1 blood=42.0 bleed=0.00 fl=100.0,41.8,58.8,100.0 bd=0.0,58.2,41.2,0.0 flags=0 nparts=7 pmin=0.1 smin=0.0 ls=0,0,0,0
[19:26:58.070] [HOST] INFO: [ai] suspended=0 driven=4
[19:26:58.219] [HOST] INFO: [combat] CAP hand=1,1709716736 task=65024 tgt=1,47,830810560,1,612915008
[19:26:58.413] [HOST] INFO: [med] SEND hand=1,1932861312 npc=1 blood=234.2 bleed=0.00 fl=-130.8,78.4,86.0,86.0 bd=0.0,0.0,0.0,0.0 flags=1 nparts=7 pmin=44.7 smin=0.0 ls=0,0,0,0
[19:26:58.941] [HOST] INFO: [inv] APPLY hand=1,2,2989257728,1,2916870144 items=10
[19:26:59.418] [HOST] INFO: [med] SEND hand=1,1932861312 npc=1 blood=234.2 bleed=0.00 fl=-130.9,78.4,86.0,86.0 bd=0.0,0.0,0.0,0.0 flags=1 nparts=7 pmin=44.7 smin=0.0 ls=0,0,0,0
[19:26:59.435] [HOST] INFO: [interp] lerp=91079 extrap=5598 clamp=7 seg=940 single=158523 snapSq=532 snapNpc=0 reissueSq=829 reissueNpc=2124 restFlip=38 delay=200 jit=24.3 starve=0 snapMid=87 restFlipMid=31 haltDrv=0
[19:26:59.435] [HOST] INFO: [interp] worstZero hand=1,2916870144 zero=1055 active=13029 seg=132
[19:26:59.803] [HOST] INFO: [net] [net] bandwidth out=5.3 KB/s in=2.8 KB/s (window 5s)
[19:26:59.943] [HOST] INFO: [fac] AFFECT-EV me='1305-gamedata.base' whom='204-gamedata.base' event=1 mult=0.025 after=-10.56 skipped=111
[19:27:00.165] [HOST] INFO: [deed] AUDIT hand=0.1432.11111.612.3788940544 isPlayer=1 set=1 sale=0 shop=0 public=0 desig=9 resident=0/0 town=0/1 interior=1 internals=0 doors=1/1/0 furn=0/0/0 canUse=1 home=1/1/0 stuff=1 wallet=19134 squads=2/0/0 cur=0/0 base=1/0 owner='204-gamedata.base' name='Small Shack'
[19:27:00.284] [HOST] INFO: [cam] center=-33789.6,137.6,-36406.4
[19:27:00.305] [HOST] INFO: [door] rollup sent=0 (resend=0) recv=0 applied=0 nohand=0 converged=0 over=30s
[19:27:00.422] [HOST] INFO: [med] SEND hand=1,1932861312 npc=1 blood=234.2 bleed=0.00 fl=-131.1,78.4,86.0,86.0 bd=0.0,0.0,0.0,0.0 flags=1 nparts=7 pmin=44.6 smin=0.0 ls=0,0,0,0
[19:27:00.513] [HOST] INFO: [combat] CAP hand=1,1709716736 task=65024 tgt=1,47,830810560,1,612915008
[19:27:00.718] [HOST] INFO: [combat] HIT RECV id=5 hand=1,612915008 flesh=15.2 blood=7.3 applied=1
[19:27:00.735] [HOST] INFO: [budget] pub avg=121us max=300us apply avg=16us max=61us frames=680 over2ms=0
[19:27:01.074] [HOST] INFO: [ai] suspended=0 driven=4
[19:27:01.311] [HOST] INFO: [combat] stats snap=5 slide=1977 softWalk=2212 order=5 wrongTgt=0 armed=1 maxPersist=5
[19:27:01.428] [HOST] INFO: [med] SEND hand=1,1932861312 npc=1 blood=234.2 bleed=0.00 fl=-131.2,78.4,86.0,86.0 bd=0.0,0.0,0.0,0.0 flags=1 nparts=7 pmin=44.6 smin=0.0 ls=0,0,0,0
[19:27:01.662] [HOST] INFO: [med] SEND hand=1,612915008 npc=1 blood=35.0 bleed=0.00 fl=100.0,41.9,58.9,100.0 bd=0.0,58.1,41.1,0.0 flags=0 nparts=7 pmin=0.0 smin=0.0 ls=0,0,0,0
[19:27:02.066] [HOST] INFO: [cam] hint recv=-33804.8,137.3,-36424.7
[19:27:02.168] [HOST] INFO: [cell] MAP cells=1 slots=2 24,24=0
[19:27:02.215] [HOST] INFO: [stats] RECV hand=1,2916870144 ok=1 str=6.5 dex=1.3 tough=11.6 stealth=1.3 athl=26.5 xp=0
[19:27:02.366] [HOST] INFO: [audit] exist near=1 wide=2 drv=0 cen=0 hid=0 ghost=0 supp=3 census=0 fresh=1 parks=48 nearCap=0 wideCap=0 staleMs=58929 edges=0 ghostMax=-1 ghostEdge=0 dorm=0 attnR=1000 dormPc=0 pcs=2 mine=2 skip=2 cells=1
[19:27:02.516] [HOST] INFO: [med] SEND hand=1,1932861312 npc=1 blood=234.2 bleed=0.00 fl=-131.4,78.4,86.0,86.0 bd=0.0,0.0,0.0,0.0 flags=1 nparts=7 pmin=44.6 smin=0.0 ls=0,0,0,0
[19:27:02.664] [HOST] INFO: [med] SEND hand=1,612915008 npc=1 blood=35.1 bleed=0.00 fl=100.0,41.9,58.9,100.0 bd=0.0,58.1,41.1,0.0 flags=0 nparts=7 pmin=0.0 smin=0.0 ls=0,0,0,0
[19:27:03.228] [HOST] INFO: [census] sent n=10 radius=2000 mid=1 anchors=2 a0=loaded:0 a1=loaded:10 enum=10 notmine=0 proxyrow=0 attnR=1000
[19:27:03.516] [HOST] INFO: [med] SEND hand=1,1932861312 npc=1 blood=234.2 bleed=0.00 fl=-131.5,78.4,86.0,86.0 bd=0.0,0.0,0.0,0.0 flags=1 nparts=7 pmin=44.6 smin=0.0 ls=0,0,0,0
[19:27:03.946] [HOST] INFO: [inv] APPLY hand=1,2,2989257728,1,2916870144 items=10
[19:27:04.080] [HOST] INFO: [ai] suspended=0 driven=4
[19:27:04.164] [HOST] INFO: [med] SEND hand=1,612915008 npc=1 blood=35.2 bleed=0.00 fl=100.0,41.9,58.9,100.0 bd=0.0,58.1,41.1,0.0 flags=0 nparts=7 pmin=0.1 smin=0.0 ls=0,0,0,0
[19:27:04.442] [HOST] INFO: [interp] lerp=91763 extrap=5598 clamp=7 seg=940 single=158523 snapSq=532 snapNpc=0 reissueSq=829 reissueNpc=2124 restFlip=38 delay=185 jit=25.3 starve=0 snapMid=87 restFlipMid=31 haltDrv=0
[19:27:04.442] [HOST] INFO: [interp] worstZero hand=1,2916870144 zero=1055 active=13029 seg=130
[19:27:04.539] [HOST] INFO: [med] SEND hand=1,1932861312 npc=1 blood=234.2 bleed=0.00 fl=-131.7,78.4,86.0,86.0 bd=0.0,0.0,0.0,0.0 flags=1 nparts=7 pmin=44.6 smin=0.0 ls=0,0,0,0
[19:27:04.803] [HOST] INFO: [net] [net] bandwidth out=5.3 KB/s in=3.1 KB/s (window 5s)
[19:27:05.094] [HOST] INFO: [census] recv n=0 culls=7
[19:27:05.169] [HOST] INFO: [med] SEND hand=1,612915008 npc=1 blood=35.3 bleed=0.00 fl=100.0,41.9,59.0,100.0 bd=0.0,58.1,41.0,0.0 flags=0 nparts=7 pmin=0.1 smin=0.0 ls=0,0,0,0
[19:27:05.183] [HOST] INFO: [deed] AUDIT hand=0.1432.11111.612.3788940544 isPlayer=1 set=1 sale=0 shop=0 public=0 desig=9 resident=0/0 town=0/1 interior=1 internals=0 doors=1/1/0 furn=0/0/0 canUse=1 home=1/1/0 stuff=1 wallet=19134 squads=2/0/0 cur=0/0 base=1/0 owner='204-gamedata.base' name='Small Shack'
[19:27:05.285] [HOST] INFO: [cam] center=-33784.0,137.6,-36398.3
[19:27:05.543] [HOST] INFO: [med] SEND hand=1,1932861312 npc=1 blood=234.2 bleed=0.00 fl=-131.8,78.4,86.0,86.0 bd=0.0,0.0,0.0,0.0 flags=1 nparts=7 pmin=44.6 smin=0.0 ls=0,0,0,0
[19:27:05.672] [HOST] INFO: [fac] AFFECT-EV me='1305-gamedata.base' whom='204-gamedata.base' event=1 mult=0.025 after=-10.85 skipped=229
[19:27:05.673] [HOST] INFO: [combat] CAP hand=1,1709716736 task=65024 tgt=1,47,830810560,1,612915008
[19:27:05.740] [HOST] INFO: [budget] pub avg=122us max=323us apply avg=16us max=89us frames=691 over2ms=0
[19:27:06.313] [HOST] INFO: [combat] stats snap=5 slide=1977 softWalk=2212 order=5 wrongTgt=0 armed=1 maxPersist=5
[19:27:06.528] [HOST] INFO: [med] SEND hand=1,612915008 npc=1 blood=35.4 bleed=0.00 fl=100.0,42.0,59.0,100.0 bd=0.0,58.0,41.0,0.0 flags=0 nparts=7 pmin=0.1 smin=0.0 ls=0,0,0,0
[19:27:06.566] [HOST] INFO: [med] SEND hand=1,1932861312 npc=1 blood=234.3 bleed=0.00 fl=-131.9,78.4,86.0,86.0 bd=0.0,0.0,0.0,0.0 flags=1 nparts=7 pmin=44.5 smin=0.0 ls=0,0,0,0
[19:27:06.834] [HOST] INFO: [med] SEND hand=1,1709716736 npc=0 blood=81.8 bleed=0.00 fl=100.0,100.0,100.0,100.0 bd=0.0,0.0,0.0,0.0 flags=0 nparts=7 pmin=54.0 smin=0.0 ls=0,0,0,0
[19:27:07.087] [HOST] INFO: [ai] suspended=0 driven=4
[19:27:07.123] [HOST] INFO: [cam] hint recv=-33790.3,137.3,-36430.9
[19:27:07.173] [HOST] INFO: [cell] MAP cells=1 slots=2 24,24=0
[19:27:07.239] [HOST] INFO: [med] SEND hand=1,1709716736 npc=0 blood=81.8 bleed=0.00 fl=100.0,100.0,100.0,100.0 bd=0.0,0.0,0.0,0.0 flags=0 nparts=7 pmin=54.0 smin=0.0 ls=0,0,0,0
[19:27:07.268] [HOST] INFO: [stats] RECV hand=1,2916870144 ok=1 str=6.5 dex=1.3 tough=11.6 stealth=1.3 athl=26.5 xp=0
[19:27:07.413] [HOST] INFO: [audit] exist near=1 wide=2 drv=0 cen=0 hid=0 ghost=0 supp=3 census=0 fresh=1 parks=48 nearCap=0 wideCap=0 staleMs=58929 edges=0 ghostMax=-1 ghostEdge=0 dorm=0 attnR=1000 dormPc=0 pcs=2 mine=2 skip=2 cells=1
[19:27:07.536] [HOST] INFO: [med] SEND hand=1,612915008 npc=1 blood=35.5 bleed=0.00 fl=100.0,42.0,59.0,100.0 bd=0.0,58.0,41.0,0.0 flags=0 nparts=7 pmin=0.1 smin=0.0 ls=0,0,0,0
[19:27:07.565] [HOST] INFO: [med] SEND hand=1,1932861312 npc=1 blood=234.3 bleed=0.00 fl=-132.1,78.4,86.0,86.0 bd=0.0,0.0,0.0,0.0 flags=1 nparts=7 pmin=44.5 smin=0.0 ls=0,0,0,0
[19:27:07.718] [HOST] INFO: [combat] order hand=1,2916870144 tgt=1,612915008 localFight=0 r=2 wait=0 n=6 seatbrk=1 forced=1
[19:27:08.379] [HOST] INFO: [combat] CAP hand=1,1709716736 task=65024 tgt=1,47,830810560,1,612915008
[19:27:08.567] [HOST] INFO: [med] SEND hand=1,1932861312 npc=1 blood=234.3 bleed=0.00 fl=-132.2,78.4,86.0,86.0 bd=0.0,0.0,0.0,0.0 flags=1 nparts=7 pmin=44.5 smin=0.0 ls=0,0,0,0
[19:27:08.954] [HOST] INFO: [inv] APPLY hand=1,2,2989257728,1,2916870144 items=10
[19:27:09.321] [HOST] INFO: [med] SEND hand=1,612915008 npc=1 blood=35.6 bleed=0.00 fl=100.0,42.1,59.1,100.0 bd=0.0,57.9,40.9,0.0 flags=0 nparts=7 pmin=0.1 smin=0.0 ls=0,0,0,0
[19:27:09.445] [HOST] INFO: [med] SEND hand=1,1709716736 npc=0 blood=81.8 bleed=0.00 fl=100.0,100.0,100.0,100.0 bd=0.0,0.0,0.0,0.0 flags=0 nparts=7 pmin=54.1 smin=0.0 ls=0,0,0,0
[19:27:09.446] [HOST] INFO: [interp] lerp=92451 extrap=5598 clamp=7 seg=940 single=158530 snapSq=532 snapNpc=0 reissueSq=829 reissueNpc=2124 restFlip=38 delay=135 jit=19.0 starve=0 snapMid=87 restFlipMid=31 haltDrv=0
[19:27:09.446] [HOST] INFO: [interp] worstZero hand=1,2916870144 zero=1055 active=13029 seg=86
[19:27:09.571] [HOST] INFO: [med] SEND hand=1,1932861312 npc=1 blood=234.3 bleed=0.00 fl=-132.3,78.4,86.0,86.0 bd=0.0,0.0,0.0,0.0 flags=1 nparts=7 pmin=44.5 smin=0.0 ls=0,0,0,0
[19:27:09.802] [HOST] INFO: [net] [net] bandwidth out=4.7 KB/s in=3.2 KB/s (window 5s)
[19:27:10.089] [HOST] INFO: [ai] suspended=0 driven=3
[19:27:10.197] [HOST] INFO: [deed] AUDIT hand=0.1432.11111.612.3788940544 isPlayer=1 set=1 sale=0 shop=0 public=0 desig=9 resident=0/0 town=0/1 interior=1 internals=0 doors=1/1/0 furn=0/0/0 canUse=1 home=1/1/0 stuff=1 wallet=19134 squads=2/0/0 cur=0/0 base=1/0 owner='204-gamedata.base' name='Small Shack'
[19:27:10.287] [HOST] INFO: [cam] center=-33784.0,137.6,-36398.3
[19:27:10.323] [HOST] INFO: [med] SEND hand=1,612915008 npc=1 blood=35.7 bleed=0.00 fl=100.0,42.1,59.1,100.0 bd=0.0,57.9,40.9,0.0 flags=0 nparts=7 pmin=0.2 smin=0.0 ls=0,0,0,0
[19:27:10.575] [HOST] INFO: [med] SEND hand=1,1932861312 npc=1 blood=234.3 bleed=0.00 fl=-132.5,78.4,86.0,86.0 bd=0.0,0.0,0.0,0.0 flags=1 nparts=7 pmin=44.5 smin=0.0 ls=0,0,0,0
[19:27:10.605] [HOST] INFO: [combat] CAP hand=1,1709716736 task=65024 tgt=1,47,830810560,1,612915008
[19:27:10.746] [HOST] INFO: [budget] pub avg=130us max=317us apply avg=16us max=78us frames=691 over2ms=0
[19:27:10.886] [HOST] INFO: [fac] AFFECT-EV me='1305-gamedata.base' whom='204-gamedata.base' event=1 mult=0.025 after=-11.10 skipped=204
[19:27:11.315] [HOST] INFO: [combat] stats snap=5 slide=1980 softWalk=2216 order=6 wrongTgt=0 armed=1 maxPersist=5
[19:27:11.643] [HOST] INFO: [med] SEND hand=1,612915008 npc=1 blood=35.8 bleed=0.00 fl=100.0,42.1,59.1,100.0 bd=0.0,57.9,40.9,0.0 flags=0 nparts=7 pmin=0.2 smin=0.0 ls=0,0,0,0
[19:27:11.770] [HOST] INFO: [med] SEND hand=1,1932861312 npc=1 blood=234.3 bleed=0.00 fl=-132.6,78.4,86.0,86.0 bd=0.0,0.0,0.0,0.0 flags=1 nparts=7 pmin=44.5 smin=0.0 ls=0,0,0,0
[19:27:12.172] [HOST] INFO: [cell] MAP cells=1 slots=2 24,24=0
[19:27:12.253] [HOST] INFO: [stats] RECV hand=1,2916870144 ok=1 str=6.5 dex=1.3 tough=11.6 stealth=1.3 athl=26.5 xp=0
[19:27:12.464] [HOST] INFO: [audit] exist near=1 wide=2 drv=0 cen=0 hid=0 ghost=0 supp=3 census=0 fresh=1 parks=48 nearCap=0 wideCap=0 staleMs=58929 edges=0 ghostMax=-1 ghostEdge=0 dorm=0 attnR=1000 dormPc=0 pcs=2 mine=2 skip=2 cells=1
[19:27:12.954] [HOST] INFO: [med] SEND hand=1,1932861312 npc=1 blood=234.3 bleed=0.00 fl=-132.8,78.4,86.0,86.0 bd=0.0,0.0,0.0,0.0 flags=1 nparts=7 pmin=44.4 smin=0.0 ls=0,0,0,0
[19:27:12.986] [HOST] INFO: [combat] CAP hand=1,1709716736 task=65024 tgt=1,47,830810560,1,612915008
[19:27:13.096] [HOST] INFO: [ai] suspended=0 driven=3
[19:27:13.209] [HOST] INFO: [cam] hint recv=-33790.3,137.3,-36430.9
[19:27:13.263] [HOST] INFO: [census] sent n=10 radius=2000 mid=1 anchors=2 a0=loaded:0 a1=loaded:10 enum=10 notmine=0 proxyrow=0 attnR=1000
[19:27:13.417] [HOST] INFO: [combat] HIT RECV id=6 hand=1,612915008 flesh=1.7 blood=0.0 applied=1
[19:27:13.959] [HOST] INFO: [med] SEND hand=1,1932861312 npc=1 blood=234.4 bleed=0.00 fl=-133.0,78.4,86.0,86.0 bd=0.0,0.0,0.0,0.0 flags=1 nparts=7 pmin=44.4 smin=0.0 ls=0,0,0,0
[19:27:13.960] [HOST] INFO: [inv] APPLY hand=1,2,2989257728,1,2916870144 items=10
[19:27:14.270] [HOST] INFO: [med] SEND hand=1,612915008 npc=1 blood=36.0 bleed=0.00 fl=100.0,42.2,59.2,100.0 bd=0.0,57.8,40.8,0.0 flags=0 nparts=7 pmin=0.0 smin=0.0 ls=0,0,0,0
[19:27:14.449] [HOST] INFO: [interp] lerp=93086 extrap=5618 clamp=7 seg=940 single=158530 snapSq=532 snapNpc=0 reissueSq=829 reissueNpc=2124 restFlip=38 delay=129 jit=12.0 starve=0 snapMid=87 restFlipMid=31 haltDrv=0
[19:27:14.449] [HOST] INFO: [interp] worstZero hand=1,2916870144 zero=1055 active=13029 seg=56
[19:27:14.863] [HOST] INFO: [net] [net] bandwidth out=4.7 KB/s in=3.1 KB/s (window 5s)
[19:27:14.961] [HOST] INFO: [med] SEND hand=1,1932861312 npc=1 blood=234.4 bleed=0.00 fl=-133.1,78.4,86.0,86.0 bd=0.0,0.0,0.0,0.0 flags=1 nparts=7 pmin=44.4 smin=0.0 ls=0,0,0,0
[19:27:15.143] [HOST] INFO: [census] recv n=0 culls=7
[19:27:15.216] [HOST] INFO: [deed] AUDIT hand=0.1432.11111.612.3788940544 isPlayer=1 set=1 sale=0 shop=0 public=0 desig=9 resident=0/0 town=0/1 interior=1 internals=0 doors=1/1/0 furn=0/0/0 canUse=1 home=1/1/0 stuff=1 wallet=19134 squads=2/0/0 cur=0/0 base=1/0 owner='204-gamedata.base' name='Small Shack'
[19:27:15.270] [HOST] INFO: [med] SEND hand=1,612915008 npc=1 blood=36.1 bleed=0.00 fl=100.0,42.2,59.2,100.0 bd=0.0,57.8,40.8,0.0 flags=0 nparts=7 pmin=0.0 smin=0.0 ls=0,0,0,0
[19:27:15.287] [HOST] INFO: [cam] center=-33784.0,137.6,-36398.3
[19:27:15.751] [HOST] INFO: [budget] pub avg=119us max=261us apply avg=17us max=56us frames=647 over2ms=0
[19:27:16.081] [HOST] INFO: [med] SEND hand=1,1932861312 npc=1 blood=234.4 bleed=0.00 fl=-133.3,78.4,86.0,86.0 bd=0.0,0.0,0.0,0.0 flags=1 nparts=7 pmin=44.4 smin=0.0 ls=0,0,0,0
[19:27:16.097] [HOST] INFO: [ai] suspended=0 driven=3
[19:27:16.110] [HOST] INFO: [fac] AFFECT-EV me='1305-gamedata.base' whom='204-gamedata.base' event=1 mult=0.025 after=-11.17 skipped=58
[19:27:16.112] [HOST] INFO: [combat] CAP hand=1,1709716736 task=65024 tgt=1,47,830810560,1,612915008
[19:27:16.321] [HOST] INFO: [combat] stats snap=5 slide=1983 softWalk=2221 order=6 wrongTgt=0 armed=1 maxPersist=5
[19:27:16.417] [HOST] INFO: [med] SEND hand=1,612915008 npc=1 blood=36.2 bleed=0.00 fl=100.0,42.2,59.2,100.0 bd=0.0,57.8,40.8,0.0 flags=0 nparts=7 pmin=0.0 smin=0.0 ls=0,0,0,0
[19:27:16.509] [HOST] INFO: [med] SEND hand=1,1709716736 npc=0 blood=81.8 bleed=0.00 fl=100.0,100.0,100.0,100.0 bd=0.0,0.0,0.0,0.0 flags=0 nparts=7 pmin=54.2 smin=0.0 ls=0,0,0,0
[19:27:17.179] [HOST] INFO: [cell] MAP cells=1 slots=2 24,24=0
[19:27:17.202] [HOST] INFO: [stats] RECV hand=1,2916870144 ok=1 str=6.5 dex=1.3 tough=11.6 stealth=1.3 athl=26.5 xp=0
[19:27:17.276] [HOST] INFO: [med] SEND hand=1,1932861312 npc=1 blood=234.4 bleed=0.00 fl=-133.4,78.4,86.0,86.0 bd=0.0,0.0,0.0,0.0 flags=1 nparts=7 pmin=44.4 smin=0.0 ls=0,0,0,0
[19:27:17.548] [HOST] INFO: [audit] exist near=1 wide=2 drv=0 cen=0 hid=0 ghost=0 supp=3 census=0 fresh=1 parks=48 nearCap=0 wideCap=0 staleMs=58929 edges=0 ghostMax=-1 ghostEdge=0 dorm=0 attnR=1000 dormPc=0 pcs=2 mine=2 skip=2 cells=1
[19:27:18.281] [HOST] INFO: [med] SEND hand=1,1932861312 npc=1 blood=234.4 bleed=0.00 fl=-133.6,78.4,86.0,86.0 bd=0.0,0.0,0.0,0.0 flags=1 nparts=7 pmin=44.4 smin=0.0 ls=0,0,0,0
[19:27:19.105] [HOST] INFO: [ai] suspended=0 driven=3
[19:27:19.105] [HOST] INFO: [inv] APPLY hand=1,2,2989257728,1,2916870144 items=10
[19:27:19.220] [HOST] INFO: [cam] hint recv=-33790.3,137.3,-36430.9
[19:27:19.440] [HOST] INFO: [med] SEND hand=1,1932861312 npc=1 blood=234.4 bleed=0.00 fl=-133.7,78.4,86.0,86.0 bd=0.0,0.0,0.0,0.0 flags=1 nparts=7 pmin=44.3 smin=0.0 ls=0,0,0,0
[19:27:19.456] [HOST] INFO: [interp] lerp=93736 extrap=5618 clamp=7 seg=940 single=158530 snapSq=532 snapNpc=0 reissueSq=829 reissueNpc=2124 restFlip=38 delay=197 jit=29.3 starve=0 snapMid=87 restFlipMid=31 haltDrv=0
[19:27:19.456] [HOST] INFO: [interp] worstZero hand=1,2916870144 zero=1055 active=13029 seg=60
[19:27:19.733] [HOST] INFO: [combat] CAP hand=1,1709716736 task=65024 tgt=1,47,830810560,1,612915008
[19:27:19.863] [HOST] INFO: [net] [net] bandwidth out=5.4 KB/s in=3.3 KB/s (window 5s)
[19:27:20.220] [HOST] INFO: [deed] AUDIT hand=0.1432.11111.612.3788940544 isPlayer=1 set=1 sale=0 shop=0 public=0 desig=9 resident=0/0 town=0/1 interior=1 internals=0 doors=1/1/0 furn=0/0/0 canUse=1 home=1/1/0 stuff=1 wallet=19134 squads=2/0/0 cur=0/0 base=1/0 owner='204-gamedata.base' name='Small Shack'
[19:27:20.285] [HOST] INFO: [cam] center=-33777.7,137.4,-36375.9
[19:27:20.432] [HOST] INFO: [med] SEND hand=1,612915008 npc=1 blood=36.5 bleed=0.00 fl=100.0,42.3,59.3,100.0 bd=0.0,57.7,40.7,0.0 flags=0 nparts=7 pmin=0.1 smin=0.0 ls=0,0,0,0
[19:27:20.432] [HOST] INFO: [combat] HIT RECV id=7 hand=1,612915008 flesh=1.7 blood=0.0 applied=1
[19:27:20.445] [HOST] INFO: [med] SEND hand=1,1932861312 npc=1 blood=234.4 bleed=0.00 fl=-134.0,78.4,86.0,86.0 bd=0.0,0.0,0.0,0.0 flags=1 nparts=7 pmin=44.3 smin=0.0 ls=0,0,0,0
[19:27:20.762] [HOST] INFO: [budget] pub avg=117us max=326us apply avg=17us max=143us frames=599 over2ms=0
[19:27:21.188] [HOST] INFO: [stats] RECV hand=1,2916870144 ok=1 str=6.6 dex=1.3 tough=11.6 stealth=1.3 athl=26.5 xp=0
[19:27:21.327] [HOST] INFO: [combat] stats snap=5 slide=1983 softWalk=2221 order=6 wrongTgt=0 armed=1 maxPersist=5
[19:27:21.434] [HOST] INFO: [med] SEND hand=1,612915008 npc=1 blood=36.5 bleed=0.00 fl=100.0,42.4,59.4,100.0 bd=0.0,57.6,40.6,0.0 flags=0 nparts=7 pmin=0.0 smin=0.0 ls=0,0,0,0
[19:27:21.446] [HOST] INFO: [med] SEND hand=1,1932861312 npc=1 blood=234.4 bleed=0.00 fl=-134.2,78.4,86.0,86.0 bd=0.0,0.0,0.0,0.0 flags=1 nparts=7 pmin=44.3 smin=0.0 ls=0,0,0,0
[19:27:21.597] [HOST] INFO: [fac] AFFECT-EV me='1305-gamedata.base' whom='204-gamedata.base' event=1 mult=0.025 after=-11.18 skipped=2
[19:27:21.740] [HOST] INFO: [combat] CAP hand=1,1709716736 task=65024 tgt=1,47,830810560,1,612915008
[19:27:22.111] [HOST] INFO: [ai] suspended=0 driven=3
[19:27:22.135] [HOST] INFO: [stats] RECV hand=1,2916870144 ok=1 str=6.6 dex=1.3 tough=11.6 stealth=1.3 athl=26.5 xp=0
[19:27:22.185] [HOST] INFO: [cell] MAP cells=1 slots=2 24,24=0
[19:27:22.447] [HOST] INFO: [med] SEND hand=1,1932861312 npc=1 blood=234.5 bleed=0.00 fl=-134.5,78.4,86.0,86.0 bd=0.0,0.0,0.0,0.0 flags=1 nparts=7 pmin=44.2 smin=0.0 ls=0,0,0,0
[19:27:22.568] [HOST] INFO: [audit] exist near=1 wide=2 drv=0 cen=0 hid=0 ghost=0 supp=3 census=0 fresh=1 parks=48 nearCap=0 wideCap=0 staleMs=58929 edges=0 ghostMax=-1 ghostEdge=0 dorm=0 attnR=1000 dormPc=0 pcs=2 mine=2 skip=2 cells=1
[19:27:23.310] [HOST] INFO: [census] sent n=10 radius=2000 mid=1 anchors=2 a0=loaded:0 a1=loaded:10 enum=10 notmine=0 proxyrow=0 attnR=1000
[19:27:23.524] [HOST] INFO: [med] SEND hand=1,1932861312 npc=1 blood=234.5 bleed=0.00 fl=-134.8,78.4,86.0,86.0 bd=0.0,0.0,0.0,0.0 flags=1 nparts=7 pmin=44.2 smin=0.0 ls=0,0,0,0
[19:27:23.624] [HOST] INFO: [combat] snap hand=1,2916870144 drift=20.5 srcVel=11.4 localFight=0 wrongTgt=0 arming=0 wait=0 seg=54 n=6
[19:27:23.958] [HOST] INFO: [combat] CAP hand=1,1709716736 task=65024 tgt=1,47,830810560,1,612915008
[19:27:23.971] [HOST] INFO: [inv] APPLY hand=1,2,2989257728,1,2916870144 items=10
[19:27:24.173] [HOST] INFO: [med] SEND hand=1,612915008 npc=1 blood=36.7 bleed=0.00 fl=100.0,42.4,59.4,100.0 bd=0.0,57.6,40.6,0.0 flags=0 nparts=7 pmin=0.1 smin=0.0 ls=0,0,0,0
[19:27:24.235] [HOST] INFO: [cam] hint recv=-33790.3,137.3,-36430.9
[19:27:24.469] [HOST] INFO: [interp] lerp=94151 extrap=5618 clamp=7 seg=940 single=158530 snapSq=532 snapNpc=0 reissueSq=829 reissueNpc=2124 restFlip=38 delay=129 jit=16.2 starve=0 snapMid=87 restFlipMid=31 haltDrv=0
[19:27:24.469] [HOST] INFO: [interp] worstZero hand=1,2916870144 zero=1055 active=13029 seg=51
[19:27:24.530] [HOST] INFO: [med] SEND hand=1,1932861312 npc=1 blood=234.5 bleed=0.00 fl=-135.1,78.4,86.0,86.0 bd=0.0,0.0,0.0,0.0 flags=1 nparts=7 pmin=44.2 smin=0.0 ls=0,0,0,0
[19:27:24.969] [HOST] INFO: [net] [net] bandwidth out=4.6 KB/s in=3.4 KB/s (window 5s)
[19:27:25.122] [HOST] INFO: [ai] suspended=0 driven=3
[19:27:25.180] [HOST] INFO: [med] SEND hand=1,612915008 npc=1 blood=36.8 bleed=0.00 fl=100.0,42.4,59.5,100.0 bd=0.0,57.6,40.5,0.0 flags=0 nparts=7 pmin=0.1 smin=0.0 ls=0,0,0,0
[19:27:25.254] [HOST] INFO: [deed] AUDIT hand=0.1432.11111.612.3788940544 isPlayer=1 set=1 sale=0 shop=0 public=0 desig=9 resident=0/0 town=0/1 interior=1 internals=0 doors=1/1/0 furn=0/0/0 canUse=1 home=1/1/0 stuff=1 wallet=19134 squads=2/0/0 cur=0/0 base=1/0 owner='204-gamedata.base' name='Small Shack'
[19:27:25.281] [HOST] INFO: [census] recv n=0 culls=7
[19:27:25.294] [HOST] INFO: [cam] center=-33784.6,137.3,-36400.5
[19:27:25.531] [HOST] INFO: [med] SEND hand=1,1932861312 npc=1 blood=234.5 bleed=0.00 fl=-135.3,78.4,86.0,86.0 bd=0.0,0.0,0.0,0.0 flags=1 nparts=7 pmin=44.1 smin=0.0 ls=0,0,0,0
[19:27:25.773] [HOST] INFO: [budget] pub avg=136us max=380us apply avg=20us max=154us frames=402 over2ms=0
[19:27:26.339] [HOST] INFO: [combat] stats snap=6 slide=1990 softWalk=2229 order=6 wrongTgt=0 armed=1 maxPersist=6
[19:27:26.536] [HOST] INFO: [med] SEND hand=1,1932861312 npc=1 blood=234.5 bleed=0.00 fl=-135.6,78.4,86.0,86.0 bd=0.0,0.0,0.0,0.0 flags=1 nparts=7 pmin=44.1 smin=0.0 ls=0,0,0,0
[19:27:26.547] [HOST] INFO: [med] SEND hand=1,612915008 npc=1 blood=36.9 bleed=0.00 fl=100.0,42.5,59.5,100.0 bd=0.0,57.5,40.5,0.0 flags=0 nparts=7 pmin=0.1 smin=0.0 ls=0,0,0,0
[19:27:26.626] [HOST] INFO: [fac] AFFECT-EV me='1305-gamedata.base' whom='204-gamedata.base' event=1 mult=0.025 after=-11.18 skipped=3
[19:27:26.632] [HOST] INFO: [combat] CAP hand=1,1709716736 task=65024 tgt=1,47,830810560,1,612915008
[19:27:26.850] [HOST] INFO: [med] SEND hand=1,1709716736 npc=0 blood=81.8 bleed=0.00 fl=100.0,100.0,100.0,100.0 bd=0.0,0.0,0.0,0.0 flags=0 nparts=7 pmin=54.5 smin=0.0 ls=0,0,0,0
[19:27:27.162] [HOST] INFO: [stats] RECV hand=1,2916870144 ok=1 str=6.6 dex=1.3 tough=11.6 stealth=1.3 athl=26.5 xp=0
[19:27:27.187] [HOST] INFO: [cell] MAP cells=1 slots=2 24,24=0
[19:27:27.543] [HOST] INFO: [med] SEND hand=1,1932861312 npc=1 blood=234.5 bleed=0.00 fl=-135.9,78.4,86.0,86.0 bd=0.0,0.0,0.0,0.0 flags=1 nparts=7 pmin=44.1 smin=0.0 ls=0,0,0,0
[19:27:27.555] [HOST] INFO: [med] SEND hand=1,612915008 npc=1 blood=37.0 bleed=0.00 fl=100.0,42.5,59.5,100.0 bd=0.0,57.5,40.5,0.0 flags=0 nparts=7 pmin=0.1 smin=0.0 ls=0,0,0,0
[19:27:27.642] [HOST] INFO: [audit] exist near=1 wide=2 drv=0 cen=0 hid=0 ghost=0 supp=3 census=0 fresh=1 parks=48 nearCap=0 wideCap=0 staleMs=58929 edges=0 ghostMax=-1 ghostEdge=0 dorm=0 attnR=1000 dormPc=0 pcs=2 mine=2 skip=2 cells=1
[19:27:28.136] [HOST] INFO: [ai] suspended=0 driven=3
[19:27:28.548] [HOST] INFO: [med] SEND hand=1,1932861312 npc=1 blood=234.5 bleed=0.00 fl=-136.2,78.4,86.0,86.0 bd=0.0,0.0,0.0,0.0 flags=1 nparts=7 pmin=44.1 smin=0.0 ls=0,0,0,0
[19:27:29.010] [HOST] INFO: [inv] APPLY hand=1,2,2989257728,1,2916870144 items=10
[19:27:29.252] [HOST] INFO: [cam] hint recv=-33790.3,137.3,-36430.9
[19:27:29.276] [HOST] INFO: [combat] CAP hand=1,1709716736 task=65024 tgt=1,47,830810560,1,612915008
[19:27:29.340] [HOST] INFO: [med] SEND hand=1,612915008 npc=1 blood=37.2 bleed=0.00 fl=100.0,42.6,59.6,100.0 bd=0.0,57.4,40.4,0.0 flags=0 nparts=7 pmin=0.1 smin=0.0 ls=0,0,0,0
[19:27:29.461] [HOST] INFO: [med] SEND hand=1,1709716736 npc=0 blood=81.8 bleed=0.00 fl=100.0,100.0,100.0,100.0 bd=0.0,0.0,0.0,0.0 flags=0 nparts=7 pmin=54.6 smin=0.0 ls=0,0,0,0
[19:27:29.476] [HOST] INFO: [interp] lerp=94549 extrap=5625 clamp=7 seg=940 single=158530 snapSq=532 snapNpc=0 reissueSq=829 reissueNpc=2124 restFlip=38 delay=137 jit=22.2 starve=0 snapMid=87 restFlipMid=31 haltDrv=0
[19:27:29.476] [HOST] INFO: [interp] worstZero hand=1,2916870144 zero=1055 active=13029 seg=55
[19:27:29.620] [HOST] INFO: [med] SEND hand=1,1932861312 npc=1 blood=234.5 bleed=0.00 fl=-136.4,78.4,86.0,86.0 bd=0.0,0.0,0.0,0.0 flags=1 nparts=7 pmin=44.0 smin=0.0 ls=0,0,0,0
[19:27:29.774] [HOST] INFO: [combat] snap hand=1,2916870144 drift=34.1 srcVel=27.2 localFight=0 wrongTgt=0 arming=0 wait=0 seg=53 n=7
[19:27:30.095] [HOST] INFO: [net] [net] bandwidth out=4.9 KB/s in=3.0 KB/s (window 5s)
[19:27:30.291] [HOST] INFO: [deed] AUDIT hand=0.1432.11111.612.3788940544 isPlayer=1 set=1 sale=0 shop=0 public=0 desig=9 resident=0/0 town=0/1 interior=1 internals=0 doors=1/1/0 furn=0/0/0 canUse=1 home=1/1/0 stuff=1 wallet=19134 squads=2/0/0 cur=0/0 base=1/0 owner='204-gamedata.base' name='Small Shack'
[19:27:30.292] [HOST] INFO: [cam] center=-33764.1,137.3,-36382.7
[19:27:30.316] [HOST] INFO: [door] rollup sent=0 (resend=0) recv=0 applied=0 nohand=0 converged=0 over=30s
[19:27:30.340] [HOST] INFO: [med] SEND hand=1,612915008 npc=1 blood=37.2 bleed=0.00 fl=100.0,42.6,59.6,100.0 bd=0.0,57.4,40.4,0.0 flags=0 nparts=7 pmin=0.2 smin=0.0 ls=0,0,0,0
[19:27:30.631] [HOST] INFO: [med] SEND hand=1,1932861312 npc=1 blood=234.6 bleed=0.00 fl=-136.7,78.4,86.0,86.0 bd=0.0,0.0,0.0,0.0 flags=1 nparts=7 pmin=44.0 smin=0.0 ls=0,0,0,0
[19:27:30.780] [HOST] INFO: [budget] pub avg=141us max=302us apply avg=19us max=60us frames=401 over2ms=0
[19:27:31.143] [HOST] INFO: [ai] suspended=0 driven=3
[19:27:31.277] [HOST] INFO: [combat] CAP hand=1,1709716736 task=65025 tgt=1,47,830810560,1,612915008
[19:27:31.344] [HOST] INFO: [combat] stats snap=7 slide=1999 softWalk=2258 order=6 wrongTgt=0 armed=1 maxPersist=7
[19:27:31.637] [HOST] INFO: [med] SEND hand=1,1932861312 npc=1 blood=234.6 bleed=0.00 fl=-137.0,78.4,86.0,86.0 bd=0.0,0.0,0.0,0.0 flags=1 nparts=7 pmin=44.0 smin=0.0 ls=0,0,0,0
[19:27:31.650] [HOST] INFO: [med] SEND hand=1,612915008 npc=1 blood=37.3 bleed=0.00 fl=100.0,42.6,59.6,100.0 bd=0.0,57.4,40.4,0.0 flags=0 nparts=7 pmin=0.2 smin=0.0 ls=0,0,0,0
[19:27:32.078] [HOST] INFO: [fac] AFFECT-EV me='1305-gamedata.base' whom='204-gamedata.base' event=1 mult=0.025 after=-11.18 skipped=13
[19:27:32.182] [HOST] INFO: [stats] RECV hand=1,2916870144 ok=1 str=6.6 dex=1.3 tough=11.6 stealth=1.3 athl=26.5 xp=0
[19:27:32.197] [HOST] INFO: [cell] MAP cells=1 slots=2 24,24=0
[19:27:32.645] [HOST] INFO: [med] SEND hand=1,1932861312 npc=1 blood=234.6 bleed=0.00 fl=-137.3,78.4,86.0,86.0 bd=0.0,0.0,0.0,0.0 flags=1 nparts=7 pmin=43.9 smin=0.0 ls=0,0,0,0
[19:27:32.717] [HOST] INFO: [audit] exist near=1 wide=2 drv=0 cen=0 hid=0 ghost=0 supp=3 census=0 fresh=1 parks=48 nearCap=0 wideCap=0 staleMs=58929 edges=0 ghostMax=-1 ghostEdge=0 dorm=0 attnR=1000 dormPc=0 pcs=2 mine=2 skip=2 cells=1
[19:27:33.288] [HOST] INFO: [combat] CAP hand=1,1709716736 task=65024 tgt=1,47,830810560,1,612915008
[19:27:33.356] [HOST] INFO: [census] sent n=10 radius=2000 mid=1 anchors=2 a0=loaded:0 a1=loaded:10 enum=10 notmine=0 proxyrow=0 attnR=1000
[19:27:33.559] [HOST] INFO: [med] SEND hand=1,612915008 npc=1 blood=37.5 bleed=0.00 fl=100.0,42.7,59.7,100.0 bd=0.0,57.3,40.3,0.0 flags=0 nparts=7 pmin=0.2 smin=0.0 ls=0,0,0,0
[19:27:33.597] [HOST] INFO: [taskkey] key=5 desc='Attacking target' repro=0 subject=1
[19:27:33.647] [HOST] INFO: [med] SEND hand=1,1932861312 npc=1 blood=234.6 bleed=0.00 fl=-137.5,78.4,86.0,86.0 bd=0.0,0.0,0.0,0.0 flags=1 nparts=7 pmin=43.9 smin=0.0 ls=0,0,0,0
[19:27:34.046] [HOST] INFO: [inv] APPLY hand=1,2,2989257728,1,2916870144 items=10
[19:27:34.145] [HOST] INFO: [ai] suspended=0 driven=3
[19:27:34.333] [HOST] INFO: [cam] hint recv=-33790.3,137.3,-36430.9
[19:27:34.483] [HOST] INFO: [interp] lerp=94952 extrap=5626 clamp=7 seg=940 single=158530 snapSq=532 snapNpc=0 reissueSq=829 reissueNpc=2124 restFlip=38 delay=131 jit=16.8 starve=0 snapMid=87 restFlipMid=31 haltDrv=0
[19:27:34.483] [HOST] INFO: [interp] worstZero hand=1,2916870144 zero=1055 active=13029 seg=63
[19:27:34.658] [HOST] INFO: [med] SEND hand=1,1932861312 npc=1 blood=234.6 bleed=0.00 fl=-137.8,78.4,86.0,86.0 bd=0.0,0.0,0.0,0.0 flags=1 nparts=7 pmin=43.9 smin=0.0 ls=0,0,0,0
[19:27:35.115] [HOST] INFO: [net] [net] bandwidth out=4.2 KB/s in=3.7 KB/s (window 5s)
[19:27:35.284] [HOST] INFO: [cam] center=-33777.1,137.3,-36363.7
[19:27:35.319] [HOST] INFO: [deed] AUDIT hand=0.1432.11111.612.3788940544 isPlayer=1 set=1 sale=0 shop=0 public=0 desig=9 resident=0/0 town=0/1 interior=1 internals=0 doors=1/1/0 furn=0/0/0 canUse=1 home=1/1/0 stuff=1 wallet=19134 squads=2/0/0 cur=0/0 base=1/0 owner='204-gamedata.base' name='Small Shack'
[19:27:35.359] [HOST] INFO: [census] recv n=0 culls=7
[19:27:35.667] [HOST] INFO: [med] SEND hand=1,1932861312 npc=1 blood=234.6 bleed=0.00 fl=-138.1,78.4,86.0,86.0 bd=0.0,0.0,0.0,0.0 flags=1 nparts=7 pmin=43.8 smin=0.0 ls=0,0,0,0
[19:27:35.793] [HOST] INFO: [budget] pub avg=153us max=377us apply avg=19us max=163us frames=406 over2ms=0
[19:27:36.352] [HOST] INFO: [combat] stats snap=7 slide=1999 softWalk=2269 order=6 wrongTgt=0 armed=1 maxPersist=7
[19:27:36.437] [HOST] INFO: [med] SEND hand=1,612915008 npc=1 blood=37.7 bleed=0.00 fl=100.0,42.7,59.7,100.0 bd=0.0,57.3,40.3,0.0 flags=0 nparts=7 pmin=0.3 smin=0.0 ls=0,0,0,0
[19:27:36.521] [HOST] INFO: [med] SEND hand=1,1709716736 npc=0 blood=81.8 bleed=0.00 fl=100.0,100.0,100.0,100.0 bd=0.0,0.0,0.0,0.0 flags=0 nparts=7 pmin=54.7 smin=0.0 ls=0,0,0,0
[19:27:36.666] [HOST] INFO: [med] SEND hand=1,1932861312 npc=1 blood=234.6 bleed=0.00 fl=-138.4,78.4,86.0,86.0 bd=0.0,0.0,0.0,0.0 flags=1 nparts=7 pmin=43.8 smin=0.0 ls=0,0,0,0
[19:27:37.079] [HOST] INFO: [combat] HIT RECV id=8 hand=1,612915008 flesh=15.2 blood=7.3 applied=1
[19:27:37.152] [HOST] INFO: [ai] suspended=0 driven=3
[19:27:37.156] [HOST] INFO: [fac] AFFECT-EV me='1305-gamedata.base' whom='204-gamedata.base' event=1 mult=0.025 after=-11.29 skipped=99
[19:27:37.162] [HOST] INFO: [combat] CAP hand=1,1709716736 task=65024 tgt=1,47,830810560,1,612915008
[19:27:37.186] [HOST] INFO: [stats] RECV hand=1,2916870144 ok=1 str=6.6 dex=1.3 tough=11.6 stealth=1.3 athl=26.5 xp=0
[19:27:37.201] [HOST] INFO: [cell] MAP cells=1 slots=2 24,24=0
[19:27:37.437] [HOST] INFO: [med] SEND hand=1,612915008 npc=1 blood=30.5 bleed=0.00 fl=100.0,42.8,59.8,100.0 bd=0.0,57.2,40.2,0.0 flags=0 nparts=7 pmin=0.0 smin=0.0 ls=0,0,0,0
[19:27:37.669] [HOST] INFO: [med] SEND hand=1,1932861312 npc=1 blood=234.6 bleed=0.00 fl=-138.6,78.4,86.0,86.0 bd=0.0,0.0,0.0,0.0 flags=1 nparts=7 pmin=43.8 smin=0.0 ls=0,0,0,0
[19:27:37.764] [HOST] INFO: [audit] exist near=1 wide=2 drv=0 cen=0 hid=0 ghost=0 supp=3 census=0 fresh=1 parks=48 nearCap=0 wideCap=0 staleMs=58929 edges=0 ghostMax=-1 ghostEdge=0 dorm=0 attnR=1000 dormPc=0 pcs=2 mine=2 skip=2 cells=1
[19:27:38.436] [HOST] INFO: [med] SEND hand=1,612915008 npc=1 blood=30.6 bleed=0.00 fl=100.0,42.8,59.8,100.0 bd=0.0,57.2,40.2,0.0 flags=0 nparts=7 pmin=0.0 smin=0.0 ls=0,0,0,0
[19:27:38.680] [HOST] INFO: [med] SEND hand=1,1932861312 npc=1 blood=234.7 bleed=0.00 fl=-138.9,78.4,86.0,86.0 bd=0.0,0.0,0.0,0.0 flags=1 nparts=7 pmin=43.7 smin=0.0 ls=0,0,0,0
[19:27:38.729] [HOST] INFO: [combat] HIT RECV id=9 hand=1,612915008 flesh=1.7 blood=0.0 applied=1
[19:27:38.992] [HOST] INFO: [inv] APPLY hand=1,2,2989257728,1,2916870144 items=10
[19:27:39.211] [HOST] INFO: [combat] HIT RECV id=10 hand=1,612915008 flesh=15.2 blood=7.3 applied=1
[19:27:39.448] [HOST] INFO: [med] SEND hand=1,612915008 npc=1 blood=23.3 bleed=0.00 fl=100.0,42.8,59.8,100.0 bd=0.0,57.2,40.2,0.0 flags=0 nparts=7 pmin=0.0 smin=0.0 ls=0,0,0,0
[19:27:39.486] [HOST] INFO: [interp] lerp=95345 extrap=5637 clamp=7 seg=940 single=158530 snapSq=532 snapNpc=0 reissueSq=829 reissueNpc=2124 restFlip=38 delay=153 jit=22.0 starve=0 snapMid=87 restFlipMid=31 haltDrv=0
[19:27:39.486] [HOST] INFO: [interp] worstZero hand=1,2916870144 zero=1055 active=13029 seg=54
[19:27:39.683] [HOST] INFO: [med] SEND hand=1,1932861312 npc=1 blood=234.7 bleed=0.00 fl=-139.2,78.4,86.0,86.0 bd=0.0,0.0,0.0,0.0 flags=1 nparts=7 pmin=43.7 smin=0.0 ls=0,0,0,0
[19:27:40.160] [HOST] INFO: [net] [net] bandwidth out=5.3 KB/s in=3.2 KB/s (window 5s)
[19:27:40.161] [HOST] INFO: [ai] suspended=0 driven=3
[19:27:40.173] [HOST] INFO: [stats] RECV hand=1,2916870144 ok=1 str=6.6 dex=1.3 tough=11.6 stealth=1.3 athl=26.5 xp=0
[19:27:40.237] [HOST] INFO: [combat] CAP hand=1,1709716736 task=65024 tgt=1,47,830810560,1,612915008
[19:27:40.290] [HOST] INFO: [cam] center=-33791.5,137.3,-36339.8
[19:27:40.314] [HOST] INFO: [cam] hint recv=-33780.6,137.3,-36384.2
[19:27:40.347] [HOST] INFO: [deed] AUDIT hand=0.1432.11111.612.3788940544 isPlayer=1 set=1 sale=0 shop=0 public=0 desig=9 resident=0/0 town=0/1 interior=1 internals=0 doors=1/1/0 furn=0/0/0 canUse=1 home=1/1/0 stuff=1 wallet=19134 squads=2/0/0 cur=0/0 base=1/0 owner='204-gamedata.base' name='Small Shack'
[19:27:40.693] [HOST] INFO: [med] SEND hand=1,1932861312 npc=1 blood=234.7 bleed=0.00 fl=-139.4,78.4,86.0,86.0 bd=0.0,0.0,0.0,0.0 flags=1 nparts=7 pmin=43.7 smin=0.0 ls=0,0,0,0
[19:27:40.800] [HOST] INFO: [budget] pub avg=152us max=306us apply avg=19us max=74us frames=406 over2ms=0
[19:27:40.848] [HOST] INFO: [inv] resent 12 unchanged snapshot(s) in 60s
[19:27:40.900] [HOST] INFO: [med] SEND hand=1,612915008 npc=1 blood=23.4 bleed=0.00 fl=100.0,42.8,59.9,100.0 bd=0.0,57.2,40.1,0.0 flags=0 nparts=7 pmin=0.0 smin=0.0 ls=0,0,0,0
[19:27:41.364] [HOST] INFO: [combat] stats snap=7 slide=2000 softWalk=2320 order=6 wrongTgt=0 armed=1 maxPersist=7
[19:27:41.696] [HOST] INFO: [med] SEND hand=1,1932861312 npc=1 blood=234.7 bleed=0.00 fl=-139.7,78.4,86.0,86.0 bd=0.0,0.0,0.0,0.0 flags=1 nparts=7 pmin=43.6 smin=0.0 ls=0,0,0,0
[19:27:42.202] [HOST] INFO: [cell] MAP cells=1 slots=2 24,24=0
[19:27:42.488] [HOST] INFO: [med] SEND hand=1,612915008 npc=1 blood=23.5 bleed=0.00 fl=100.0,42.9,59.9,100.0 bd=0.0,57.1,40.1,0.0 flags=0 nparts=7 pmin=0.1 smin=0.0 ls=0,0,0,0
[19:27:42.506] [HOST] INFO: [fac] AFFECT-EV me='1305-gamedata.base' whom='204-gamedata.base' event=0 mult=0.025 after=-11.33 skipped=76
[19:27:42.550] [HOST] INFO: [combat] CAP hand=1,1709716736 task=65024 tgt=1,47,830810560,1,612915008
[19:27:42.699] [HOST] INFO: [med] SEND hand=1,1932861312 npc=1 blood=234.7 bleed=0.00 fl=-140.0,78.4,86.0,86.0 bd=0.0,0.0,0.0,0.0 flags=1 nparts=7 pmin=43.6 smin=0.0 ls=0,0,0,0
[19:27:42.848] [HOST] INFO: [audit] exist near=1 wide=3 drv=0 cen=0 hid=0 ghost=0 supp=3 census=0 fresh=1 parks=48 nearCap=0 wideCap=0 staleMs=58929 edges=0 ghostMax=-1 ghostEdge=0 dorm=0 attnR=1000 dormPc=0 pcs=2 mine=3 skip=3 cells=1
[19:27:43.165] [HOST] INFO: [ai] suspended=0 driven=3
[19:27:43.409] [HOST] INFO: [census] sent n=10 radius=2000 mid=1 anchors=2 a0=loaded:8 a1=loaded:2 enum=10 notmine=0 proxyrow=0 attnR=1000
[19:27:43.521] [HOST] INFO: [combat] HIT RECV id=11 hand=1,612915008 flesh=15.2 blood=7.3 applied=1
[19:27:43.535] [HOST] INFO: [med] SEND hand=1,612915008 npc=1 blood=16.2 bleed=0.00 fl=100.0,42.9,59.9,100.0 bd=0.0,57.1,40.1,0.0 flags=0 nparts=7 pmin=0.0 smin=0.0 ls=0,0,0,0
[19:27:43.709] [HOST] INFO: [med] SEND hand=1,1932861312 npc=1 blood=234.7 bleed=0.00 fl=-140.3,78.4,86.0,86.0 bd=0.0,0.0,0.0,0.0 flags=1 nparts=7 pmin=43.6 smin=0.0 ls=0,0,0,0
[19:27:44.026] [HOST] INFO: [inv] APPLY hand=1,2,2989257728,1,2916870144 items=10
[19:27:44.494] [HOST] INFO: [interp] lerp=95745 extrap=5637 clamp=7 seg=940 single=158530 snapSq=532 snapNpc=0 reissueSq=829 reissueNpc=2124 restFlip=38 delay=105 jit=11.9 starve=0 snapMid=87 restFlipMid=31 haltDrv=0
[19:27:44.494] [HOST] INFO: [interp] worstZero hand=1,2916870144 zero=1055 active=13029 seg=55
[19:27:44.541] [HOST] INFO: [med] SEND hand=1,612915008 npc=1 blood=16.3 bleed=0.00 fl=100.0,42.9,59.9,100.0 bd=0.0,57.1,40.1,0.0 flags=0 nparts=7 pmin=0.0 smin=0.0 ls=0,0,0,0
[19:27:44.554] [HOST] INFO: [combat] CAP hand=1,1709716736 task=65024 tgt=1,47,830810560,1,612915008
[19:27:44.719] [HOST] INFO: [med] SEND hand=1,1932861312 npc=1 blood=234.7 bleed=0.00 fl=-140.5,78.4,86.0,86.0 bd=0.0,0.0,0.0,0.0 flags=1 nparts=7 pmin=43.5 smin=0.0 ls=0,0,0,0
[19:27:45.152] [HOST] INFO: [stats] RECV hand=1,2916870144 ok=1 str=6.6 dex=1.3 tough=11.7 stealth=1.3 athl=26.5 xp=0
[19:27:45.282] [HOST] INFO: [cam] center=-33741.3,137.5,-36322.4
[19:27:45.320] [HOST] INFO: [cam] hint recv=-33780.6,137.3,-36384.2
[19:27:45.381] [HOST] INFO: [deed] AUDIT hand=0.1432.11111.612.3788940544 isPlayer=1 set=1 sale=0 shop=0 public=0 desig=9 resident=0/0 town=0/1 interior=1 internals=0 doors=1/1/0 furn=0/0/0 canUse=1 home=1/1/0 stuff=1 wallet=19134 squads=2/0/0 cur=0/0 base=1/0 owner='204-gamedata.base' name='Small Shack'
[19:27:45.408] [HOST] INFO: [net] [net] bandwidth out=4.1 KB/s in=3.3 KB/s (window 5s)
[19:27:45.802] [HOST] INFO: [budget] pub avg=153us max=431us apply avg=20us max=132us frames=396 over2ms=0
[19:27:45.836] [HOST] INFO: [med] SEND hand=1,1932861312 npc=1 blood=234.8 bleed=0.00 fl=-140.8,78.4,86.0,86.0 bd=0.0,0.0,0.0,0.0 flags=1 nparts=7 pmin=43.5 smin=0.0 ls=0,0,0,0
[19:27:46.167] [HOST] INFO: [ai] suspended=0 driven=3
[19:27:46.321] [HOST] INFO: [census] recv n=0 culls=7
[19:27:46.369] [HOST] INFO: [combat] stats snap=7 slide=2002 softWalk=2342 order=6 wrongTgt=0 armed=1 maxPersist=7
[19:27:46.546] [HOST] INFO: [med] SEND hand=1,612915008 npc=1 blood=16.5 bleed=0.00 fl=100.0,43.0,60.0,100.0 bd=0.0,57.0,40.0,0.0 flags=0 nparts=7 pmin=0.0 smin=0.0 ls=0,0,0,0
[19:27:46.558] [HOST] INFO: [combat] CAP hand=1,1709716736 task=65024 tgt=1,47,830810560,1,612915008
[19:27:46.846] [HOST] INFO: [med] SEND hand=1,1709716736 npc=0 blood=81.8 bleed=0.00 fl=100.0,100.0,100.0,100.0 bd=0.0,0.0,0.0,0.0 flags=0 nparts=7 pmin=55.0 smin=0.0 ls=0,0,0,0
[19:27:46.846] [HOST] INFO: [med] SEND hand=1,1932861312 npc=1 blood=234.8 bleed=0.00 fl=-140.9,78.4,86.0,86.0 bd=0.0,0.0,0.0,0.0 flags=1 nparts=7 pmin=43.5 smin=0.0 ls=0,0,0,0
[19:27:47.190] [HOST] INFO: [combat] HIT RECV id=12 hand=1,612915008 flesh=15.2 blood=7.3 applied=1
[19:27:47.204] [HOST] INFO: [cell] MAP cells=1 slots=2 24,24=0
[19:27:47.558] [HOST] INFO: [med] SEND hand=1,612915008 npc=1 blood=9.2 bleed=0.00 fl=100.0,43.0,60.0,100.0 bd=0.0,57.0,40.0,0.0 flags=0 nparts=7 pmin=0.0 smin=0.0 ls=0,0,0,0
[19:27:47.719] [HOST] INFO: [fac] AFFECT-EV me='1305-gamedata.base' whom='204-gamedata.base' event=1 mult=0.025 after=-11.42 skipped=113
[19:27:47.856] [HOST] INFO: [med] SEND hand=1,1932861312 npc=1 blood=234.8 bleed=0.00 fl=-141.0,78.4,86.0,86.0 bd=0.0,0.0,0.0,0.0 flags=1 nparts=7 pmin=43.5 smin=0.0 ls=0,0,0,0
[19:27:47.881] [HOST] INFO: [audit] exist near=1 wide=3 drv=0 cen=0 hid=0 ghost=0 supp=3 census=0 fresh=1 parks=48 nearCap=0 wideCap=0 staleMs=58929 edges=0 ghostMax=-1 ghostEdge=0 dorm=0 attnR=1000 dormPc=0 pcs=2 mine=3 skip=3 cells=1
[19:27:48.562] [HOST] INFO: [combat] CAP hand=1,1709716736 task=65024 tgt=1,47,830810560,1,612915008
[19:27:48.749] [HOST] INFO: [med] SEND hand=1,612915008 npc=1 blood=6.3 bleed=0.02 fl=100.0,43.0,40.0,100.0 bd=0.0,57.0,39.9,0.0 flags=0 nparts=7 pmin=0.0 smin=0.0 ls=0,0,0,0
[19:27:48.749] [HOST] INFO: [stats] SEND hand=1,1709716736 str=9.1 dex=5.7 tough=11.4 stealth=1.7 athl=19.5 xp=0 fap=0
[19:27:48.856] [HOST] INFO: [med] SEND hand=1,1932861312 npc=1 blood=234.8 bleed=0.00 fl=-141.2,78.4,86.0,86.0 bd=0.0,0.0,0.0,0.0 flags=1 nparts=7 pmin=43.5 smin=0.0 ls=0,0,0,0
[19:27:48.997] [HOST] INFO: [inv] APPLY hand=1,2,2989257728,1,2916870144 items=10
[19:27:49.168] [HOST] INFO: [ai] suspended=0 driven=3
[19:27:49.455] [HOST] INFO: [med] SEND hand=1,1709716736 npc=0 blood=81.8 bleed=0.00 fl=100.0,100.0,100.0,100.0 bd=0.0,0.0,0.0,0.0 flags=0 nparts=7 pmin=55.1 smin=0.0 ls=0,0,0,0
[19:27:49.505] [HOST] INFO: [interp] lerp=96149 extrap=5641 clamp=7 seg=940 single=158530 snapSq=532 snapNpc=0 reissueSq=829 reissueNpc=2124 restFlip=38 delay=95 jit=8.2 starve=0 snapMid=87 restFlipMid=31 haltDrv=0
[19:27:49.505] [HOST] INFO: [interp] worstZero hand=1,2916870144 zero=1055 active=13029 seg=55
[19:27:49.756] [HOST] INFO: [med] SEND hand=1,612915008 npc=1 blood=6.3 bleed=0.02 fl=100.0,43.1,40.1,100.0 bd=0.0,56.9,39.9,0.0 flags=0 nparts=7 pmin=0.0 smin=0.0 ls=0,0,0,0
[19:27:49.864] [HOST] INFO: [med] SEND hand=1,1709716736 npc=0 blood=81.8 bleed=0.00 fl=100.0,100.0,100.0,100.0 bd=0.0,0.0,0.0,0.0 flags=0 nparts=7 pmin=55.1 smin=0.0 ls=0,0,0,0
[19:27:49.864] [HOST] INFO: [med] SEND hand=1,1932861312 npc=1 blood=234.8 bleed=0.00 fl=-141.3,78.4,86.0,86.0 bd=0.0,0.0,0.0,0.0 flags=1 nparts=7 pmin=43.4 smin=0.0 ls=0,0,0,0
[19:27:50.191] [HOST] INFO: [stats] RECV hand=1,2916870144 ok=1 str=6.6 dex=1.3 tough=11.7 stealth=1.3 athl=26.5 xp=0
[19:27:50.283] [HOST] INFO: [cam] center=-33722.9,137.6,-36348.9
[19:27:50.336] [HOST] INFO: [cam] hint recv=-33756.5,137.4,-36335.2
[19:27:50.405] [HOST] INFO: [deed] AUDIT hand=0.1432.11111.612.3788940544 isPlayer=1 set=1 sale=0 shop=0 public=0 desig=9 resident=0/0 town=0/1 interior=1 internals=0 doors=1/1/0 furn=0/0/0 canUse=1 home=1/1/0 stuff=1 wallet=19134 squads=2/0/0 cur=0/0 base=1/0 owner='204-gamedata.base' name='Small Shack'
[19:27:50.569] [HOST] INFO: [combat] CAP hand=1,1709716736 task=65024 tgt=1,47,830810560,1,612915008
[19:27:50.769] [HOST] INFO: [med] SEND hand=1,612915008 npc=1 blood=6.3 bleed=0.01 fl=100.0,43.1,40.1,100.0 bd=0.0,56.9,39.9,0.0 flags=0 nparts=7 pmin=0.1 smin=0.0 ls=0,0,0,0
[19:27:50.808] [HOST] INFO: [budget] pub avg=151us max=359us apply avg=20us max=93us frames=413 over2ms=0
[19:27:50.866] [HOST] INFO: [med] SEND hand=1,1932861312 npc=1 blood=234.8 bleed=0.00 fl=-141.4,78.4,86.0,86.0 bd=0.0,0.0,0.0,0.0 flags=1 nparts=7 pmin=43.4 smin=0.0 ls=0,0,0,0
[19:27:51.007] [HOST] INFO: [combat] snap hand=1,2916870144 drift=36.1 srcVel=9.7 localFight=0 wrongTgt=0 arming=0 wait=0 seg=55 n=8
[19:27:51.165] [HOST] INFO: [stats] RECV hand=1,2916870144 ok=1 str=6.6 dex=1.3 tough=11.7 stealth=1.3 athl=26.5 xp=0
[19:27:51.375] [HOST] INFO: [combat] stats snap=8 slide=2017 softWalk=2372 order=6 wrongTgt=0 armed=1 maxPersist=8
[19:27:51.516] [HOST] INFO: [net] [net] bandwidth out=3.9 KB/s in=3.4 KB/s (window 6s)
[19:27:51.774] [HOST] INFO: [med] SEND hand=1,612915008 npc=1 blood=6.2 bleed=0.01 fl=100.0,43.1,40.1,100.0 bd=0.0,56.9,39.9,0.0 flags=0 nparts=7 pmin=0.1 smin=0.0 ls=0,0,0,0
[19:27:51.877] [HOST] INFO: [med] SEND hand=1,1932861312 npc=1 blood=234.8 bleed=0.00 fl=-141.6,78.4,86.0,86.0 bd=0.0,0.0,0.0,0.0 flags=1 nparts=7 pmin=43.4 smin=0.0 ls=0,0,0,0
[19:27:52.177] [HOST] INFO: [ai] suspended=0 driven=3
[19:27:52.212] [HOST] INFO: [cell] MAP cells=1 slots=2 24,24=0
[19:27:52.579] [HOST] INFO: [combat] CAP hand=1,1709716736 task=65025 tgt=1,47,830810560,1,612915008
[19:27:52.870] [HOST] INFO: [fac] AFFECT-EV me='1305-gamedata.base' whom='204-gamedata.base' event=0 mult=0.025 after=-11.44 skipped=51
[19:27:52.877] [HOST] INFO: [med] SEND hand=1,1932861312 npc=1 blood=234.9 bleed=0.00 fl=-141.8,78.4,86.0,86.0 bd=0.0,0.0,0.0,0.0 flags=1 nparts=7 pmin=43.4 smin=0.0 ls=0,0,0,0
[19:27:52.931] [HOST] INFO: [audit] exist near=1 wide=3 drv=0 cen=0 hid=0 ghost=0 supp=3 census=0 fresh=1 parks=48 nearCap=0 wideCap=0 staleMs=58929 edges=0 ghostMax=-1 ghostEdge=0 dorm=0 attnR=1000 dormPc=0 pcs=2 mine=3 skip=3 cells=1
[19:27:53.464] [HOST] INFO: [census] sent n=10 radius=2000 mid=1 anchors=2 a0=loaded:9 a1=loaded:1 enum=10 notmine=0 proxyrow=0 attnR=1000
[19:27:53.885] [HOST] INFO: [med] SEND hand=1,1932861312 npc=1 blood=234.9 bleed=0.00 fl=-141.9,78.4,86.0,86.0 bd=0.0,0.0,0.0,0.0 flags=1 nparts=7 pmin=43.4 smin=0.0 ls=0,0,0,0
[19:27:54.063] [HOST] INFO: [inv] APPLY hand=1,2,2989257728,1,2916870144 items=10
[19:27:54.513] [HOST] INFO: [interp] lerp=96543 extrap=5663 clamp=7 seg=940 single=158530 snapSq=532 snapNpc=0 reissueSq=829 reissueNpc=2124 restFlip=38 delay=171 jit=34.3 starve=0 snapMid=87 restFlipMid=31 haltDrv=0
[19:27:54.513] [HOST] INFO: [interp] worstZero hand=1,2916870144 zero=1055 active=13029 seg=48
[19:27:54.585] [HOST] INFO: [combat] CAP hand=1,1709716736 task=65024 tgt=1,47,830810560,1,612915008
[19:27:54.887] [HOST] INFO: [med] SEND hand=1,1932861312 npc=1 blood=234.9 bleed=0.00 fl=-142.0,78.4,86.0,86.0 bd=0.0,0.0,0.0,0.0 flags=1 nparts=7 pmin=43.4 smin=0.0 ls=0,0,0,0
[19:27:55.181] [HOST] INFO: [ai] suspended=0 driven=3
[19:27:55.290] [HOST] INFO: [cam] center=-33723.6,137.6,-36338.8
[19:27:55.443] [HOST] INFO: [deed] AUDIT hand=0.1432.11111.612.3788940544 isPlayer=1 set=1 sale=0 shop=0 public=0 desig=9 resident=0/0 town=0/1 interior=1 internals=0 doors=1/1/0 furn=0/0/0 canUse=1 home=1/1/0 stuff=1 wallet=19134 squads=2/0/0 cur=0/0 base=1/0 owner='204-gamedata.base' name='Small Shack'
[19:27:55.445] [HOST] INFO: [cam] hint recv=-33756.5,137.4,-36335.2
[19:27:55.815] [HOST] INFO: [budget] pub avg=144us max=371us apply avg=20us max=180us frames=417 over2ms=0
[19:27:55.890] [HOST] INFO: [med] SEND hand=1,1932861312 npc=1 blood=234.9 bleed=0.00 fl=-142.2,78.4,86.0,86.0 bd=0.0,0.0,0.0,0.0 flags=1 nparts=7 pmin=43.3 smin=0.0 ls=0,0,0,0
[19:27:56.206] [HOST] INFO: [stats] RECV hand=1,2916870144 ok=1 str=6.6 dex=1.3 tough=11.7 stealth=1.3 athl=26.5 xp=0
[19:27:56.381] [HOST] INFO: [combat] stats snap=8 slide=2017 softWalk=2392 order=6 wrongTgt=0 armed=1 maxPersist=8
[19:27:56.406] [HOST] INFO: [census] recv n=0 culls=7
[19:27:56.527] [HOST] INFO: [med] SEND hand=1,1709716736 npc=0 blood=81.8 bleed=0.00 fl=100.0,100.0,100.0,100.0 bd=0.0,0.0,0.0,0.0 flags=0 nparts=7 pmin=55.2 smin=0.0 ls=0,0,0,0
[19:27:56.537] [HOST] INFO: [net] [net] bandwidth out=6.3 KB/s in=3.4 KB/s (window 5s)
[19:27:56.587] [HOST] INFO: [combat] CAP hand=1,1709716736 task=65024 tgt=1,47,830810560,1,612915008
[19:27:56.893] [HOST] INFO: [med] SEND hand=1,1932861312 npc=1 blood=234.9 bleed=0.00 fl=-142.3,78.4,86.0,86.0 bd=0.0,0.0,0.0,0.0 flags=1 nparts=7 pmin=43.3 smin=0.0 ls=0,0,0,0
[19:27:57.215] [HOST] INFO: [cell] MAP cells=1 slots=2 24,24=0
[19:27:57.826] [HOST] INFO: [combat] HIT RECV id=13 hand=1,612915008 flesh=15.2 blood=7.3 applied=1
[19:27:57.847] [HOST] INFO: [event] SEND id=39 ev=1 hand=1,47,830810560,1,612915008 actor=1,1709716736 bs 0->1
[19:27:57.995] [HOST] INFO: [audit] exist near=1 wide=3 drv=0 cen=0 hid=0 ghost=0 supp=3 census=0 fresh=1 parks=48 nearCap=0 wideCap=0 staleMs=58929 edges=0 ghostMax=-1 ghostEdge=0 dorm=0 attnR=1000 dormPc=0 pcs=2 mine=3 skip=3 cells=1
[19:27:58.081] [HOST] INFO: [med] SEND hand=1,1932861312 npc=1 blood=234.9 bleed=0.00 fl=-142.5,78.4,86.0,86.0 bd=0.0,0.0,0.0,0.0 flags=1 nparts=7 pmin=43.3 smin=0.0 ls=0,0,0,0
[19:27:58.188] [HOST] INFO: [ai] suspended=0 driven=3
[19:27:58.336] [HOST] INFO: [fac] AFFECT-EV me='1305-gamedata.base' whom='204-gamedata.base' event=0 mult=0.025 after=-11.55 skipped=44
[19:27:58.780] [HOST] INFO: [med] SEND hand=1,612915008 npc=1 blood=-3.0 bleed=0.02 fl=100.0,43.3,40.3,80.0 bd=0.0,56.7,39.7,0.0 flags=1 nparts=7 pmin=0.0 smin=0.0 ls=0,0,0,0
[19:27:58.997] [HOST] INFO: [inv] APPLY hand=1,2,2989257728,1,2916870144 items=10
[19:27:59.086] [HOST] INFO: [med] SEND hand=1,1932861312 npc=1 blood=234.9 bleed=0.00 fl=-142.6,78.4,86.0,86.0 bd=0.0,0.0,0.0,0.0 flags=1 nparts=7 pmin=43.3 smin=0.0 ls=0,0,0,0
[19:27:59.517] [HOST] INFO: [interp] lerp=97074 extrap=5667 clamp=7 seg=940 single=158532 snapSq=532 snapNpc=0 reissueSq=829 reissueNpc=2124 restFlip=38 delay=183 jit=20.8 starve=0 snapMid=87 restFlipMid=31 haltDrv=0
[19:27:59.517] [HOST] INFO: [interp] worstZero hand=1,2916870144 zero=1055 active=13029 seg=51
[19:27:59.782] [HOST] INFO: [med] SEND hand=1,612915008 npc=1 blood=-3.1 bleed=0.01 fl=100.0,43.3,40.3,80.0 bd=0.0,56.7,39.7,0.0 flags=1 nparts=7 pmin=0.0 smin=0.0 ls=0,0,0,0
[19:28:00.129] [HOST] INFO: [med] SEND hand=1,1932861312 npc=1 blood=234.9 bleed=0.00 fl=-142.8,78.4,86.0,86.0 bd=0.0,0.0,0.0,0.0 flags=1 nparts=7 pmin=43.3 smin=0.0 ls=0,0,0,0
[19:28:00.288] [HOST] INFO: [cam] center=-33713.4,137.6,-36349.6
[19:28:00.317] [HOST] INFO: [door] rollup sent=0 (resend=0) recv=0 applied=0 nohand=0 converged=0 over=30s
[19:28:00.466] [HOST] INFO: [deed] AUDIT hand=0.1432.11111.612.3788940544 isPlayer=1 set=1 sale=0 shop=0 public=0 desig=9 resident=0/0 town=0/1 interior=1 internals=0 doors=1/1/0 furn=0/0/0 canUse=1 home=1/1/0 stuff=1 wallet=19134 squads=2/0/0 cur=0/0 base=1/0 owner='204-gamedata.base' name='Small Shack'
[19:28:00.816] [HOST] INFO: [budget] pub avg=116us max=290us apply avg=16us max=69us frames=611 over2ms=0
[19:28:00.886] [HOST] INFO: [med] SEND hand=1,612915008 npc=1 blood=-3.1 bleed=0.01 fl=100.0,43.3,40.3,80.0 bd=0.0,56.7,39.6,0.0 flags=1 nparts=7 pmin=0.0 smin=0.0 ls=0,0,0,0
[19:28:01.196] [HOST] INFO: [ai] suspended=0 driven=3
[19:28:01.236] [HOST] INFO: [med] SEND hand=1,1932861312 npc=1 blood=235.0 bleed=0.00 fl=-142.9,78.4,86.0,86.0 bd=0.0,0.0,0.0,0.0 flags=1 nparts=7 pmin=43.3 smin=0.0 ls=0,0,0,0
[19:28:01.249] [HOST] INFO: [stats] RECV hand=1,2916870144 ok=1 str=6.6 dex=1.3 tough=11.7 stealth=1.3 athl=26.5 xp=0
[19:28:01.385] [HOST] INFO: [combat] stats snap=8 slide=2017 softWalk=2395 order=6 wrongTgt=0 armed=1 maxPersist=8
[19:28:01.385] [HOST] INFO: [cam] hint recv=-33756.5,137.4,-36335.2
[19:28:01.563] [HOST] INFO: [net] [net] bandwidth out=5.2 KB/s in=3.1 KB/s (window 5s)
[19:28:01.597] [HOST] INFO: [speed] REQ RECV owner=1 mult=2.00 paused=0 combat=0
[19:28:01.597] [HOST] INFO: [speed] SET mult=2.00 paused=0 combat=0 (my=2.00 peer=2.00)
[19:28:01.709] [HOST] INFO: [speed] REQ RECV owner=1 mult=0.00 paused=1 combat=0
[19:28:01.709] [HOST] INFO: [speed] SET mult=0.00 paused=1 combat=0 (my=2.00 peer=0.00)
[19:28:01.887] [HOST] INFO: [med] SEND hand=1,612915008 npc=1 blood=-3.1 bleed=0.01 fl=100.0,43.4,40.4,80.0 bd=0.0,56.6,39.6,0.0 flags=1 nparts=7 pmin=0.1 smin=0.0 ls=0,0,0,0
[19:28:02.027] [HOST] INFO: [life] hand=1,2,2989257728,1,2916870144 from=UNKNOWN to=HI reason=drive
[19:28:02.160] [HOST] INFO: [speed] REQ RECV owner=1 mult=2.00 paused=0 combat=0
[19:28:02.160] [HOST] INFO: [speed] SET mult=2.00 paused=0 combat=0 (my=2.00 peer=2.00)
[19:28:02.216] [HOST] INFO: [cell] MAP cells=1 slots=2 24,24=0
[19:28:02.237] [HOST] INFO: [med] SEND hand=1,1932861312 npc=1 blood=235.0 bleed=0.00 fl=-143.0,78.4,86.0,86.0 bd=0.0,0.0,0.0,0.0 flags=1 nparts=7 pmin=43.2 smin=0.0 ls=0,0,0,0
[19:28:03.038] [HOST] INFO: [audit] exist near=1 wide=3 drv=0 cen=0 hid=0 ghost=0 supp=3 census=0 fresh=1 parks=48 nearCap=0 wideCap=0 staleMs=58929 edges=0 ghostMax=-1 ghostEdge=0 dorm=0 attnR=1000 dormPc=0 pcs=2 mine=3 skip=3 cells=1
[19:28:03.300] [HOST] INFO: [med] SEND hand=1,1932861312 npc=1 blood=235.0 bleed=0.00 fl=-143.3,78.4,86.0,86.0 bd=0.0,0.0,0.0,0.0 flags=1 nparts=7 pmin=43.2 smin=0.0 ls=0,0,0,0
[19:28:03.337] [HOST] INFO: [med] SEND hand=1,612915008 npc=1 blood=-3.1 bleed=0.01 fl=100.0,43.4,40.4,80.0 bd=0.0,56.6,39.6,0.0 flags=1 nparts=7 pmin=0.1 smin=0.0 ls=0,0,0,0
[19:28:03.521] [HOST] INFO: [census] sent n=10 radius=2000 mid=1 anchors=2 a0=loaded:9 a1=loaded:1 enum=10 notmine=0 proxyrow=0 attnR=1000
[19:28:04.063] [HOST] INFO: [inv] APPLY hand=1,2,2989257728,1,2916870144 items=10
[19:28:04.198] [HOST] INFO: [ai] suspended=1 driven=3
[19:28:04.305] [HOST] INFO: [med] SEND hand=1,1932861312 npc=1 blood=235.0 bleed=0.00 fl=-143.5,78.4,86.0,86.0 bd=0.0,0.0,0.0,0.0 flags=1 nparts=7 pmin=43.2 smin=0.0 ls=0,0,0,0
[19:28:04.378] [HOST] INFO: [speed] REQ mult=1.00 paused=0 combat=0
[19:28:04.378] [HOST] INFO: [speed] SET mult=1.00 paused=0 combat=0 (my=1.00 peer=2.00)
[19:28:04.523] [HOST] INFO: [interp] lerp=97741 extrap=5667 clamp=7 seg=940 single=158544 snapSq=532 snapNpc=0 reissueSq=829 reissueNpc=2124 restFlip=38 delay=156 jit=20.8 starve=0 snapMid=87 restFlipMid=31 haltDrv=0
[19:28:04.523] [HOST] INFO: [interp] worstZero hand=1,2916870144 zero=1055 active=13029 seg=57
[19:28:04.661] [HOST] INFO: [med] SEND hand=1,612915008 npc=1 blood=-3.2 bleed=0.00 fl=100.0,43.5,40.5,80.0 bd=0.0,56.5,39.5,0.0 flags=1 nparts=7 pmin=0.1 smin=0.0 ls=0,0,0,0
[19:28:04.957] [HOST] INFO: [med] SEND hand=1,1709716736 npc=0 blood=81.8 bleed=0.00 fl=100.0,100.0,100.0,100.0 bd=0.0,0.0,0.0,0.0 flags=0 nparts=7 pmin=55.5 smin=0.0 ls=0,0,0,0
[19:28:05.285] [HOST] INFO: [cam] center=-33700.2,137.6,-36319.2
[19:28:05.398] [HOST] INFO: [med] SEND hand=1,1932861312 npc=1 blood=235.0 bleed=0.00 fl=-143.8,78.4,86.0,86.0 bd=0.0,0.0,0.0,0.0 flags=1 nparts=7 pmin=43.2 smin=0.0 ls=0,0,0,0
[19:28:05.471] [HOST] INFO: [deed] AUDIT hand=0.1432.11111.612.3788940544 isPlayer=1 set=1 sale=0 shop=0 public=0 desig=9 resident=0/0 town=0/1 interior=1 internals=0 doors=1/1/0 furn=0/0/0 canUse=1 home=1/1/0 stuff=1 wallet=19134 squads=2/0/0 cur=0/0 base=1/0 owner='204-gamedata.base' name='Small Shack'
[19:28:05.662] [HOST] INFO: [med] SEND hand=1,612915008 npc=1 blood=-3.1 bleed=0.00 fl=100.0,43.5,40.5,80.0 bd=0.0,56.5,39.5,0.0 flags=1 nparts=7 pmin=0.1 smin=0.0 ls=0,0,0,0
[19:28:05.819] [HOST] INFO: [budget] pub avg=110us max=283us apply avg=23us max=76us frames=671 over2ms=0
[19:28:06.202] [HOST] INFO: [stats] RECV hand=1,2916870144 ok=1 str=6.6 dex=1.3 tough=11.7 stealth=1.3 athl=26.5 xp=0
[19:28:06.390] [HOST] INFO: [combat] stats snap=8 slide=2017 softWalk=2395 order=6 wrongTgt=0 armed=0 maxPersist=8
[19:28:06.419] [HOST] INFO: [census] recv n=0 culls=7
[19:28:06.419] [HOST] INFO: [cam] hint recv=-33756.5,137.4,-36335.2
[19:28:06.523] [HOST] INFO: [fac] AFFECT-EV me='1305-gamedata.base' whom='204-gamedata.base' event=8 mult=0.025 after=-11.55 skipped=15
[19:28:06.524] [HOST] INFO: [taskkey] key=25 desc='First aid' repro=1 subject=1
[19:28:06.524] [HOST] INFO: [seatres] HOST task=25 npc=1,1709716736 subj=1,612915008 ok=1 npcpos=-33693.5,-36354.3 subjpos=-33699.2,-36323.1 d=31.6
[19:28:06.539] [HOST] INFO: [med] SEND hand=1,1932861312 npc=1 blood=235.0 bleed=0.00 fl=-143.9,78.4,86.0,86.0 bd=0.0,0.0,0.0,0.0 flags=1 nparts=7 pmin=43.1 smin=0.0 ls=0,0,0,0
[19:28:06.644] [HOST] INFO: [net] [net] bandwidth out=4.4 KB/s in=3.6 KB/s (window 5s)
[19:28:06.666] [HOST] INFO: [med] SEND hand=1,612915008 npc=1 blood=-3.0 bleed=0.00 fl=100.0,43.5,40.5,80.0 bd=0.0,56.5,39.4,0.0 flags=1 nparts=7 pmin=0.2 smin=0.0 ls=0,0,0,0
[19:28:07.200] [HOST] INFO: [ai] suspended=1 driven=3
[19:28:07.215] [HOST] INFO: [cell] MAP cells=1 slots=2 24,24=0
[19:28:07.540] [HOST] INFO: [med] SEND hand=1,1932861312 npc=1 blood=235.0 bleed=0.00 fl=-144.0,78.4,86.0,86.0 bd=0.0,0.0,0.0,0.0 flags=1 nparts=7 pmin=43.1 smin=0.0 ls=0,0,0,0
[19:28:07.563] [HOST] INFO: [med] SEND hand=1,1709716736 npc=0 blood=81.8 bleed=0.00 fl=100.0,100.0,100.0,100.0 bd=0.0,0.0,0.0,0.0 flags=0 nparts=7 pmin=55.6 smin=0.0 ls=0,0,0,0
[19:28:07.672] [HOST] INFO: [med] SEND hand=1,612915008 npc=1 blood=-2.9 bleed=0.00 fl=100.0,43.6,40.6,80.0 bd=0.0,56.4,39.4,0.0 flags=1 nparts=7 pmin=0.2 smin=0.0 ls=0,0,0,0
[19:28:07.794] [HOST] INFO: [med] TREAT RECV id=6 hand=1,612915008 applied=1
[19:28:07.863] [HOST] INFO: [med] TREAT SEND id=1 hand=1,612915008 parts=1 hi=77.7
[19:28:07.967] [HOST] INFO: [med] SEND hand=1,1709716736 npc=0 blood=81.8 bleed=0.00 fl=100.0,100.0,100.0,100.0 bd=0.0,0.0,0.0,0.0 flags=0 nparts=7 pmin=55.6 smin=0.0 ls=0,0,0,0
[19:28:08.091] [HOST] INFO: [audit] exist near=1 wide=3 drv=0 cen=0 hid=0 ghost=0 supp=3 census=0 fresh=1 parks=48 nearCap=0 wideCap=0 staleMs=58929 edges=0 ghostMax=-1 ghostEdge=0 dorm=0 attnR=1000 dormPc=0 pcs=2 mine=3 skip=3 cells=1
[19:28:08.571] [HOST] INFO: [med] SEND hand=1,1932861312 npc=1 blood=235.1 bleed=0.00 fl=-144.2,78.4,86.0,86.0 bd=0.0,0.0,0.0,0.0 flags=1 nparts=7 pmin=43.1 smin=0.0 ls=0,0,0,0
[19:28:08.679] [HOST] INFO: [med] SEND hand=1,612915008 npc=1 blood=-2.8 bleed=0.00 fl=100.0,43.6,40.6,80.0 bd=0.0,56.4,39.4,0.0 flags=1 nparts=7 pmin=0.2 smin=0.0 ls=0,0,0,0
[19:28:08.729] [HOST] INFO: [stats] SEND hand=1,1709716736 str=9.1 dex=5.7 tough=11.4 stealth=1.7 athl=19.5 xp=0 fap=0
[19:28:08.815] [HOST] INFO: [med] TREAT RECV id=7 hand=1,612915008 applied=0
[19:28:08.864] [HOST] INFO: [med] TREAT SEND id=2 hand=1,612915008 parts=1 hi=82.8
[19:28:09.016] [HOST] INFO: [inv] APPLY hand=1,2,2989257728,1,2916870144 items=10
[19:28:09.313] [HOST] INFO: [speed] REQ RECV owner=1 mult=1.00 paused=0 combat=0
[19:28:09.526] [HOST] INFO: [interp] lerp=98410 extrap=5667 clamp=7 seg=940 single=158559 snapSq=532 snapNpc=0 reissueSq=829 reissueNpc=2124 restFlip=38 delay=142 jit=20.8 starve=0 snapMid=87 restFlipMid=31 haltDrv=0
[19:28:09.526] [HOST] INFO: [interp] worstZero hand=1,2916870144 zero=1055 active=13029 seg=53
[19:28:09.680] [HOST] INFO: [med] SEND hand=1,612915008 npc=1 blood=-2.8 bleed=0.00 fl=100.0,43.6,40.6,80.0 bd=0.0,56.4,39.4,0.0 flags=1 nparts=7 pmin=0.2 smin=0.0 ls=0,0,0,0
[19:28:09.688] [HOST] INFO: [med] SEND hand=1,1932861312 npc=1 blood=235.1 bleed=0.00 fl=-144.3,78.4,86.0,86.0 bd=0.0,0.0,0.0,0.0 flags=1 nparts=7 pmin=43.1 smin=0.0 ls=0,0,0,0
[19:28:09.787] [HOST] INFO: [med] TREAT RECV id=8 hand=1,612915008 applied=1
[19:28:09.863] [HOST] INFO: [med] TREAT SEND id=3 hand=1,612915008 parts=1 hi=88.5
[19:28:10.203] [HOST] INFO: [ai] suspended=1 driven=3
[19:28:10.287] [HOST] INFO: [cam] center=-33700.2,137.6,-36319.2
[19:28:10.489] [HOST] INFO: [deed] AUDIT hand=0.1432.11111.612.3788940544 isPlayer=1 set=1 sale=0 shop=0 public=0 desig=9 resident=0/0 town=0/1 interior=1 internals=0 doors=1/1/0 furn=0/0/0 canUse=1 home=1/1/0 stuff=1 wallet=19134 squads=2/0/0 cur=0/0 base=1/0 owner='204-gamedata.base' name='Small Shack'
[19:28:10.683] [HOST] INFO: [med] SEND hand=1,612915008 npc=1 blood=-2.7 bleed=0.00 fl=100.0,43.6,40.6,80.0 bd=0.0,56.4,39.3,0.0 flags=1 nparts=7 pmin=0.3 smin=0.0 ls=0,0,0,0
[19:28:10.818] [HOST] INFO: [med] SEND hand=1,1932861312 npc=1 blood=235.1 bleed=0.00 fl=-144.5,78.4,86.0,86.0 bd=0.0,0.0,0.0,0.0 flags=1 nparts=7 pmin=43.1 smin=0.0 ls=0,0,0,0
[19:28:10.820] [HOST] INFO: [budget] pub avg=163us max=323us apply avg=26us max=85us frames=686 over2ms=0
[19:28:10.846] [HOST] INFO: [med] TREAT RECV id=9 hand=1,612915008 applied=0
[19:28:10.867] [HOST] INFO: [med] TREAT SEND id=4 hand=1,612915008 parts=1 hi=93.6
[19:28:11.222] [HOST] INFO: [stats] RECV hand=1,2916870144 ok=1 str=6.6 dex=1.3 tough=11.7 stealth=1.3 athl=26.5 xp=0
[19:28:11.395] [HOST] INFO: [combat] stats snap=8 slide=2017 softWalk=2395 order=6 wrongTgt=0 armed=0 maxPersist=8
[19:28:11.468] [HOST] INFO: [cam] hint recv=-33725.8,147.3,-36331.8
[19:28:11.517] [HOST] INFO: [fac] AFFECT-EV me='1305-gamedata.base' whom='204-gamedata.base' event=8 mult=0.025 after=-11.53 skipped=688
[19:28:11.685] [HOST] INFO: [med] SEND hand=1,612915008 npc=1 blood=-2.6 bleed=0.00 fl=100.0,43.7,40.7,80.0 bd=0.0,56.3,39.3,0.0 flags=1 nparts=7 pmin=0.3 smin=0.0 ls=0,0,0,0
[19:28:11.820] [HOST] INFO: [med] SEND hand=1,1932861312 npc=1 blood=235.1 bleed=0.00 fl=-144.7,78.4,86.0,86.0 bd=0.0,0.0,0.0,0.0 flags=1 nparts=7 pmin=43.0 smin=0.0 ls=0,0,0,0
[19:28:11.834] [HOST] INFO: [med] TREAT RECV id=10 hand=1,612915008 applied=1
[19:28:11.856] [HOST] INFO: [stats] SEND hand=1,1709716736 str=9.1 dex=5.7 tough=11.4 stealth=1.7 athl=19.5 xp=0 fap=0
[19:28:11.870] [HOST] INFO: [med] TREAT SEND id=5 hand=1,612915008 parts=1 hi=99.1
[19:28:11.989] [HOST] INFO: [net] [net] bandwidth out=4.4 KB/s in=3.8 KB/s (window 5s)
[19:28:12.215] [HOST] INFO: [cell] MAP cells=1 slots=2 24,24=0
[19:28:12.686] [HOST] INFO: [med] SEND hand=1,612915008 npc=1 blood=-2.5 bleed=0.00 fl=100.0,43.7,40.7,80.0 bd=0.0,56.3,42.9,0.0 flags=1 nparts=7 pmin=0.3 smin=0.0 ls=0,0,0,0
[19:28:12.822] [HOST] INFO: [med] SEND hand=1,1932861312 npc=1 blood=235.1 bleed=0.00 fl=-144.8,78.4,86.0,86.0 bd=0.0,0.0,0.0,0.0 flags=1 nparts=7 pmin=43.0 smin=0.0 ls=0,0,0,0
[19:28:12.842] [HOST] INFO: [med] TREAT RECV id=11 hand=1,612915008 applied=1
[19:28:12.870] [HOST] INFO: [med] TREAT SEND id=6 hand=1,612915008 parts=2 hi=99.7
[19:28:13.139] [HOST] INFO: [audit] exist near=1 wide=3 drv=0 cen=0 hid=0 ghost=0 supp=3 census=0 fresh=1 parks=48 nearCap=0 wideCap=0 staleMs=58929 edges=0 ghostMax=-1 ghostEdge=0 dorm=0 attnR=1000 dormPc=0 pcs=2 mine=3 skip=3 cells=1
[19:28:13.210] [HOST] INFO: [ai] suspended=1 driven=3
[19:28:13.554] [HOST] INFO: [census] sent n=10 radius=2000 mid=1 anchors=2 a0=loaded:9 a1=loaded:1 enum=10 notmine=0 proxyrow=0 attnR=1000
[19:28:13.685] [HOST] INFO: [med] SEND hand=1,612915008 npc=1 blood=-2.4 bleed=0.00 fl=100.0,43.7,40.7,80.0 bd=0.0,56.3,48.0,0.0 flags=1 nparts=7 pmin=0.3 smin=0.0 ls=0,0,0,0
[19:28:13.828] [HOST] INFO: [med] TREAT RECV id=12 hand=1,612915008 applied=0
[19:28:13.870] [HOST] INFO: [med] TREAT SEND id=7 hand=1,612915008 parts=1 hi=48.9
[19:28:13.899] [HOST] INFO: [med] SEND hand=1,1932861312 npc=1 blood=235.1 bleed=0.00 fl=-144.9,78.4,86.0,86.0 bd=0.0,0.0,0.0,0.0 flags=1 nparts=7 pmin=43.0 smin=0.0 ls=0,0,0,0
[19:28:14.080] [HOST] INFO: [inv] APPLY hand=1,2,2989257728,1,2916870144 items=10
[19:28:14.531] [HOST] INFO: [interp] lerp=99106 extrap=5667 clamp=7 seg=940 single=158559 snapSq=532 snapNpc=0 reissueSq=829 reissueNpc=2124 restFlip=38 delay=142 jit=20.8 starve=0 snapMid=87 restFlipMid=31 haltDrv=0
[19:28:14.531] [HOST] INFO: [interp] worstZero hand=1,2916870144 zero=1055 active=13029 seg=54
[19:28:14.693] [HOST] INFO: [med] SEND hand=1,612915008 npc=1 blood=-2.4 bleed=0.00 fl=100.0,43.7,40.7,80.0 bd=0.0,56.3,53.1,0.0 flags=1 nparts=7 pmin=0.4 smin=0.0 ls=0,0,0,0
[19:28:14.845] [HOST] INFO: [med] TREAT RECV id=13 hand=1,612915008 applied=1
[19:28:14.873] [HOST] INFO: [med] TREAT SEND id=8 hand=1,612915008 parts=1 hi=54.1
[19:28:14.900] [HOST] INFO: [med] SEND hand=1,1932861312 npc=1 blood=235.1 bleed=0.00 fl=-145.1,78.4,86.0,86.0 bd=0.0,0.0,0.0,0.0 flags=1 nparts=7 pmin=43.0 smin=0.0 ls=0,0,0,0
[19:28:14.993] [HOST] INFO: [stats] SEND hand=1,1709716736 str=9.1 dex=5.7 tough=11.4 stealth=1.7 athl=19.5 xp=0 fap=0
[19:28:15.287] [HOST] INFO: [cam] center=-33700.2,137.6,-36319.2
[19:28:15.503] [HOST] INFO: [deed] AUDIT hand=0.1432.11111.612.3788940544 isPlayer=1 set=1 sale=0 shop=0 public=0 desig=9 resident=0/0 town=0/1 interior=1 internals=0 doors=1/1/0 furn=0/0/0 canUse=1 home=1/1/0 stuff=1 wallet=19134 squads=2/0/0 cur=0/0 base=1/0 owner='204-gamedata.base' name='Small Shack'
[19:28:15.694] [HOST] INFO: [med] SEND hand=1,612915008 npc=1 blood=-2.3 bleed=0.00 fl=100.0,43.8,40.8,80.0 bd=0.0,56.2,58.3,0.0 flags=1 nparts=7 pmin=0.4 smin=0.0 ls=0,0,0,0
[19:28:15.821] [HOST] INFO: [budget] pub avg=169us max=366us apply avg=26us max=125us frames=703 over2ms=0
[19:28:15.846] [HOST] INFO: [med] TREAT RECV id=14 hand=1,612915008 applied=0
[19:28:15.874] [HOST] INFO: [med] TREAT SEND id=9 hand=1,612915008 parts=1 hi=59.2
[19:28:15.903] [HOST] INFO: [med] SEND hand=1,1932861312 npc=1 blood=235.2 bleed=0.00 fl=-145.2,78.4,86.0,86.0 bd=0.0,0.0,0.0,0.0 flags=1 nparts=7 pmin=43.0 smin=0.0 ls=0,0,0,0
[19:28:16.204] [HOST] INFO: [stats] RECV hand=1,2916870144 ok=1 str=6.6 dex=1.3 tough=11.7 stealth=1.3 athl=26.5 xp=0
[19:28:16.213] [HOST] INFO: [ai] suspended=1 driven=3
[19:28:16.400] [HOST] INFO: [combat] stats snap=8 slide=2017 softWalk=2395 order=6 wrongTgt=0 armed=0 maxPersist=8
[19:28:16.473] [HOST] INFO: [census] recv n=0 culls=7
[19:28:16.473] [HOST] INFO: [cam] hint recv=-33725.8,147.3,-36331.8
[19:28:16.521] [HOST] INFO: [fac] AFFECT-EV me='1305-gamedata.base' whom='204-gamedata.base' event=8 mult=0.025 after=-11.51 skipped=703
[19:28:16.696] [HOST] INFO: [med] SEND hand=1,612915008 npc=1 blood=-2.2 bleed=0.00 fl=100.0,43.8,40.8,80.0 bd=0.0,56.2,59.2,4.2 flags=1 nparts=7 pmin=0.4 smin=0.0 ls=0,0,0,0
[19:28:16.851] [HOST] INFO: [med] TREAT RECV id=15 hand=1,612915008 applied=0
[19:28:16.880] [HOST] INFO: [med] TREAT SEND id=10 hand=1,612915008 parts=1 hi=5.1
[19:28:16.991] [HOST] INFO: [med] SEND hand=1,1932861312 npc=1 blood=235.2 bleed=0.00 fl=-145.3,78.4,86.0,86.0 bd=0.0,0.0,0.0,0.0 flags=1 nparts=7 pmin=43.0 smin=0.0 ls=0,0,0,0
[19:28:17.034] [HOST] INFO: [net] [net] bandwidth out=5.8 KB/s in=3.3 KB/s (window 5s)
[19:28:17.221] [HOST] INFO: [cell] MAP cells=1 slots=2 24,24=0
[19:28:17.700] [HOST] INFO: [med] SEND hand=1,612915008 npc=1 blood=-2.1 bleed=0.00 fl=100.0,43.8,40.8,80.1 bd=0.0,56.2,59.2,9.3 flags=1 nparts=7 pmin=0.4 smin=0.0 ls=0,0,0,0
[19:28:17.808] [HOST] INFO: [med] TREAT RECV id=16 hand=1,612915008 applied=1
[19:28:17.880] [HOST] INFO: [med] TREAT SEND id=11 hand=1,612915008 parts=1 hi=10.7
[19:28:17.994] [HOST] INFO: [med] SEND hand=1,1932861312 npc=1 blood=235.2 bleed=0.00 fl=-145.5,78.4,86.0,86.0 bd=0.0,0.0,0.0,0.0 flags=1 nparts=7 pmin=42.9 smin=0.0 ls=0,0,0,0
[19:28:18.153] [HOST] INFO: [stats] SEND hand=1,1709716736 str=9.1 dex=5.7 tough=11.4 stealth=1.7 athl=19.5 xp=0 fap=0
[19:28:18.206] [HOST] INFO: [audit] exist near=1 wide=3 drv=0 cen=0 hid=0 ghost=0 supp=3 census=0 fresh=1 parks=48 nearCap=0 wideCap=0 staleMs=58929 edges=0 ghostMax=-1 ghostEdge=0 dorm=0 attnR=1000 dormPc=0 pcs=2 mine=3 skip=3 cells=1
[19:28:18.701] [HOST] INFO: [med] SEND hand=1,612915008 npc=1 blood=-2.0 bleed=0.00 fl=100.0,43.8,40.8,80.1 bd=0.0,56.2,59.2,14.9 flags=1 nparts=7 pmin=0.5 smin=0.0 ls=0,0,0,0
[19:28:18.881] [HOST] INFO: [med] TREAT SEND id=12 hand=1,612915008 parts=1 hi=15.8
[19:28:18.881] [HOST] INFO: [med] TREAT RECV id=17 hand=1,612915008 applied=0
[19:28:18.994] [HOST] INFO: [med] SEND hand=1,1932861312 npc=1 blood=235.2 bleed=0.00 fl=-145.6,78.4,86.0,86.0 bd=0.0,0.0,0.0,0.0 flags=1 nparts=7 pmin=42.9 smin=0.0 ls=0,0,0,0
[19:28:19.010] [HOST] INFO: [inv] APPLY hand=1,2,2989257728,1,2916870144 items=10
[19:28:19.218] [HOST] INFO: [ai] suspended=1 driven=3
[19:28:19.537] [HOST] INFO: [interp] lerp=99807 extrap=5667 clamp=7 seg=940 single=158560 snapSq=532 snapNpc=0 reissueSq=829 reissueNpc=2124 restFlip=38 delay=149 jit=20.8 starve=0 snapMid=87 restFlipMid=31 haltDrv=0
[19:28:19.537] [HOST] INFO: [interp] worstZero hand=1,2916870144 zero=1055 active=13029 seg=81
[19:28:19.707] [HOST] INFO: [med] SEND hand=1,612915008 npc=1 blood=-2.0 bleed=0.00 fl=100.0,43.9,40.9,80.1 bd=0.0,56.1,59.1,19.9 flags=1 nparts=7 pmin=0.5 smin=0.0 ls=0,0,0,0
[19:28:19.837] [HOST] INFO: [med] TREAT RECV id=18 hand=1,612915008 applied=0
[19:28:19.882] [HOST] INFO: [med] TREAT SEND id=13 hand=1,612915008 parts=1 hi=19.9
[19:28:20.139] [HOST] INFO: [med] SEND hand=1,1932861312 npc=1 blood=235.2 bleed=0.00 fl=-145.8,78.4,86.0,86.0 bd=0.0,0.0,0.0,0.0 flags=1 nparts=7 pmin=42.9 smin=0.0 ls=0,0,0,0
[19:28:20.287] [HOST] INFO: [cam] center=-33700.2,137.6,-36319.2
[19:28:20.518] [HOST] INFO: [deed] AUDIT hand=0.1432.11111.612.3788940544 isPlayer=1 set=1 sale=0 shop=0 public=0 desig=9 resident=0/0 town=0/1 interior=1 internals=0 doors=1/1/0 furn=0/0/0 canUse=1 home=1/1/0 stuff=1 wallet=19134 squads=2/0/0 cur=0/0 base=1/0 owner='204-gamedata.base' name='Small Shack'
[19:28:20.708] [HOST] INFO: [med] SEND hand=1,612915008 npc=1 blood=-1.9 bleed=0.00 fl=100.0,43.9,40.9,80.1 bd=0.0,56.1,59.1,19.9 flags=1 nparts=7 pmin=0.5 smin=0.0 ls=0,0,0,0
[19:28:20.822] [HOST] INFO: [budget] pub avg=159us max=333us apply avg=25us max=82us frames=691 over2ms=0
[19:28:21.232] [HOST] INFO: [stats] RECV hand=1,2916870144 ok=1 str=6.6 dex=1.3 tough=11.7 stealth=1.3 athl=26.5 xp=0
[19:28:21.285] [HOST] INFO: [med] SEND hand=1,1932861312 npc=1 blood=235.2 bleed=0.00 fl=-146.0,78.4,86.0,86.0 bd=0.0,0.0,0.0,0.0 flags=1 nparts=7 pmin=42.9 smin=0.0 ls=0,0,0,0
[19:28:21.404] [HOST] INFO: [combat] stats snap=8 slide=2017 softWalk=2395 order=6 wrongTgt=0 armed=0 maxPersist=8
[19:28:21.506] [HOST] INFO: [cam] hint recv=-33712.0,137.6,-36334.8
[19:28:21.710] [HOST] INFO: [med] SEND hand=1,612915008 npc=1 blood=-1.8 bleed=0.00 fl=100.0,43.9,40.9,80.2 bd=0.0,56.1,59.1,19.8 flags=1 nparts=7 pmin=0.5 smin=0.0 ls=0,0,0,0
[19:28:22.065] [HOST] INFO: [net] [net] bandwidth out=5.1 KB/s in=3.3 KB/s (window 5s)
[19:28:22.220] [HOST] INFO: [ai] suspended=1 driven=3
[19:28:22.227] [HOST] INFO: [cell] MAP cells=1 slots=2 24,24=0
[19:28:22.287] [HOST] INFO: [med] SEND hand=1,1932861312 npc=1 blood=235.2 bleed=0.00 fl=-146.1,78.4,86.0,86.0 bd=0.0,0.0,0.0,0.0 flags=1 nparts=7 pmin=42.9 smin=0.0 ls=0,0,0,0
[19:28:22.714] [HOST] INFO: [med] SEND hand=1,612915008 npc=1 blood=-1.7 bleed=0.00 fl=100.0,43.9,40.9,80.2 bd=0.0,56.1,59.1,19.8 flags=1 nparts=7 pmin=0.6 smin=0.0 ls=0,0,0,0
[19:28:23.250] [HOST] INFO: [audit] exist near=1 wide=3 drv=0 cen=0 hid=0 ghost=0 supp=3 census=0 fresh=1 parks=48 nearCap=0 wideCap=0 staleMs=58929 edges=0 ghostMax=-1 ghostEdge=0 dorm=0 attnR=1000 dormPc=0 pcs=2 mine=3 skip=3 cells=1
[19:28:23.309] [HOST] INFO: [med] SEND hand=1,1932861312 npc=1 blood=235.3 bleed=0.00 fl=-146.2,78.4,86.0,86.0 bd=0.0,0.0,0.0,0.0 flags=1 nparts=7 pmin=42.9 smin=0.0 ls=0,0,0,0
[19:28:23.595] [HOST] INFO: [census] sent n=10 radius=2000 mid=1 anchors=2 a0=loaded:9 a1=loaded:1 enum=10 notmine=0 proxyrow=0 attnR=1000
[19:28:24.043] [HOST] INFO: [inv] APPLY hand=1,2,2989257728,1,2916870144 items=10
[19:28:24.407] [HOST] INFO: [med] SEND hand=1,1932861312 npc=1 blood=235.3 bleed=0.00 fl=-146.4,78.4,86.0,86.0 bd=0.0,0.0,0.0,0.0 flags=1 nparts=7 pmin=42.8 smin=0.0 ls=0,0,0,0
[19:28:24.540] [HOST] INFO: [interp] lerp=100490 extrap=5667 clamp=7 seg=940 single=158564 snapSq=532 snapNpc=0 reissueSq=837 reissueNpc=2124 restFlip=38 delay=126 jit=15.8 starve=0 snapMid=87 restFlipMid=31 haltDrv=0
[19:28:24.540] [HOST] INFO: [interp] worstZero hand=1,2916870144 zero=1058 active=13111 seg=50
[19:28:24.951] [HOST] INFO: [med] SEND hand=1,1709716736 npc=0 blood=81.8 bleed=0.00 fl=100.0,100.0,100.0,100.0 bd=0.0,0.0,0.0,0.0 flags=0 nparts=7 pmin=56.0 smin=0.0 ls=0,0,0,0
[19:28:25.178] [HOST] INFO: [taskkey] key=225 desc='Lifting/Snatching Order' repro=0 subject=1
[19:28:25.222] [HOST] INFO: [ai] suspended=1 driven=3
[19:28:25.283] [HOST] INFO: [med] SEND hand=1,612915008 npc=1 blood=-1.5 bleed=0.00 fl=100.0,44.0,41.0,80.2 bd=0.0,56.0,59.0,19.8 flags=1 nparts=7 pmin=0.6 smin=0.0 ls=0,0,0,0
[19:28:25.285] [HOST] INFO: [cam] center=-33700.2,137.6,-36319.2
[19:28:25.408] [HOST] INFO: [med] SEND hand=1,1932861312 npc=1 blood=235.3 bleed=0.00 fl=-146.5,78.4,86.0,86.0 bd=0.0,0.0,0.0,0.0 flags=1 nparts=7 pmin=42.8 smin=0.0 ls=0,0,0,0
[19:28:25.526] [HOST] INFO: [deed] AUDIT hand=0.1432.11111.612.3788940544 isPlayer=1 set=1 sale=0 shop=0 public=0 desig=9 resident=0/0 town=0/1 interior=1 internals=0 doors=1/1/0 furn=0/0/0 canUse=1 home=1/1/0 stuff=1 wallet=19134 squads=2/0/0 cur=0/0 base=1/0 owner='204-gamedata.base' name='Small Shack'
[19:28:25.676] [HOST] INFO: [carry] SEND PICKUP id=40 carrier=1,1709716736 carried=1,612915008
[19:28:25.826] [HOST] INFO: [budget] pub avg=108us max=269us apply avg=25us max=78us frames=694 over2ms=0
[19:28:26.090] [HOST] INFO: [inv] APPLY hand=1,2,2989257728,1,2916870144 items=10
[19:28:26.284] [HOST] INFO: [med] SEND hand=1,612915008 npc=1 blood=-1.4 bleed=0.00 fl=100.0,44.0,41.0,80.3 bd=0.0,56.0,59.0,19.7 flags=1 nparts=7 pmin=0.6 smin=0.0 ls=0,0,0,0
[19:28:26.284] [HOST] INFO: [stats] RECV hand=1,2916870144 ok=1 str=6.6 dex=1.3 tough=11.7 stealth=1.3 athl=26.5 xp=0
[19:28:26.407] [HOST] INFO: [combat] stats snap=8 slide=2017 softWalk=2395 order=6 wrongTgt=0 armed=0 maxPersist=8
[19:28:26.436] [HOST] INFO: [med] SEND hand=1,1932861312 npc=1 blood=235.3 bleed=0.00 fl=-146.7,78.4,86.0,86.0 bd=0.0,0.0,0.0,0.0 flags=1 nparts=7 pmin=42.8 smin=0.0 ls=0,0,0,0
[19:28:26.489] [HOST] INFO: [census] recv n=0 culls=7
[19:28:27.229] [HOST] INFO: [cell] MAP cells=1 slots=2 24,24=0
[19:28:27.411] [HOST] INFO: [net] [net] bandwidth out=4.8 KB/s in=3.5 KB/s (window 5s)
[19:28:27.419] [HOST] INFO: [inv] APPLY hand=1,2,2989257728,1,2916870144 items=11
[19:28:27.560] [HOST] INFO: [cam] hint recv=-33712.0,137.6,-36334.8
[19:28:27.573] [HOST] INFO: [med] SEND hand=1,1709716736 npc=0 blood=81.8 bleed=0.00 fl=100.0,100.0,100.0,100.0 bd=0.0,0.0,0.0,0.0 flags=0 nparts=7 pmin=56.1 smin=0.0 ls=0,0,0,0
[19:28:27.596] [HOST] INFO: [med] SEND hand=1,1932861312 npc=1 blood=235.3 bleed=0.00 fl=-146.8,78.4,86.0,86.0 bd=0.0,0.0,0.0,0.0 flags=1 nparts=7 pmin=42.8 smin=0.0 ls=0,0,0,0
[19:28:27.830] [HOST] INFO: [wd] APPLY id=7 sid='2309-clothes_v1.mod' owner=1,2,2989257728,1,2916870144 moved=1 pos=-33703.68,137.58,-36329.08 tracked=1
[19:28:28.081] [HOST] INFO: [med] SEND hand=1,612915008 npc=1 blood=-1.3 bleed=0.00 fl=100.0,44.1,41.1,80.3 bd=0.0,55.9,58.9,19.7 flags=1 nparts=7 pmin=0.7 smin=0.0 ls=0,0,0,0
[19:28:28.227] [HOST] INFO: [ai] suspended=1 driven=3
[19:28:28.303] [HOST] INFO: [audit] exist near=1 wide=3 drv=0 cen=0 hid=0 ghost=0 supp=3 census=0 fresh=1 parks=48 nearCap=0 wideCap=0 staleMs=58929 edges=0 ghostMax=-1 ghostEdge=0 dorm=0 attnR=1000 dormPc=0 pcs=2 mine=3 skip=3 cells=1
[19:28:28.726] [HOST] INFO: [med] SEND hand=1,1932861312 npc=1 blood=235.3 bleed=0.00 fl=-147.0,78.4,86.0,86.0 bd=0.0,0.0,0.0,0.0 flags=1 nparts=7 pmin=42.8 smin=0.0 ls=0,0,0,0
[19:28:29.370] [HOST] INFO: [inv] APPLY hand=1,2,2989257728,1,2916870144 items=10
[19:28:29.550] [HOST] INFO: [interp] lerp=101126 extrap=5667 clamp=7 seg=940 single=158590 snapSq=532 snapNpc=0 reissueSq=837 reissueNpc=2124 restFlip=38 delay=113 jit=15.8 starve=0 snapMid=87 restFlipMid=31 haltDrv=0
[19:28:29.550] [HOST] INFO: [interp] worstZero hand=1,2916870144 zero=1058 active=13111 seg=112
[19:28:29.880] [HOST] INFO: [med] SEND hand=1,612915008 npc=1 blood=-1.2 bleed=0.00 fl=100.0,44.1,41.1,80.4 bd=0.0,55.9,58.9,19.6 flags=1 nparts=7 pmin=0.7 smin=0.0 ls=0,0,0,0
[19:28:30.082] [HOST] INFO: [med] SEND hand=1,1932861312 npc=1 blood=235.3 bleed=0.00 fl=-147.2,78.4,86.0,86.0 bd=0.0,0.0,0.0,0.0 flags=1 nparts=7 pmin=42.7 smin=0.0 ls=0,0,0,0
[19:28:30.289] [HOST] INFO: [cam] center=-33700.2,137.6,-36319.2
[19:28:30.321] [HOST] INFO: [door] rollup sent=0 (resend=0) recv=0 applied=0 nohand=0 converged=0 over=30s
[19:28:30.538] [HOST] INFO: [deed] AUDIT hand=0.1432.11111.612.3788940544 isPlayer=1 set=1 sale=0 shop=0 public=0 desig=9 resident=0/0 town=0/1 interior=1 internals=0 doors=1/1/0 furn=0/0/0 canUse=1 home=1/1/0 stuff=1 wallet=19134 squads=2/0/0 cur=0/0 base=1/0 owner='204-gamedata.base' name='Small Shack'
[19:28:30.839] [HOST] INFO: [budget] pub avg=117us max=314us apply avg=29us max=630us frames=563 over2ms=0
[19:28:31.231] [HOST] INFO: [stats] RECV hand=1,2916870144 ok=1 str=6.6 dex=1.3 tough=11.7 stealth=1.3 athl=26.5 xp=0
[19:28:31.234] [HOST] INFO: [ai] suspended=1 driven=3
[19:28:31.411] [HOST] INFO: [combat] stats snap=8 slide=2017 softWalk=2395 order=6 wrongTgt=0 armed=0 maxPersist=8
[19:28:31.437] [HOST] INFO: [med] SEND hand=1,1932861312 npc=1 blood=235.4 bleed=0.00 fl=-147.4,78.4,86.0,86.0 bd=0.0,0.0,0.0,0.0 flags=1 nparts=7 pmin=42.7 smin=0.0 ls=0,0,0,0
[19:28:32.233] [HOST] INFO: [cell] MAP cells=1 slots=2 24,24=0
[19:28:32.405] [HOST] INFO: [med] SEND hand=1,612915008 npc=1 blood=-1.0 bleed=0.00 fl=100.0,44.2,41.2,80.4 bd=0.0,55.8,58.8,19.6 flags=1 nparts=7 pmin=0.8 smin=0.0 ls=0,0,0,0
[19:28:32.410] [HOST] INFO: [net] [net] bandwidth out=4.8 KB/s in=3.4 KB/s (window 5s)
[19:28:32.441] [HOST] INFO: [med] SEND hand=1,1932861312 npc=1 blood=235.4 bleed=0.00 fl=-147.5,78.4,86.0,86.0 bd=0.0,0.0,0.0,0.0 flags=1 nparts=7 pmin=42.7 smin=0.0 ls=0,0,0,0
[19:28:32.564] [HOST] INFO: [cam] hint recv=-33712.0,137.6,-36334.8
[19:28:32.777] [HOST] INFO: [wd] APPLY id=8 sid='551-gamedata.base' owner=1,2,2989257728,1,2916870144 moved=1 pos=-33703.68,137.58,-36329.08 tracked=1
[19:28:32.777] [HOST] INFO: [wd] APPLY-HEALED id=8 sid='551-gamedata.base' (no local copy; rebuilt from intent provenance)
[19:28:33.337] [HOST] INFO: [audit] exist near=1 wide=3 drv=0 cen=0 hid=0 ghost=0 supp=3 census=0 fresh=1 parks=48 nearCap=0 wideCap=0 staleMs=58929 edges=0 ghostMax=-1 ghostEdge=0 dorm=0 attnR=1000 dormPc=0 pcs=2 mine=3 skip=3 cells=1
[19:28:33.450] [HOST] INFO: [med] SEND hand=1,1932861312 npc=1 blood=235.4 bleed=0.00 fl=-147.7,78.4,86.0,86.0 bd=0.0,0.0,0.0,0.0 flags=1 nparts=7 pmin=42.7 smin=0.0 ls=0,0,0,0
[19:28:33.630] [HOST] INFO: [census] sent n=10 radius=2000 mid=1 anchors=2 a0=loaded:10 a1=loaded:0 enum=10 notmine=0 proxyrow=0 attnR=1000
[19:28:34.242] [HOST] INFO: [ai] suspended=1 driven=3
[19:28:34.346] [HOST] INFO: [inv] APPLY hand=1,2,2989257728,1,2916870144 items=10
[19:28:34.559] [HOST] INFO: [interp] lerp=101506 extrap=5667 clamp=7 seg=940 single=158663 snapSq=532 snapNpc=0 reissueSq=837 reissueNpc=2124 restFlip=38 delay=110 jit=15.8 starve=0 snapMid=87 restFlipMid=31 haltDrv=0
[19:28:34.559] [HOST] INFO: [interp] worstZero hand=1,2916870144 zero=1058 active=13111 seg=151
[19:28:34.702] [HOST] INFO: [med] SEND hand=1,1932861312 npc=1 blood=235.4 bleed=0.00 fl=-147.8,78.4,86.0,86.0 bd=0.0,0.0,0.0,0.0 flags=1 nparts=7 pmin=42.7 smin=0.0 ls=0,0,0,0
[19:28:35.283] [HOST] INFO: [cam] center=-33642.7,152.2,-36275.7
[19:28:35.570] [HOST] INFO: [deed] AUDIT hand=0.1432.11111.612.3788940544 isPlayer=1 set=1 sale=0 shop=0 public=0 desig=9 resident=0/0 town=0/1 interior=1 internals=0 doors=1/1/0 furn=0/0/0 canUse=1 home=1/1/0 stuff=1 wallet=19134 squads=2/0/0 cur=0/0 base=1/0 owner='204-gamedata.base' name='Small Shack'
[19:28:35.710] [HOST] INFO: [med] SEND hand=1,1932861312 npc=1 blood=235.4 bleed=0.00 fl=-148.0,78.4,86.0,86.0 bd=0.0,0.0,0.0,0.0 flags=1 nparts=7 pmin=42.6 smin=0.0 ls=0,0,0,0
[19:28:35.843] [HOST] INFO: [budget] pub avg=126us max=315us apply avg=29us max=386us frames=502 over2ms=0
[19:28:36.308] [HOST] INFO: [stats] RECV hand=1,2916870144 ok=1 str=6.6 dex=1.3 tough=11.7 stealth=1.3 athl=26.5 xp=0
[19:28:36.421] [HOST] INFO: [combat] stats snap=8 slide=2017 softWalk=2395 order=6 wrongTgt=0 armed=0 maxPersist=8
[19:28:36.442] [HOST] INFO: [med] SEND hand=1,612915008 npc=1 blood=-0.7 bleed=0.00 fl=100.0,44.3,41.3,80.5 bd=0.0,55.7,58.7,19.5 flags=1 nparts=7 pmin=0.9 smin=0.0 ls=0,0,0,0
[19:28:36.581] [HOST] INFO: [census] recv n=0 culls=7
[19:28:36.715] [HOST] INFO: [med] SEND hand=1,1932861312 npc=1 blood=235.4 bleed=0.00 fl=-148.1,78.4,86.0,86.0 bd=0.0,0.0,0.0,0.0 flags=1 nparts=7 pmin=42.6 smin=0.0 ls=0,0,0,0
[19:28:37.236] [HOST] INFO: [cell] MAP cells=1 slots=2 24,24=0
[19:28:37.247] [HOST] INFO: [ai] suspended=1 driven=3
[19:28:37.520] [HOST] INFO: [net] [net] bandwidth out=5.3 KB/s in=2.9 KB/s (window 5s)
[19:28:37.715] [HOST] INFO: [med] SEND hand=1,1932861312 npc=1 blood=235.4 bleed=0.00 fl=-148.2,78.4,86.0,86.0 bd=0.0,0.0,0.0,0.0 flags=1 nparts=7 pmin=42.6 smin=0.0 ls=0,0,0,0
[19:28:38.361] [HOST] INFO: [audit] exist near=1 wide=3 drv=0 cen=0 hid=0 ghost=0 supp=3 census=0 fresh=1 parks=48 nearCap=0 wideCap=0 staleMs=58929 edges=0 ghostMax=-1 ghostEdge=0 dorm=0 attnR=1000 dormPc=0 pcs=2 mine=3 skip=3 cells=1
[19:28:38.595] [HOST] INFO: [cam] hint recv=-33699.9,137.6,-36362.8
[19:28:38.634] [HOST] INFO: [med] SEND hand=1,612915008 npc=1 blood=-0.5 bleed=0.00 fl=100.0,44.3,41.3,80.6 bd=0.0,55.7,58.7,19.4 flags=1 nparts=7 pmin=0.9 smin=0.0 ls=0,0,0,0
[19:28:38.724] [HOST] INFO: [med] SEND hand=1,1932861312 npc=1 blood=235.5 bleed=0.00 fl=-148.4,78.4,86.0,86.0 bd=0.0,0.0,0.0,0.0 flags=1 nparts=7 pmin=42.6 smin=0.0 ls=0,0,0,0
[19:28:39.367] [HOST] INFO: [inv] APPLY hand=1,2,2989257728,1,2916870144 items=10
[19:28:39.569] [HOST] INFO: [interp] lerp=101993 extrap=5667 clamp=7 seg=940 single=158672 snapSq=532 snapNpc=0 reissueSq=837 reissueNpc=2124 restFlip=38 delay=119 jit=15.8 starve=0 snapMid=87 restFlipMid=31 haltDrv=0
[19:28:39.569] [HOST] INFO: [interp] worstZero hand=1,2916870144 zero=1058 active=13111 seg=51
[19:28:39.638] [HOST] INFO: [med] SEND hand=1,612915008 npc=1 blood=-0.4 bleed=0.00 fl=100.0,44.3,41.3,80.6 bd=0.0,55.7,58.7,19.4 flags=1 nparts=7 pmin=1.0 smin=0.0 ls=0,0,0,0
[19:28:39.731] [HOST] INFO: [med] SEND hand=1,1932861312 npc=1 blood=235.5 bleed=0.00 fl=-148.5,78.4,86.0,86.0 bd=0.0,0.0,0.0,0.0 flags=1 nparts=7 pmin=42.6 smin=0.0 ls=0,0,0,0
[19:28:40.252] [HOST] INFO: [ai] suspended=1 driven=3
[19:28:40.284] [HOST] INFO: [cam] center=-33650.9,137.6,-36300.7
[19:28:40.605] [HOST] INFO: [deed] AUDIT hand=0.1432.11111.612.3788940544 isPlayer=1 set=1 sale=0 shop=0 public=0 desig=9 resident=0/0 town=0/1 interior=1 internals=0 doors=1/1/0 furn=0/0/0 canUse=1 home=1/1/0 stuff=1 wallet=19134 squads=2/0/0 cur=0/0 base=1/0 owner='204-gamedata.base' name='Small Shack'
[19:28:40.645] [HOST] INFO: [med] SEND hand=1,612915008 npc=1 blood=-0.3 bleed=0.00 fl=100.0,44.4,41.4,80.6 bd=0.0,55.6,58.6,19.4 flags=1 nparts=7 pmin=1.0 smin=0.0 ls=0,0,0,0
[19:28:40.739] [HOST] INFO: [med] SEND hand=1,1932861312 npc=1 blood=235.5 bleed=0.00 fl=-148.7,78.4,86.0,86.0 bd=0.0,0.0,0.0,0.0 flags=1 nparts=7 pmin=42.6 smin=0.0 ls=0,0,0,0
[19:28:40.843] [HOST] INFO: [budget] pub avg=128us max=315us apply avg=28us max=84us frames=491 over2ms=0
[19:28:40.898] [HOST] INFO: [inv] resent 12 unchanged snapshot(s) in 60s
[19:28:41.247] [HOST] INFO: [stats] RECV hand=1,2916870144 ok=1 str=6.6 dex=1.3 tough=11.7 stealth=1.3 athl=26.5 xp=0
[19:28:41.390] [HOST] INFO: [taskkey] key=26 desc='Looting' repro=0 subject=1
[19:28:41.423] [HOST] INFO: [combat] stats snap=8 slide=2017 softWalk=2395 order=6 wrongTgt=0 armed=0 maxPersist=8
[19:28:41.654] [HOST] INFO: [med] SEND hand=1,612915008 npc=1 blood=-0.3 bleed=0.00 fl=100.0,44.4,41.4,80.6 bd=0.0,55.6,58.6,19.4 flags=1 nparts=7 pmin=1.0 smin=0.0 ls=0,0,0,0
[19:28:41.744] [HOST] INFO: [med] SEND hand=1,1932861312 npc=1 blood=235.5 bleed=0.00 fl=-148.8,78.4,86.0,86.0 bd=0.0,0.0,0.0,0.0 flags=1 nparts=7 pmin=42.5 smin=0.0 ls=0,0,0,0
[19:28:42.245] [HOST] INFO: [cell] MAP cells=1 slots=2 24,24=0
[19:28:42.516] [HOST] INFO: [net] [net] bandwidth out=4.6 KB/s in=3.4 KB/s (window 5s)
[19:28:42.748] [HOST] INFO: [med] SEND hand=1,1932861312 npc=1 blood=235.5 bleed=0.00 fl=-148.9,78.4,86.0,86.0 bd=0.0,0.0,0.0,0.0 flags=1 nparts=7 pmin=42.5 smin=0.0 ls=0,0,0,0
[19:28:43.044] [HOST] INFO: [med] SEND hand=1,612915008 npc=1 blood=-0.2 bleed=0.00 fl=100.0,44.4,41.4,80.7 bd=0.0,55.6,58.6,19.3 flags=1 nparts=7 pmin=1.0 smin=0.0 ls=0,0,0,0
[19:28:43.259] [HOST] INFO: [ai] suspended=1 driven=3
[19:28:43.387] [HOST] INFO: [audit] exist near=1 wide=3 drv=0 cen=0 hid=0 ghost=0 supp=3 census=0 fresh=1 parks=48 nearCap=0 wideCap=0 staleMs=58929 edges=0 ghostMax=-1 ghostEdge=0 dorm=0 attnR=1000 dormPc=0 pcs=2 mine=3 skip=3 cells=1
[19:28:43.597] [HOST] INFO: [cam] hint recv=-33716.3,137.6,-36349.6
[19:28:43.674] [HOST] INFO: [census] sent n=10 radius=2000 mid=1 anchors=2 a0=loaded:10 a1=loaded:0 enum=10 notmine=0 proxyrow=0 attnR=1000
[19:28:43.756] [HOST] INFO: [med] SEND hand=1,1932861312 npc=1 blood=235.5 bleed=0.00 fl=-149.1,78.4,86.0,86.0 bd=0.0,0.0,0.0,0.0 flags=1 nparts=7 pmin=42.5 smin=0.0 ls=0,0,0,0
[19:28:44.369] [HOST] INFO: [inv] APPLY hand=1,2,2989257728,1,2916870144 items=10
[19:28:44.574] [HOST] INFO: [interp] lerp=102477 extrap=5667 clamp=7 seg=940 single=158675 snapSq=532 snapNpc=0 reissueSq=837 reissueNpc=2124 restFlip=38 delay=123 jit=15.8 starve=0 snapMid=87 restFlipMid=31 haltDrv=0
[19:28:44.574] [HOST] INFO: [interp] worstZero hand=1,2916870144 zero=1058 active=13111 seg=52
[19:28:44.757] [HOST] INFO: [med] SEND hand=1,1932861312 npc=1 blood=235.5 bleed=0.00 fl=-149.2,78.4,86.0,86.0 bd=0.0,0.0,0.0,0.0 flags=1 nparts=7 pmin=42.5 smin=0.0 ls=0,0,0,0
[19:28:45.288] [HOST] INFO: [cam] center=-33650.9,137.6,-36300.7
[19:28:45.635] [HOST] INFO: [deed] AUDIT hand=0.1432.11111.612.3788940544 isPlayer=1 set=1 sale=0 shop=0 public=0 desig=9 resident=0/0 town=0/1 interior=1 internals=0 doors=1/1/0 furn=0/0/0 canUse=1 home=1/1/0 stuff=1 wallet=19134 squads=2/0/0 cur=0/0 base=1/0 owner='204-gamedata.base' name='Small Shack'
[19:28:45.850] [HOST] INFO: [budget] pub avg=128us max=350us apply avg=28us max=99us frames=488 over2ms=0
[19:28:46.008] [HOST] INFO: [med] SEND hand=1,1709716736 npc=0 blood=81.8 bleed=0.00 fl=100.0,100.0,100.0,100.0 bd=0.0,0.0,0.0,0.0 flags=0 nparts=7 pmin=56.5 smin=0.0 ls=0,0,0,0
[19:28:46.027] [HOST] INFO: [med] SEND hand=1,612915008 npc=1 blood=0.1 bleed=0.00 fl=100.0,44.5,41.5,80.7 bd=0.0,55.5,58.5,19.3 flags=1 nparts=7 pmin=1.1 smin=0.0 ls=0,0,0,0
[19:28:46.067] [HOST] INFO: [med] SEND hand=1,1932861312 npc=1 blood=235.5 bleed=0.00 fl=-149.4,78.4,86.0,86.0 bd=0.0,0.0,0.0,0.0 flags=1 nparts=7 pmin=42.5 smin=0.0 ls=0,0,0,0
[19:28:46.215] [HOST] INFO: [stats] RECV hand=1,2916870144 ok=1 str=6.6 dex=1.3 tough=11.7 stealth=1.3 athl=26.5 xp=0
[19:28:46.271] [HOST] INFO: [ai] suspended=1 driven=3
[19:28:46.426] [HOST] INFO: [combat] stats snap=8 slide=2017 softWalk=2395 order=6 wrongTgt=0 armed=0 maxPersist=8
[19:28:46.602] [HOST] INFO: [census] recv n=0 culls=7
[19:28:47.032] [HOST] INFO: [med] SEND hand=1,612915008 npc=1 blood=0.2 bleed=0.00 fl=100.0,44.5,41.5,80.8 bd=0.0,55.5,58.5,19.2 flags=1 nparts=7 pmin=1.1 smin=0.0 ls=0,0,0,0
[19:28:47.072] [HOST] INFO: [med] SEND hand=1,1932861312 npc=1 blood=235.6 bleed=0.00 fl=-149.6,78.4,86.0,86.0 bd=0.0,0.0,0.0,0.0 flags=1 nparts=7 pmin=42.4 smin=0.0 ls=0,0,0,0
[19:28:47.244] [HOST] INFO: [cell] MAP cells=1 slots=2 24,24=0
[19:28:47.583] [HOST] INFO: [net] [net] bandwidth out=4.8 KB/s in=3.3 KB/s (window 5s)
[19:28:48.073] [HOST] INFO: [med] SEND hand=1,1932861312 npc=1 blood=235.6 bleed=0.00 fl=-149.7,78.4,86.0,86.0 bd=0.0,0.0,0.0,0.0 flags=1 nparts=7 pmin=42.4 smin=0.0 ls=0,0,0,0
[19:28:48.313] [HOST] INFO: [med] SEND hand=1,1709716736 npc=0 blood=81.8 bleed=0.00 fl=100.0,100.0,100.0,100.0 bd=0.0,0.0,0.0,0.0 flags=0 nparts=7 pmin=56.6 smin=0.0 ls=0,0,0,0
[19:28:48.472] [HOST] INFO: [audit] exist near=1 wide=3 drv=0 cen=0 hid=0 ghost=0 supp=3 census=0 fresh=1 parks=48 nearCap=0 wideCap=0 staleMs=58929 edges=0 ghostMax=-1 ghostEdge=0 dorm=0 attnR=1000 dormPc=0 pcs=2 mine=3 skip=3 cells=1
[19:28:48.602] [HOST] INFO: [cam] hint recv=-33746.2,137.5,-36338.8
[19:28:48.716] [HOST] INFO: [med] SEND hand=1,1709716736 npc=0 blood=81.8 bleed=0.00 fl=100.0,100.0,100.0,100.0 bd=0.0,0.0,0.0,0.0 flags=0 nparts=7 pmin=56.6 smin=0.0 ls=0,0,0,0
[19:28:48.830] [HOST] INFO: [med] SEND hand=1,612915008 npc=1 blood=0.3 bleed=0.00 fl=100.0,44.6,41.6,80.8 bd=0.0,55.4,58.4,19.2 flags=1 nparts=7 pmin=1.2 smin=0.0 ls=0,0,0,0
[19:28:49.080] [HOST] INFO: [med] SEND hand=1,1932861312 npc=1 blood=235.6 bleed=0.00 fl=-149.8,78.4,86.0,86.0 bd=0.0,0.0,0.0,0.0 flags=1 nparts=7 pmin=42.4 smin=0.0 ls=0,0,0,0
[19:28:49.272] [HOST] INFO: [ai] suspended=1 driven=3
[19:28:49.348] [HOST] INFO: [inv] APPLY hand=1,2,2989257728,1,2916870144 items=10
[19:28:49.576] [HOST] INFO: [interp] lerp=102959 extrap=5667 clamp=7 seg=940 single=158692 snapSq=532 snapNpc=0 reissueSq=837 reissueNpc=2124 restFlip=38 delay=114 jit=15.8 starve=0 snapMid=87 restFlipMid=31 haltDrv=0
[19:28:49.576] [HOST] INFO: [interp] worstZero hand=1,2916870144 zero=1058 active=13111 seg=56
[19:28:50.215] [HOST] INFO: [med] SEND hand=1,1932861312 npc=1 blood=235.6 bleed=0.00 fl=-150.0,78.4,86.0,86.0 bd=0.0,0.0,0.0,0.0 flags=1 nparts=7 pmin=42.4 smin=0.0 ls=0,0,0,0
[19:28:50.282] [HOST] INFO: [cam] center=-33650.9,137.6,-36300.7
[19:28:50.517] [HOST] INFO: [med] SEND hand=1,612915008 npc=1 blood=0.4 bleed=0.00 fl=100.0,44.6,41.6,80.9 bd=0.0,55.4,58.4,19.1 flags=1 nparts=7 pmin=1.2 smin=0.0 ls=0,0,0,0
[19:28:50.668] [HOST] INFO: [deed] AUDIT hand=0.1432.11111.612.3788940544 isPlayer=1 set=1 sale=0 shop=0 public=0 desig=9 resident=0/0 town=0/1 interior=1 internals=0 doors=1/1/0 furn=0/0/0 canUse=1 home=1/1/0 stuff=1 wallet=19134 squads=2/0/0 cur=0/0 base=1/0 owner='204-gamedata.base' name='Small Shack'
[19:28:50.858] [HOST] INFO: [budget] pub avg=125us max=283us apply avg=29us max=316us frames=509 over2ms=0
[19:28:51.231] [HOST] INFO: [stats] RECV hand=1,2916870144 ok=1 str=6.6 dex=1.3 tough=11.7 stealth=1.3 athl=26.5 xp=0
[19:28:51.429] [HOST] INFO: [combat] stats snap=8 slide=2017 softWalk=2395 order=6 wrongTgt=0 armed=0 maxPersist=8
[19:28:51.523] [HOST] INFO: [med] SEND hand=1,1932861312 npc=1 blood=235.6 bleed=0.00 fl=-150.2,78.4,86.0,86.0 bd=0.0,0.0,0.0,0.0 flags=1 nparts=7 pmin=42.4 smin=0.0 ls=0,0,0,0
[19:28:51.523] [HOST] INFO: [med] SEND hand=1,612915008 npc=1 blood=0.5 bleed=0.00 fl=100.0,44.6,41.6,80.9 bd=0.0,55.4,58.4,19.1 flags=1 nparts=7 pmin=1.3 smin=0.0 ls=0,0,0,0
[19:28:52.249] [HOST] INFO: [cell] MAP cells=1 slots=2 24,24=0
[19:28:52.277] [HOST] INFO: [ai] suspended=1 driven=3
[19:28:52.529] [HOST] INFO: [med] SEND hand=1,1932861312 npc=1 blood=235.6 bleed=0.00 fl=-150.3,78.4,86.0,86.0 bd=0.0,0.0,0.0,0.0 flags=1 nparts=7 pmin=42.4 smin=0.0 ls=0,0,0,0
[19:28:52.645] [HOST] INFO: [net] [net] bandwidth out=5.0 KB/s in=3.2 KB/s (window 5s)
[19:28:53.505] [HOST] INFO: [audit] exist near=1 wide=3 drv=0 cen=0 hid=0 ghost=0 supp=3 census=0 fresh=1 parks=48 nearCap=0 wideCap=0 staleMs=58929 edges=0 ghostMax=-1 ghostEdge=0 dorm=0 attnR=1000 dormPc=0 pcs=2 mine=3 skip=3 cells=1
[19:28:53.532] [HOST] INFO: [med] SEND hand=1,1932861312 npc=1 blood=235.6 bleed=0.00 fl=-150.4,78.4,86.0,86.0 bd=0.0,0.0,0.0,0.0 flags=1 nparts=7 pmin=42.3 smin=0.0 ls=0,0,0,0
[19:28:53.611] [HOST] INFO: [cam] hint recv=-33746.2,137.5,-36338.8
[19:28:53.725] [HOST] INFO: [census] sent n=10 radius=2000 mid=1 anchors=2 a0=loaded:10 a1=loaded:0 enum=10 notmine=0 proxyrow=0 attnR=1000
[19:28:54.356] [HOST] INFO: [inv] APPLY hand=1,2,2989257728,1,2916870144 items=10
[19:28:54.538] [HOST] INFO: [med] SEND hand=1,1932861312 npc=1 blood=235.6 bleed=0.00 fl=-150.6,78.4,86.0,86.0 bd=0.0,0.0,0.0,0.0 flags=1 nparts=7 pmin=42.3 smin=0.0 ls=0,0,0,0
[19:28:54.584] [HOST] INFO: [interp] lerp=103472 extrap=5667 clamp=7 seg=940 single=158702 snapSq=532 snapNpc=0 reissueSq=837 reissueNpc=2124 restFlip=38 delay=124 jit=15.8 starve=0 snapMid=87 restFlipMid=31 haltDrv=0
[19:28:54.584] [HOST] INFO: [interp] worstZero hand=1,2916870144 zero=1058 active=13111 seg=52
[19:28:55.280] [HOST] INFO: [ai] suspended=1 driven=3
[19:28:55.290] [HOST] INFO: [cam] center=-33663.9,137.6,-36323.9
[19:28:55.542] [HOST] INFO: [med] SEND hand=1,1932861312 npc=1 blood=235.7 bleed=0.00 fl=-150.7,78.4,86.0,86.0 bd=0.0,0.0,0.0,0.0 flags=1 nparts=7 pmin=42.3 smin=0.0 ls=0,0,0,0
[19:28:55.687] [HOST] INFO: [deed] AUDIT hand=0.1432.11111.612.3788940544 isPlayer=1 set=1 sale=0 shop=0 public=0 desig=9 resident=0/0 town=0/1 interior=1 internals=0 doors=1/1/0 furn=0/0/0 canUse=1 home=1/1/0 stuff=1 wallet=19134 squads=2/0/0 cur=0/0 base=1/0 owner='204-gamedata.base' name='Small Shack'
[19:28:55.862] [HOST] INFO: [budget] pub avg=123us max=344us apply avg=28us max=83us frames=529 over2ms=0
[19:28:56.230] [HOST] INFO: [stats] RECV hand=1,2916870144 ok=1 str=6.6 dex=1.3 tough=11.7 stealth=1.3 athl=26.5 xp=0
[19:28:56.431] [HOST] INFO: [combat] stats snap=8 slide=2017 softWalk=2395 order=6 wrongTgt=0 armed=0 maxPersist=8
[19:28:56.439] [HOST] INFO: [med] SEND hand=1,612915008 npc=1 blood=0.9 bleed=0.00 fl=100.0,44.8,41.8,81.0 bd=0.0,55.2,58.2,19.0 flags=1 nparts=7 pmin=1.4 smin=0.0 ls=0,0,0,0
[19:28:56.629] [HOST] INFO: [census] recv n=0 culls=7
[19:28:56.771] [HOST] INFO: [med] SEND hand=1,1932861312 npc=1 blood=235.7 bleed=0.00 fl=-150.9,78.4,86.0,86.0 bd=0.0,0.0,0.0,0.0 flags=1 nparts=7 pmin=42.3 smin=0.0 ls=0,0,0,0
[19:28:57.248] [HOST] INFO: [cell] MAP cells=1 slots=2 24,24=0
[19:28:57.482] [HOST] INFO: [med] SEND hand=1,612915008 npc=1 blood=1.0 bleed=0.00 fl=100.0,44.8,41.8,81.0 bd=0.0,55.2,58.2,19.0 flags=1 nparts=7 pmin=1.4 smin=0.0 ls=0,0,0,0
[19:28:57.673] [HOST] INFO: [net] [net] bandwidth out=5.0 KB/s in=3.1 KB/s (window 5s)
[19:28:57.771] [HOST] INFO: [med] SEND hand=1,1932861312 npc=1 blood=235.7 bleed=0.00 fl=-151.0,78.4,86.0,86.0 bd=0.0,0.0,0.0,0.0 flags=1 nparts=7 pmin=42.3 smin=0.0 ls=0,0,0,0
[19:28:58.289] [HOST] INFO: [ai] suspended=1 driven=3
[19:28:58.591] [HOST] INFO: [audit] exist near=1 wide=3 drv=0 cen=0 hid=0 ghost=0 supp=3 census=0 fresh=1 parks=48 nearCap=0 wideCap=0 staleMs=58929 edges=0 ghostMax=-1 ghostEdge=0 dorm=0 attnR=1000 dormPc=0 pcs=2 mine=3 skip=3 cells=1
[19:28:58.628] [HOST] INFO: [med] SEND hand=1,612915008 npc=1 blood=1.1 bleed=0.00 fl=100.0,44.8,41.8,81.1 bd=0.0,55.2,58.2,18.9 flags=1 nparts=7 pmin=1.4 smin=0.0 ls=0,0,0,0
[19:28:58.667] [HOST] INFO: [cam] hint recv=-33746.2,137.5,-36338.8
[19:28:58.778] [HOST] INFO: [med] SEND hand=1,1932861312 npc=1 blood=235.7 bleed=0.00 fl=-151.2,78.4,86.0,86.0 bd=0.0,0.0,0.0,0.0 flags=1 nparts=7 pmin=42.2 smin=0.0 ls=0,0,0,0
[19:28:59.375] [HOST] INFO: [inv] APPLY hand=1,2,2989257728,1,2916870144 items=10
[19:28:59.585] [HOST] INFO: [interp] lerp=103989 extrap=5667 clamp=7 seg=940 single=158723 snapSq=532 snapNpc=0 reissueSq=837 reissueNpc=2124 restFlip=38 delay=120 jit=15.8 starve=0 snapMid=87 restFlipMid=31 haltDrv=0
[19:28:59.585] [HOST] INFO: [interp] worstZero hand=1,2916870144 zero=1058 active=13111 seg=62
[19:28:59.750] [HOST] INFO: [med] SEND hand=1,612915008 npc=1 blood=1.2 bleed=0.00 fl=100.0,44.8,41.8,81.1 bd=0.0,55.2,58.2,18.9 flags=1 nparts=7 pmin=1.5 smin=0.0 ls=0,0,0,0
[19:29:00.009] [HOST] INFO: [med] SEND hand=1,1932861312 npc=1 blood=235.7 bleed=0.00 fl=-151.3,78.4,86.0,86.0 bd=0.0,0.0,0.0,0.0 flags=1 nparts=7 pmin=42.2 smin=0.0 ls=0,0,0,0
[19:29:00.282] [HOST] INFO: [cam] center=-33663.9,137.6,-36323.9
[19:29:00.321] [HOST] INFO: [door] rollup sent=0 (resend=0) recv=0 applied=0 nohand=0 converged=0 over=30s
[19:29:00.711] [HOST] INFO: [deed] AUDIT hand=0.1432.11111.612.3788940544 isPlayer=1 set=1 sale=0 shop=0 public=0 desig=9 resident=0/0 town=0/1 interior=1 internals=0 doors=1/1/0 furn=0/0/0 canUse=1 home=1/1/0 stuff=1 wallet=19134 squads=2/0/0 cur=0/0 base=1/0 owner='204-gamedata.base' name='Small Shack'
[19:29:00.751] [HOST] INFO: [med] SEND hand=1,612915008 npc=1 blood=1.3 bleed=0.00 fl=100.0,44.9,41.9,81.1 bd=0.0,55.1,58.1,18.9 flags=1 nparts=7 pmin=1.5 smin=0.0 ls=0,0,0,0
[19:29:00.863] [HOST] INFO: [budget] pub avg=123us max=287us apply avg=29us max=171us frames=528 over2ms=0
[19:29:00.872] [HOST] INFO: [inv] APPLY hand=1,2,2989257728,1,2916870144 items=10
[19:29:01.015] [HOST] INFO: [med] SEND hand=1,1932861312 npc=1 blood=235.7 bleed=0.00 fl=-151.5,78.4,86.0,86.0 bd=0.0,0.0,0.0,0.0 flags=1 nparts=7 pmin=42.2 smin=0.0 ls=0,0,0,0
[19:29:01.220] [HOST] INFO: [stats] RECV hand=1,2916870144 ok=1 str=6.6 dex=1.3 tough=11.7 stealth=1.3 athl=26.5 xp=0
[19:29:01.290] [HOST] INFO: [ai] suspended=1 driven=3
[19:29:01.433] [HOST] INFO: [combat] stats snap=8 slide=2017 softWalk=2395 order=6 wrongTgt=0 armed=0 maxPersist=8
[19:29:01.753] [HOST] INFO: [med] SEND hand=1,612915008 npc=1 blood=1.3 bleed=0.00 fl=100.0,44.9,41.9,81.1 bd=0.0,55.1,58.1,18.9 flags=1 nparts=7 pmin=1.5 smin=0.0 ls=0,0,0,0
[19:29:02.017] [HOST] INFO: [med] SEND hand=1,1932861312 npc=1 blood=235.7 bleed=0.00 fl=-151.6,78.4,86.0,86.0 bd=0.0,0.0,0.0,0.0 flags=1 nparts=7 pmin=42.2 smin=0.0 ls=0,0,0,0
[19:29:02.257] [HOST] INFO: [cell] MAP cells=1 slots=2 24,24=0
[19:29:02.755] [HOST] INFO: [net] [net] bandwidth out=5.1 KB/s in=3.4 KB/s (window 5s)
[19:29:03.045] [HOST] INFO: [med] SEND hand=1,612915008 npc=1 blood=1.4 bleed=0.00 fl=100.0,44.9,41.9,81.2 bd=0.0,55.1,58.1,18.8 flags=1 nparts=7 pmin=1.5 smin=0.0 ls=0,0,0,0
[19:29:03.305] [HOST] INFO: [med] SEND hand=1,1932861312 npc=1 blood=235.8 bleed=0.00 fl=-151.8,78.4,86.0,86.0 bd=0.0,0.0,0.0,0.0 flags=1 nparts=7 pmin=42.2 smin=0.0 ls=0,0,0,0
[19:29:03.655] [HOST] INFO: [audit] exist near=1 wide=3 drv=0 cen=0 hid=0 ghost=0 supp=3 census=0 fresh=1 parks=48 nearCap=0 wideCap=0 staleMs=58929 edges=0 ghostMax=-1 ghostEdge=0 dorm=0 attnR=1000 dormPc=0 pcs=2 mine=3 skip=3 cells=1
[19:29:03.775] [HOST] INFO: [census] sent n=10 radius=2000 mid=1 anchors=2 a0=loaded:10 a1=loaded:0 enum=10 notmine=0 proxyrow=0 attnR=1000
[19:29:04.051] [HOST] INFO: [med] SEND hand=1,612915008 npc=1 blood=1.5 bleed=0.00 fl=100.0,44.9,42.0,81.2 bd=0.0,55.1,58.0,18.8 flags=1 nparts=7 pmin=1.6 smin=0.0 ls=0,0,0,0
[19:29:04.295] [HOST] INFO: [ai] suspended=1 driven=3
[19:29:04.314] [HOST] INFO: [med] SEND hand=1,1932861312 npc=1 blood=235.8 bleed=0.00 fl=-151.9,78.4,86.0,86.0 bd=0.0,0.0,0.0,0.0 flags=1 nparts=7 pmin=42.1 smin=0.0 ls=0,0,0,0
[19:29:04.589] [HOST] INFO: [interp] lerp=104432 extrap=5667 clamp=7 seg=940 single=158799 snapSq=532 snapNpc=0 reissueSq=837 reissueNpc=2124 restFlip=38 delay=114 jit=15.8 starve=0 snapMid=87 restFlipMid=31 haltDrv=0
[19:29:04.589] [HOST] INFO: [interp] worstZero hand=1,2916870144 zero=1058 active=13111 seg=49
[19:29:04.663] [HOST] INFO: [cam] hint recv=-33746.2,137.5,-36338.8
[19:29:05.285] [HOST] INFO: [cam] center=-33659.9,137.6,-36343.2
[19:29:05.317] [HOST] INFO: [med] SEND hand=1,1932861312 npc=1 blood=235.8 bleed=0.00 fl=-152.1,78.4,86.0,86.0 bd=0.0,0.0,0.0,0.0 flags=1 nparts=7 pmin=42.1 smin=0.0 ls=0,0,0,0
[19:29:05.723] [HOST] INFO: [deed] AUDIT hand=0.1432.11111.612.3788940544 isPlayer=1 set=1 sale=0 shop=0 public=0 desig=9 resident=0/0 town=0/1 interior=1 internals=0 doors=1/1/0 furn=0/0/0 canUse=1 home=1/1/0 stuff=1 wallet=19134 squads=2/0/0 cur=0/0 base=1/0 owner='204-gamedata.base' name='Small Shack'
[19:29:05.778] [HOST] INFO: [inv] APPLY hand=1,2,2989257728,1,2916870144 items=10
[19:29:05.863] [HOST] INFO: [budget] pub avg=125us max=328us apply avg=28us max=174us frames=512 over2ms=0
[19:29:06.023] [HOST] INFO: [med] SEND hand=1,1709716736 npc=0 blood=81.8 bleed=0.00 fl=100.0,100.0,100.0,100.0 bd=0.0,0.0,0.0,0.0 flags=0 nparts=7 pmin=57.0 smin=0.0 ls=0,0,0,0
[19:29:06.258] [HOST] INFO: [stats] RECV hand=1,2916870144 ok=1 str=6.6 dex=1.3 tough=11.7 stealth=1.3 athl=26.5 xp=0
[19:29:06.324] [HOST] INFO: [med] SEND hand=1,1932861312 npc=1 blood=235.8 bleed=0.00 fl=-152.2,78.4,86.0,86.0 bd=0.0,0.0,0.0,0.0 flags=1 nparts=7 pmin=42.1 smin=0.0 ls=0,0,0,0
[19:29:06.440] [HOST] INFO: [combat] stats snap=8 slide=2017 softWalk=2395 order=6 wrongTgt=0 armed=0 maxPersist=8
[19:29:06.460] [HOST] INFO: [med] SEND hand=1,612915008 npc=1 blood=1.7 bleed=0.00 fl=100.0,45.0,42.0,81.2 bd=0.0,55.0,58.0,18.8 flags=1 nparts=7 pmin=1.6 smin=0.0 ls=0,0,0,0
[19:29:06.667] [HOST] INFO: [census] recv n=0 culls=7
[19:29:07.268] [HOST] INFO: [cell] MAP cells=1 slots=2 24,24=0
[19:29:07.302] [HOST] INFO: [ai] suspended=1 driven=3
[19:29:07.335] [HOST] INFO: [med] SEND hand=1,1932861312 npc=1 blood=235.8 bleed=0.00 fl=-152.4,78.4,86.0,86.0 bd=0.0,0.0,0.0,0.0 flags=1 nparts=7 pmin=42.1 smin=0.0 ls=0,0,0,0
[19:29:07.472] [HOST] INFO: [med] SEND hand=1,612915008 npc=1 blood=1.7 bleed=0.00 fl=100.0,45.0,42.0,81.3 bd=0.0,55.0,58.0,18.7 flags=1 nparts=7 pmin=1.6 smin=0.0 ls=0,0,0,0
[19:29:07.817] [HOST] INFO: [net] [net] bandwidth out=4.7 KB/s in=3.1 KB/s (window 5s)
[19:29:08.344] [HOST] INFO: [med] SEND hand=1,1932861312 npc=1 blood=235.8 bleed=0.00 fl=-152.6,78.4,86.0,86.0 bd=0.0,0.0,0.0,0.0 flags=1 nparts=7 pmin=42.1 smin=0.0 ls=0,0,0,0
[19:29:08.693] [HOST] INFO: [audit] exist near=1 wide=3 drv=0 cen=0 hid=0 ghost=0 supp=3 census=0 fresh=1 parks=48 nearCap=0 wideCap=0 staleMs=58929 edges=0 ghostMax=-1 ghostEdge=0 dorm=0 attnR=1000 dormPc=0 pcs=2 mine=3 skip=3 cells=1
[19:29:09.431] [HOST] INFO: [med] SEND hand=1,1709716736 npc=0 blood=81.8 bleed=0.00 fl=100.0,100.0,100.0,100.0 bd=0.0,0.0,0.0,0.0 flags=0 nparts=7 pmin=57.1 smin=0.0 ls=0,0,0,0
[19:29:09.577] [HOST] INFO: [med] SEND hand=1,1932861312 npc=1 blood=235.8 bleed=0.00 fl=-152.7,78.4,86.0,86.0 bd=0.0,0.0,0.0,0.0 flags=1 nparts=7 pmin=42.1 smin=0.0 ls=0,0,0,0
[19:29:09.597] [HOST] INFO: [interp] lerp=104876 extrap=5667 clamp=7 seg=940 single=158812 snapSq=532 snapNpc=0 reissueSq=837 reissueNpc=2124 restFlip=38 delay=114 jit=15.8 starve=0 snapMid=87 restFlipMid=31 haltDrv=0
[19:29:09.597] [HOST] INFO: [interp] worstZero hand=1,2916870144 zero=1058 active=13111 seg=59
[19:29:09.725] [HOST] INFO: [med] SEND hand=1,612915008 npc=1 blood=1.9 bleed=0.00 fl=100.0,45.1,42.1,81.3 bd=0.0,54.9,57.9,18.7 flags=1 nparts=7 pmin=1.7 smin=0.0 ls=0,0,0,0
[19:29:09.736] [HOST] INFO: [cam] hint recv=-33746.2,137.5,-36338.8
[19:29:10.289] [HOST] INFO: [cam] center=-33757.2,137.3,-36146.2
[19:29:10.309] [HOST] INFO: [ai] suspended=1 driven=3
[19:29:10.579] [HOST] INFO: [med] SEND hand=1,1932861312 npc=1 blood=235.9 bleed=0.00 fl=-152.9,78.4,86.0,86.0 bd=0.0,0.0,0.0,0.0 flags=1 nparts=7 pmin=42.0 smin=0.0 ls=0,0,0,0
[19:29:10.751] [HOST] INFO: [deed] AUDIT hand=0.1432.11111.612.3788940544 isPlayer=1 set=1 sale=0 shop=0 public=0 desig=9 resident=0/0 town=0/1 interior=1 internals=0 doors=1/1/0 furn=0/0/0 canUse=1 home=1/1/0 stuff=1 wallet=19134 squads=2/0/0 cur=0/0 base=1/0 owner='204-gamedata.base' name='Small Shack'
[19:29:10.854] [HOST] INFO: [inv] APPLY hand=1,2,2989257728,1,2916870144 items=10
[19:29:10.863] [HOST] INFO: [budget] pub avg=128us max=282us apply avg=29us max=153us frames=468 over2ms=0
[19:29:10.882] [HOST] INFO: [med] SEND hand=1,612915008 npc=1 blood=2.0 bleed=0.00 fl=100.0,45.1,42.1,81.3 bd=0.0,54.9,57.9,18.7 flags=1 nparts=7 pmin=1.7 smin=0.0 ls=0,0,0,0
[19:29:11.264] [HOST] INFO: [stats] RECV hand=1,2916870144 ok=1 str=6.6 dex=1.3 tough=11.7 stealth=1.3 athl=26.5 xp=0
[19:29:11.443] [HOST] INFO: [combat] stats snap=8 slide=2017 softWalk=2395 order=6 wrongTgt=0 armed=0 maxPersist=8
[19:29:11.585] [HOST] INFO: [med] SEND hand=1,1932861312 npc=1 blood=235.9 bleed=0.00 fl=-153.0,78.4,86.0,86.0 bd=0.0,0.0,0.0,0.0 flags=1 nparts=7 pmin=42.0 smin=0.0 ls=0,0,0,0
[19:29:11.884] [HOST] INFO: [med] SEND hand=1,612915008 npc=1 blood=2.1 bleed=0.00 fl=100.0,45.1,42.1,81.4 bd=0.0,54.9,57.9,18.6 flags=1 nparts=7 pmin=1.7 smin=0.0 ls=0,0,0,0
[19:29:12.270] [HOST] INFO: [cell] MAP cells=1 slots=2 24,24=0
[19:29:12.587] [HOST] INFO: [med] SEND hand=1,1932861312 npc=1 blood=235.9 bleed=0.00 fl=-153.1,78.4,86.0,86.0 bd=0.0,0.0,0.0,0.0 flags=1 nparts=7 pmin=42.0 smin=0.0 ls=0,0,0,0
[19:29:12.925] [HOST] INFO: [net] [net] bandwidth out=4.8 KB/s in=3.2 KB/s (window 5s)
[19:29:13.319] [HOST] INFO: [ai] suspended=1 driven=3
[19:29:13.597] [HOST] INFO: [med] SEND hand=1,1932861312 npc=1 blood=235.9 bleed=0.00 fl=-153.2,78.4,86.0,86.0 bd=0.0,0.0,0.0,0.0 flags=1 nparts=7 pmin=42.0 smin=0.0 ls=0,0,0,0
[19:29:13.700] [HOST] INFO: [audit] exist near=1 wide=3 drv=0 cen=0 hid=0 ghost=0 supp=3 census=0 fresh=1 parks=48 nearCap=0 wideCap=0 staleMs=58929 edges=0 ghostMax=-1 ghostEdge=0 dorm=0 attnR=1000 dormPc=0 pcs=2 mine=3 skip=3 cells=1
[19:29:13.841] [HOST] INFO: [census] sent n=10 radius=2000 mid=1 anchors=3 a0=loaded:1 a1=loaded:9 a2=loaded:0 enum=10 notmine=0 proxyrow=0 attnR=1000
[19:29:14.606] [HOST] INFO: [med] SEND hand=1,1932861312 npc=1 blood=235.9 bleed=0.00 fl=-153.4,78.4,86.0,86.0 bd=0.0,0.0,0.0,0.0 flags=1 nparts=7 pmin=42.0 smin=0.0 ls=0,0,0,0
[19:29:14.607] [HOST] INFO: [interp] lerp=105335 extrap=5667 clamp=7 seg=940 single=158818 snapSq=532 snapNpc=0 reissueSq=845 reissueNpc=2124 restFlip=38 delay=109 jit=13.8 starve=0 snapMid=87 restFlipMid=31 haltDrv=0
[19:29:14.607] [HOST] INFO: [interp] worstZero hand=1,2916870144 zero=1059 active=13165 seg=84
[19:29:14.744] [HOST] INFO: [cam] hint recv=-33637.4,137.8,-36235.8
[19:29:15.290] [HOST] INFO: [cam] center=-32998.1,136.7,-35604.5
[19:29:15.605] [HOST] INFO: [med] SEND hand=1,1932861312 npc=1 blood=235.9 bleed=0.00 fl=-153.6,78.4,86.0,86.0 bd=0.0,0.0,0.0,0.0 flags=1 nparts=7 pmin=41.9 smin=0.0 ls=0,0,0,0
[19:29:15.785] [HOST] INFO: [deed] AUDIT hand=0.1432.11111.612.3788940544 isPlayer=1 set=1 sale=0 shop=0 public=0 desig=9 resident=0/0 town=0/1 interior=1 internals=0 doors=1/1/0 furn=0/0/0 canUse=1 home=1/1/0 stuff=1 wallet=19134 squads=2/0/0 cur=0/0 base=1/0 owner='204-gamedata.base' name='Small Shack'
[19:29:15.787] [HOST] INFO: [inv] APPLY hand=1,2,2989257728,1,2916870144 items=10
[19:29:15.875] [HOST] INFO: [budget] pub avg=135us max=311us apply avg=28us max=301us frames=410 over2ms=0
[19:29:16.253] [HOST] INFO: [stats] RECV hand=1,2916870144 ok=1 str=6.6 dex=1.3 tough=11.7 stealth=1.3 athl=26.5 xp=0
[19:29:16.320] [HOST] INFO: [ai] suspended=1 driven=3
[19:29:16.451] [HOST] INFO: [combat] stats snap=8 slide=2017 softWalk=2395 order=6 wrongTgt=0 armed=0 maxPersist=8
[19:29:16.729] [HOST] INFO: [census] recv n=0 culls=7
[19:29:17.077] [HOST] INFO: [med] SEND hand=1,1932861312 npc=1 blood=235.9 bleed=0.00 fl=-153.8,78.4,86.0,86.0 bd=0.0,0.0,0.0,0.0 flags=1 nparts=7 pmin=41.9 smin=0.0 ls=0,0,0,0
[19:29:17.277] [HOST] INFO: [cell] MAP cells=1 slots=2 24,24=0
[19:29:17.959] [HOST] INFO: [net] [net] bandwidth out=4.4 KB/s in=3.3 KB/s (window 5s)
[19:29:18.175] [HOST] INFO: [med] SEND hand=1,1932861312 npc=1 blood=235.9 bleed=0.00 fl=-154.0,78.4,86.0,86.0 bd=0.0,0.0,0.0,0.0 flags=1 nparts=7 pmin=41.9 smin=0.0 ls=0,0,0,0
[19:29:18.718] [HOST] INFO: [audit] exist near=1 wide=3 drv=0 cen=0 hid=0 ghost=0 supp=3 census=0 fresh=1 parks=48 nearCap=0 wideCap=0 staleMs=58929 edges=0 ghostMax=-1 ghostEdge=0 dorm=0 attnR=1000 dormPc=0 pcs=2 mine=3 skip=3 cells=1
[19:29:19.180] [HOST] INFO: [med] SEND hand=1,1932861312 npc=1 blood=236.0 bleed=0.00 fl=-154.1,78.4,86.0,86.0 bd=0.0,0.0,0.0,0.0 flags=1 nparts=7 pmin=41.9 smin=0.0 ls=0,0,0,0
[19:29:19.329] [HOST] INFO: [ai] suspended=1 driven=3
[19:29:19.610] [HOST] INFO: [interp] lerp=105705 extrap=5676 clamp=7 seg=940 single=158818 snapSq=532 snapNpc=0 reissueSq=870 reissueNpc=2124 restFlip=38 delay=146 jit=27.4 starve=0 snapMid=87 restFlipMid=31 haltDrv=0
[19:29:19.610] [HOST] INFO: [interp] worstZero hand=1,2916870144 zero=1059 active=13544 seg=47
[19:29:19.794] [HOST] INFO: [cam] hint recv=-33416.1,138.2,-35867.8
[19:29:20.096] [HOST] INFO: [stats] RECV hand=1,2916870144 ok=1 str=6.6 dex=1.3 tough=11.7 stealth=1.3 athl=26.5 xp=0
[19:29:20.187] [HOST] INFO: [med] SEND hand=1,1932861312 npc=1 blood=236.0 bleed=0.00 fl=-154.3,78.4,86.0,86.0 bd=0.0,0.0,0.0,0.0 flags=1 nparts=7 pmin=41.9 smin=0.0 ls=0,0,0,0
[19:29:20.294] [HOST] INFO: [cam] center=-32938.9,116.6,-35528.5
[19:29:20.668] [HOST] INFO: [med] SEND hand=1,612915008 npc=1 blood=2.5 bleed=0.00 fl=100.0,45.3,42.3,81.5 bd=0.0,54.7,57.7,18.5 flags=1 nparts=7 pmin=1.9 smin=0.0 ls=0,0,0,0
[19:29:20.816] [HOST] INFO: [deed] AUDIT hand=0.1432.11111.612.3788940544 isPlayer=1 set=1 sale=0 shop=0 public=0 desig=9 resident=0/0 town=0/1 interior=1 internals=0 doors=1/1/0 furn=0/0/0 canUse=1 home=1/1/0 stuff=1 wallet=19134 squads=2/0/0 cur=0/0 base=1/0 owner='204-gamedata.base' name='Small Shack'
[19:29:20.832] [HOST] INFO: [inv] APPLY hand=1,2,2989257728,1,2916870144 items=10
[19:29:20.887] [HOST] INFO: [budget] pub avg=136us max=313us apply avg=21us max=80us frames=396 over2ms=0
[19:29:21.193] [HOST] INFO: [med] SEND hand=1,1932861312 npc=1 blood=236.0 bleed=0.00 fl=-154.4,78.4,86.0,86.0 bd=0.0,0.0,0.0,0.0 flags=1 nparts=7 pmin=41.8 smin=0.0 ls=0,0,0,0
[19:29:21.457] [HOST] INFO: [combat] stats snap=8 slide=2017 softWalk=2395 order=6 wrongTgt=0 armed=0 maxPersist=8
[19:29:21.670] [HOST] INFO: [med] SEND hand=1,612915008 npc=1 blood=2.6 bleed=0.00 fl=100.0,45.3,42.3,81.5 bd=0.0,54.7,57.7,18.5 flags=1 nparts=7 pmin=1.9 smin=0.0 ls=0,0,0,0
[19:29:22.200] [HOST] INFO: [med] SEND hand=1,1932861312 npc=1 blood=236.0 bleed=0.00 fl=-154.6,78.4,86.0,86.0 bd=0.0,0.0,0.0,0.0 flags=1 nparts=7 pmin=41.8 smin=0.0 ls=0,0,0,0
[19:29:22.288] [HOST] INFO: [cell] MAP cells=1 slots=2 24,24=0
[19:29:22.340] [HOST] INFO: [ai] suspended=1 driven=3
[19:29:23.004] [HOST] INFO: [net] [net] bandwidth out=4.9 KB/s in=3.1 KB/s (window 5s)
[19:29:23.206] [HOST] INFO: [med] SEND hand=1,1932861312 npc=1 blood=236.0 bleed=0.00 fl=-154.7,78.4,86.0,86.0 bd=0.0,0.0,0.0,0.0 flags=1 nparts=7 pmin=41.8 smin=0.0 ls=0,0,0,0
[19:29:23.801] [HOST] INFO: [audit] exist near=1 wide=3 drv=0 cen=0 hid=0 ghost=0 supp=3 census=0 fresh=1 parks=48 nearCap=0 wideCap=0 staleMs=58929 edges=0 ghostMax=-1 ghostEdge=0 dorm=0 attnR=1000 dormPc=0 pcs=2 mine=3 skip=3 cells=1
[19:29:23.887] [HOST] INFO: [census] sent n=3 radius=2000 mid=0 anchors=4 a0=loaded:3 a1=loaded:0 a2=loaded:0 a3=loaded:0 enum=3 notmine=0 proxyrow=0 attnR=1000
[19:29:23.935] [HOST] INFO: [med] SEND hand=1,612915008 npc=1 blood=2.7 bleed=0.00 fl=100.0,45.3,42.3,81.6 bd=0.0,54.7,57.7,18.4 flags=1 nparts=7 pmin=1.9 smin=0.0 ls=0,0,0,0
[19:29:24.217] [HOST] INFO: [med] SEND hand=1,1932861312 npc=1 blood=236.0 bleed=0.00 fl=-154.8,78.4,86.0,86.0 bd=0.0,0.0,0.0,0.0 flags=1 nparts=7 pmin=41.8 smin=0.0 ls=0,0,0,0
[19:29:24.609] [HOST] INFO: [stats] SEND hand=1,1709716736 str=9.2 dex=5.7 tough=11.4 stealth=1.7 athl=19.5 xp=0 fap=0
[19:29:24.610] [HOST] INFO: [interp] lerp=106097 extrap=5681 clamp=7 seg=940 single=158818 snapSq=532 snapNpc=0 reissueSq=898 reissueNpc=2124 restFlip=38 delay=131 jit=19.4 starve=0 snapMid=87 restFlipMid=31 haltDrv=0
[19:29:24.610] [HOST] INFO: [interp] worstZero hand=1,2916870144 zero=1059 active=13941 seg=92
[19:29:25.060] [HOST] INFO: [med] SEND hand=1,612915008 npc=1 blood=2.8 bleed=0.00 fl=100.0,45.3,42.3,81.6 bd=0.0,54.7,57.7,18.4 flags=1 nparts=7 pmin=2.0 smin=0.0 ls=0,0,0,0
[19:29:25.121] [HOST] INFO: [stats] RECV hand=1,2916870144 ok=1 str=6.6 dex=1.3 tough=11.7 stealth=1.3 athl=26.5 xp=0
[19:29:25.219] [HOST] INFO: [med] SEND hand=1,1932861312 npc=1 blood=236.0 bleed=0.00 fl=-155.0,78.4,86.0,86.0 bd=0.0,0.0,0.0,0.0 flags=1 nparts=7 pmin=41.8 smin=0.0 ls=0,0,0,0
[19:29:25.283] [HOST] INFO: [cam] center=-33063.9,137.8,-35561.1
[19:29:25.345] [HOST] INFO: [ai] suspended=1 driven=3
[19:29:25.852] [HOST] INFO: [deed] AUDIT hand=0.1432.11111.612.3788940544 isPlayer=1 set=1 sale=0 shop=0 public=0 desig=9 resident=0/0 town=0/1 interior=1 internals=0 doors=1/1/0 furn=0/0/0 canUse=1 home=1/1/0 stuff=1 wallet=19134 squads=2/0/0 cur=0/0 base=1/0 owner='204-gamedata.base' name='Small Shack'
[19:29:25.865] [HOST] INFO: [cam] hint recv=-32238.0,138.5,-36152.4
[19:29:25.877] [HOST] INFO: [inv] APPLY hand=1,2,2989257728,1,2916870144 items=10
[19:29:25.888] [HOST] INFO: [budget] pub avg=137us max=358us apply avg=22us max=119us frames=404 over2ms=0
[19:29:26.069] [HOST] INFO: [med] SEND hand=1,612915008 npc=1 blood=2.9 bleed=0.00 fl=100.0,45.4,42.4,81.6 bd=0.0,54.6,57.6,18.4 flags=1 nparts=7 pmin=2.0 smin=0.0 ls=0,0,0,0
[19:29:26.230] [HOST] INFO: [med] SEND hand=1,1932861312 npc=1 blood=236.1 bleed=0.00 fl=-155.1,78.4,86.0,86.0 bd=0.0,0.0,0.0,0.0 flags=1 nparts=7 pmin=41.8 smin=0.0 ls=0,0,0,0
[19:29:26.468] [HOST] INFO: [combat] stats snap=8 slide=2017 softWalk=2395 order=6 wrongTgt=0 armed=0 maxPersist=8
[19:29:26.519] [HOST] INFO: [stats] SEND hand=1,1709716736 str=9.2 dex=5.7 tough=11.4 stealth=1.7 athl=19.5 xp=0 fap=0
[19:29:26.787] [HOST] INFO: [census] recv n=0 culls=7
[19:29:27.073] [HOST] INFO: [med] SEND hand=1,612915008 npc=1 blood=2.9 bleed=0.00 fl=100.0,45.4,42.4,81.6 bd=0.0,54.6,57.6,18.4 flags=1 nparts=7 pmin=2.0 smin=0.0 ls=0,0,0,0
[19:29:27.240] [HOST] INFO: [med] SEND hand=1,1932861312 npc=1 blood=236.1 bleed=0.00 fl=-155.3,78.4,86.0,86.0 bd=0.0,0.0,0.0,0.0 flags=1 nparts=7 pmin=41.7 smin=0.0 ls=0,0,0,0
[19:29:27.291] [HOST] INFO: [cell] MAP cells=1 slots=2 24,24=0
[19:29:28.034] [HOST] INFO: [net] [net] bandwidth out=4.7 KB/s in=3.2 KB/s (window 5s)
[19:29:28.076] [HOST] INFO: [med] SEND hand=1,612915008 npc=1 blood=3.0 bleed=0.00 fl=100.0,45.4,42.4,81.7 bd=0.0,54.6,57.6,18.3 flags=1 nparts=7 pmin=2.0 smin=0.0 ls=0,0,0,0
[19:29:28.354] [HOST] INFO: [ai] suspended=1 driven=3
[19:29:28.905] [HOST] INFO: [audit] exist near=1 wide=3 drv=0 cen=0 hid=0 ghost=0 supp=3 census=0 fresh=1 parks=48 nearCap=0 wideCap=0 staleMs=58929 edges=0 ghostMax=-1 ghostEdge=0 dorm=0 attnR=1000 dormPc=0 pcs=2 mine=3 skip=3 cells=1
[19:29:29.082] [HOST] INFO: [med] SEND hand=1,612915008 npc=1 blood=3.1 bleed=0.00 fl=100.0,45.4,42.4,81.7 bd=0.0,54.6,57.6,18.3 flags=1 nparts=7 pmin=2.0 smin=0.0 ls=0,0,0,0
[19:29:29.613] [HOST] INFO: [interp] lerp=106520 extrap=5685 clamp=7 seg=940 single=158818 snapSq=532 snapNpc=0 reissueSq=922 reissueNpc=2124 restFlip=38 delay=141 jit=23.3 starve=0 snapMid=87 restFlipMid=31 haltDrv=0
[19:29:29.613] [HOST] INFO: [interp] worstZero hand=1,2916870144 zero=1059 active=14368 seg=56
[19:29:30.068] [HOST] INFO: [med] SEND hand=1,1709716736 npc=0 blood=81.9 bleed=0.00 fl=100.0,100.0,100.0,100.0 bd=0.0,0.0,0.0,0.0 flags=0 nparts=7 pmin=57.5 smin=0.0 ls=0,0,0,0
[19:29:30.108] [HOST] INFO: [stats] RECV hand=1,2916870144 ok=1 str=6.6 dex=1.3 tough=11.7 stealth=1.3 athl=26.6 xp=0
[19:29:30.297] [HOST] INFO: [cam] center=-32712.1,132.2,-36063.5
[19:29:30.334] [HOST] INFO: [door] rollup sent=0 (resend=0) recv=0 applied=0 nohand=0 converged=0 over=30s
[19:29:30.850] [HOST] INFO: [inv] APPLY hand=1,2,2989257728,1,2916870144 items=10
[19:29:30.885] [HOST] INFO: [deed] AUDIT hand=0.1432.11111.612.3788940544 isPlayer=1 set=1 sale=0 shop=0 public=0 desig=9 resident=0/0 town=0/1 interior=1 internals=0 doors=1/1/0 furn=0/0/0 canUse=1 home=1/1/0 stuff=1 wallet=19134 squads=2/0/0 cur=0/0 base=1/0 owner='204-gamedata.base' name='Small Shack'
[19:29:30.905] [HOST] INFO: [budget] pub avg=134us max=302us apply avg=21us max=84us frames=402 over2ms=0
[19:29:31.373] [HOST] INFO: [ai] suspended=1 driven=3
[19:29:31.485] [HOST] INFO: [combat] stats snap=8 slide=2017 softWalk=2395 order=6 wrongTgt=0 armed=0 maxPersist=8
[19:29:31.934] [HOST] INFO: [cam] hint recv=-32014.8,147.9,-36243.0
[19:29:32.298] [HOST] INFO: [cell] MAP cells=1 slots=2 24,24=0
[19:29:33.147] [HOST] INFO: [net] [net] bandwidth out=4.1 KB/s in=3.3 KB/s (window 5s)
[19:29:33.948] [HOST] INFO: [census] sent n=3 radius=2000 mid=0 anchors=4 a0=loaded:3 a1=loaded:0 a2=loaded:0 a3=loaded:0 enum=3 notmine=0 proxyrow=0 attnR=1000
[19:29:33.961] [HOST] INFO: [audit] exist near=1 wide=3 drv=0 cen=0 hid=0 ghost=0 supp=3 census=0 fresh=1 parks=48 nearCap=0 wideCap=0 staleMs=58929 edges=0 ghostMax=-1 ghostEdge=0 dorm=0 attnR=1000 dormPc=0 pcs=2 mine=3 skip=3 cells=1
[19:29:34.160] [HOST] INFO: [med] SEND hand=1,612915008 npc=1 blood=3.3 bleed=0.00 fl=100.0,45.5,42.5,81.7 bd=0.0,54.5,57.5,18.3 flags=1 nparts=7 pmin=2.1 smin=0.0 ls=0,0,0,0
[19:29:34.305] [HOST] INFO: [med] SEND hand=1,1709716736 npc=0 blood=81.9 bleed=0.00 fl=100.0,100.0,100.0,100.0 bd=0.0,0.0,0.0,0.0 flags=0 nparts=7 pmin=57.6 smin=0.0 ls=0,0,0,0
[19:29:34.380] [HOST] INFO: [ai] suspended=1 driven=3
[19:29:34.617] [HOST] INFO: [interp] lerp=106830 extrap=5687 clamp=7 seg=940 single=158818 snapSq=532 snapNpc=0 reissueSq=949 reissueNpc=2124 restFlip=38 delay=116 jit=13.7 starve=0 snapMid=87 restFlipMid=31 haltDrv=0
[19:29:34.617] [HOST] INFO: [interp] worstZero hand=1,2916870144 zero=1059 active=14680 seg=52
[19:29:35.136] [HOST] INFO: [stats] RECV hand=1,2916870144 ok=1 str=6.6 dex=1.3 tough=11.7 stealth=1.3 athl=26.6 xp=0
[19:29:35.168] [HOST] INFO: [med] SEND hand=1,612915008 npc=1 blood=3.3 bleed=0.00 fl=100.0,45.5,42.5,81.8 bd=0.0,54.5,57.5,18.2 flags=1 nparts=7 pmin=2.1 smin=0.0 ls=0,0,0,0
[19:29:35.287] [HOST] INFO: [cam] center=-32427.3,138.5,-36029.4
[19:29:35.810] [HOST] INFO: [inv] APPLY hand=1,2,2989257728,1,2916870144 items=10
[19:29:35.909] [HOST] INFO: [budget] pub avg=137us max=323us apply avg=22us max=79us frames=342 over2ms=0
[19:29:35.920] [HOST] INFO: [deed] AUDIT hand=0.1432.11111.612.3788940544 isPlayer=1 set=1 sale=0 shop=0 public=0 desig=9 resident=0/0 town=0/1 interior=1 internals=0 doors=1/1/0 furn=0/0/0 canUse=1 home=1/1/0 stuff=1 wallet=19134 squads=2/0/0 cur=0/0 base=1/0 owner='204-gamedata.base' name='Small Shack'
[19:29:36.153] [HOST] INFO: [stats] RECV hand=1,2916870144 ok=1 str=6.6 dex=1.3 tough=11.7 stealth=1.3 athl=26.6 xp=0
[19:29:36.499] [HOST] INFO: [combat] stats snap=8 slide=2017 softWalk=2395 order=6 wrongTgt=0 armed=0 maxPersist=8
[19:29:36.848] [HOST] INFO: [census] recv n=0 culls=7
[19:29:37.312] [HOST] INFO: [cell] MAP cells=1 slots=2 24,24=0
[19:29:37.383] [HOST] INFO: [ai] suspended=1 driven=3
[19:29:37.875] [HOST] INFO: [cam] hint recv=-31357.0,148.3,-37469.9
[19:29:38.235] [HOST] INFO: [net] [net] bandwidth out=4.3 KB/s in=3.2 KB/s (window 5s)
[19:29:38.507] [HOST] INFO: [spawn] INFO send hand=1,88,198852544,1,3872436480 found=1 dead=0 age=1.00 sid='1411-gamedata.base' fac='1083-gamedata.base'
[19:29:38.507] [HOST] INFO: [spawn] INFO send hand=1,88,198852544,2,546386688 found=1 dead=0 age=1.00 sid='1408-gamedata.base' fac='1083-gamedata.base'
[19:29:38.507] [HOST] INFO: [spawn] INFO send hand=1,88,198852544,3,1002563456 found=1 dead=0 age=1.00 sid='1408-gamedata.base' fac='1083-gamedata.base'
[19:29:38.507] [HOST] INFO: [spawn] INFO send hand=1,88,198852544,4,3642211840 found=1 dead=0 age=1.00 sid='1408-gamedata.base' fac='1083-gamedata.base'
[19:29:38.507] [HOST] INFO: [spawn] INFO send hand=1,88,198852544,5,2229248000 found=1 dead=0 age=1.00 sid='1408-gamedata.base' fac='1083-gamedata.base'
[19:29:38.507] [HOST] INFO: [spawn] INFO send hand=1,88,198852544,6,1324340864 found=1 dead=0 age=1.00 sid='18879-rebirth.mod' fac='1083-gamedata.base'
[19:29:38.507] [HOST] INFO: [spawn] INFO send hand=1,88,198852544,7,1166015616 found=1 dead=0 age=1.00 sid='18879-rebirth.mod' fac='1083-gamedata.base'
[19:29:38.507] [HOST] INFO: [spawn] INFO send hand=1,88,198852544,8,3536132864 found=1 dead=0 age=1.00 sid='18879-rebirth.mod' fac='1083-gamedata.base'
[19:29:38.507] [HOST] INFO: [spawn] INFO send hand=1,88,198852544,9,2837524480 found=1 dead=0 age=1.00 sid='18879-rebirth.mod' fac='1083-gamedata.base'
[19:29:38.507] [HOST] INFO: [spawn] INFO send hand=1,88,198852544,10,1336425728 found=1 dead=0 age=1.00 sid='18879-rebirth.mod' fac='1083-gamedata.base'
[19:29:38.507] [HOST] INFO: [spawn] INFO send hand=1,88,198852544,11,3739990272 found=1 dead=0 age=1.00 sid='18879-rebirth.mod' fac='1083-gamedata.base'
[19:29:38.507] [HOST] INFO: [spawn] INFO send hand=1,88,198852544,12,1442138624 found=1 dead=0 age=1.00 sid='18879-rebirth.mod' fac='1083-gamedata.base'
[19:29:38.507] [HOST] INFO: [spawn] INFO send hand=1,88,198852544,13,565917952 found=1 dead=0 age=1.00 sid='18879-rebirth.mod' fac='1083-gamedata.base'
[19:29:38.507] [HOST] INFO: [spawn] INFO send hand=1,92,2649047808,1,3020873984 found=1 dead=0 age=1.00 sid='18882-rebirth.mod' fac='1083-gamedata.base'
[19:29:38.507] [HOST] INFO: [spawn] INFO send hand=1,92,2649047808,2,3130493184 found=1 dead=0 age=1.00 sid='1411-gamedata.base' fac='1083-gamedata.base'
[19:29:38.507] [HOST] INFO: [spawn] INFO send hand=1,92,2649047808,3,106933592 found=1 dead=0 age=1.00 sid='1411-gamedata.base' fac='1083-gamedata.base'
[19:29:38.507] [HOST] INFO: [spawn] INFO send hand=1,92,2649047808,4,840332032 found=1 dead=0 age=1.00 sid='1411-gamedata.base' fac='1083-gamedata.base'
[19:29:38.507] [HOST] INFO: [spawn] INFO send hand=1,92,2649047808,5,2549926656 found=1 dead=0 age=1.00 sid='1411-gamedata.base' fac='1083-gamedata.base'
[19:29:38.507] [HOST] INFO: [spawn] INFO send hand=1,92,2649047808,6,3991943424 found=1 dead=0 age=1.00 sid='1408-gamedata.base' fac='1083-gamedata.base'
[19:29:38.508] [HOST] INFO: [spawn] INFO send hand=1,92,2649047808,7,2343994112 found=1 dead=0 age=1.00 sid='1408-gamedata.base' fac='1083-gamedata.base'
[19:29:38.508] [HOST] INFO: [spawn] INFO send hand=1,92,2649047808,8,646362304 found=1 dead=0 age=1.00 sid='1408-gamedata.base' fac='1083-gamedata.base'
[19:29:38.508] [HOST] INFO: [spawn] INFO send hand=1,92,2649047808,9,2355956992 found=1 dead=0 age=1.00 sid='1408-gamedata.base' fac='1083-gamedata.base'
[19:29:39.004] [HOST] INFO: [audit] exist near=1 wide=16 drv=0 cen=0 hid=0 ghost=0 supp=3 census=0 fresh=1 parks=48 nearCap=0 wideCap=0 staleMs=58929 edges=0 ghostMax=-1 ghostEdge=0 dorm=0 attnR=1000 dormPc=0 pcs=2 mine=16 skip=16 cells=1
[19:29:39.187] [HOST] INFO: [med] SEND hand=1,612915008 npc=1 blood=3.5 bleed=0.00 fl=100.0,45.6,42.6,81.8 bd=0.0,54.4,57.4,18.2 flags=1 nparts=7 pmin=2.2 smin=0.0 ls=0,0,0,0
[19:29:39.625] [HOST] INFO: [interp] lerp=107207 extrap=5693 clamp=7 seg=940 single=158818 snapSq=532 snapNpc=0 reissueSq=973 reissueNpc=2124 restFlip=38 delay=162 jit=28.0 starve=0 snapMid=87 restFlipMid=31 haltDrv=0
[19:29:39.625] [HOST] INFO: [interp] worstZero hand=1,2916870144 zero=1059 active=15063 seg=135
[19:29:39.874] [HOST] INFO: [cell] RECV owner=1 rank=1 cell=25,24 seq=100
[19:29:39.874] [HOST] INFO: [cell] MAP cells=2 slots=2 24,24=0 25,24=1
[19:29:40.291] [HOST] INFO: [cam] center=-32644.2,137.9,-35838.6
[19:29:40.397] [HOST] INFO: [ai] suspended=1 driven=3
[19:29:40.841] [HOST] INFO: [inv] APPLY hand=1,2,2989257728,1,2916870144 items=10
[19:29:40.921] [HOST] INFO: [budget] pub avg=137us max=323us apply avg=22us max=67us frames=362 over2ms=0
[19:29:40.953] [HOST] INFO: [inv] resent 12 unchanged snapshot(s) in 60s
[19:29:40.963] [HOST] INFO: [deed] AUDIT hand=0.1432.11111.612.3788940544 isPlayer=1 set=1 sale=0 shop=0 public=0 desig=9 resident=0/0 town=0/1 interior=1 internals=0 doors=1/1/0 furn=0/0/0 canUse=1 home=1/1/0 stuff=1 wallet=19134 squads=2/0/0 cur=0/0 base=1/0 owner='204-gamedata.base' name='Small Shack'
[19:29:41.074] [HOST] INFO: [med] SEND hand=1,612915008 npc=1 blood=3.6 bleed=0.00 fl=100.0,45.6,42.6,81.9 bd=0.0,54.4,57.4,18.1 flags=1 nparts=7 pmin=2.2 smin=0.0 ls=0,0,0,0
[19:29:41.146] [HOST] INFO: [stats] RECV hand=1,2916870144 ok=1 str=6.6 dex=1.3 tough=11.7 stealth=1.3 athl=26.6 xp=0
[19:29:41.507] [HOST] INFO: [combat] stats snap=8 slide=2017 softWalk=2395 order=6 wrongTgt=0 armed=0 maxPersist=8
[19:29:42.907] [HOST] INFO: [cam] hint recv=-32253.6,138.5,-35908.3
[19:29:43.270] [HOST] INFO: [net] [net] bandwidth out=4.9 KB/s in=3.3 KB/s (window 5s)
[19:29:43.406] [HOST] INFO: [ai] suspended=1 driven=3
[19:29:44.024] [HOST] INFO: [census] sent n=3 radius=2000 mid=0 anchors=4 a0=loaded:3 a1=loaded:0 a2=loaded:0 a3=loaded:0 enum=3 notmine=0 proxyrow=0 attnR=1000
[19:29:44.034] [HOST] INFO: [audit] exist near=1 wide=3 drv=0 cen=0 hid=0 ghost=0 supp=3 census=0 fresh=1 parks=48 nearCap=0 wideCap=0 staleMs=58929 edges=0 ghostMax=-1 ghostEdge=0 dorm=0 attnR=1000 dormPc=0 pcs=2 mine=3 skip=3 cells=2
[19:29:44.633] [HOST] INFO: [interp] lerp=107659 extrap=5695 clamp=7 seg=940 single=158818 snapSq=532 snapNpc=0 reissueSq=1001 reissueNpc=2124 restFlip=38 delay=113 jit=13.3 starve=0 snapMid=87 restFlipMid=31 haltDrv=0
[19:29:44.633] [HOST] INFO: [interp] worstZero hand=1,2916870144 zero=1059 active=15517 seg=58
[19:29:44.874] [HOST] INFO: [cell] MAP cells=2 slots=2 24,24=0 25,24=1
[19:29:45.286] [HOST] INFO: [cam] center=-32021.8,138.5,-36075.3
[19:29:45.318] [HOST] INFO: [stats] SEND hand=1,1709716736 str=9.3 dex=5.7 tough=11.4 stealth=1.7 athl=19.5 xp=0 fap=0
[19:29:45.550] [HOST] INFO: [med] SEND hand=1,612915008 npc=1 blood=4.0 bleed=0.00 fl=100.0,45.7,42.7,82.0 bd=0.0,54.3,57.3,18.0 flags=1 nparts=7 pmin=2.3 smin=0.0 ls=0,0,0,0
[19:29:45.874] [HOST] INFO: [inv] APPLY hand=1,2,2989257728,1,2916870144 items=10
[19:29:45.926] [HOST] INFO: [budget] pub avg=124us max=271us apply avg=21us max=86us frames=491 over2ms=0
[19:29:45.998] [HOST] INFO: [deed] AUDIT hand=0.1432.11111.612.3788940544 isPlayer=1 set=1 sale=0 shop=0 public=0 desig=9 resident=0/0 town=0/1 interior=1 internals=0 doors=1/1/0 furn=0/0/0 canUse=1 home=1/1/0 stuff=1 wallet=19134 squads=2/0/0 cur=0/0 base=1/0 owner='204-gamedata.base' name='Small Shack'
[19:29:46.134] [HOST] INFO: [stats] RECV hand=1,2916870144 ok=1 str=6.6 dex=1.3 tough=11.7 stealth=1.3 athl=26.7 xp=0
[19:29:46.415] [HOST] INFO: [ai] suspended=1 driven=3
[19:29:46.515] [HOST] INFO: [combat] stats snap=8 slide=2017 softWalk=2395 order=6 wrongTgt=0 armed=0 maxPersist=8
[19:29:46.939] [HOST] INFO: [census] recv n=0 culls=7
[19:29:46.997] [HOST] INFO: [med] SEND hand=1,612915008 npc=1 blood=4.1 bleed=0.00 fl=100.0,45.8,42.8,82.0 bd=0.0,54.2,57.2,18.0 flags=1 nparts=7 pmin=2.4 smin=0.0 ls=0,0,0,0
[19:29:47.960] [HOST] INFO: [cam] hint recv=-30778.5,170.9,-35647.3
[19:29:49.066] [HOST] INFO: [audit] exist near=1 wide=3 drv=0 cen=0 hid=0 ghost=0 supp=3 census=0 fresh=1 parks=48 nearCap=0 wideCap=0 staleMs=58929 edges=0 ghostMax=-1 ghostEdge=0 dorm=0 attnR=1000 dormPc=0 pcs=2 mine=3 skip=3 cells=2
[19:29:49.392] [HOST] INFO: [net] [net] bandwidth out=3.5 KB/s in=3.3 KB/s (window 6s)
[19:29:49.425] [HOST] INFO: [ai] suspended=1 driven=3
[19:29:49.644] [HOST] INFO: [interp] lerp=108091 extrap=5705 clamp=7 seg=940 single=158818 snapSq=532 snapNpc=0 reissueSq=1031 reissueNpc=2124 restFlip=38 delay=123 jit=12.3 starve=0 snapMid=87 restFlipMid=31 haltDrv=0
[19:29:49.644] [HOST] INFO: [interp] worstZero hand=1,2916870144 zero=1059 active=15959 seg=98
[19:29:49.878] [HOST] INFO: [cell] MAP cells=2 slots=2 24,24=0 25,24=1
[19:29:50.293] [HOST] INFO: [cam] center=-31729.2,156.1,-35961.5
[19:29:50.818] [HOST] INFO: [inv] APPLY hand=1,2,2989257728,1,2916870144 items=10
[19:29:50.908] [HOST] INFO: [stats] RECV hand=1,2916870144 ok=1 str=6.6 dex=1.3 tough=11.7 stealth=1.3 athl=26.7 xp=0
[19:29:50.935] [HOST] INFO: [budget] pub avg=131us max=332us apply avg=23us max=550us frames=420 over2ms=0
[19:29:51.031] [HOST] INFO: [deed] AUDIT hand=0.1432.11111.612.3788940544 isPlayer=1 set=1 sale=0 shop=0 public=0 desig=9 resident=0/0 town=0/1 interior=1 internals=0 doors=1/1/0 furn=0/0/0 canUse=1 home=1/1/0 stuff=1 wallet=19134 squads=2/0/0 cur=0/0 base=1/0 owner='204-gamedata.base' name='Small Shack'
[19:29:51.168] [HOST] INFO: [med] SEND hand=1,612915008 npc=1 blood=4.3 bleed=0.00 fl=100.0,45.8,42.8,82.1 bd=0.0,54.2,57.2,17.9 flags=1 nparts=7 pmin=2.4 smin=0.0 ls=0,0,0,0
[19:29:51.524] [HOST] INFO: [combat] stats snap=8 slide=2017 softWalk=2395 order=6 wrongTgt=0 armed=0 maxPersist=8
[19:29:51.970] [HOST] INFO: [med] SEND hand=1,1709716736 npc=0 blood=82.0 bleed=0.00 fl=100.0,100.0,100.0,100.0 bd=0.0,0.0,0.0,0.0 flags=0 nparts=7 pmin=57.9 smin=0.0 ls=0,0,0,0
[19:29:52.429] [HOST] INFO: [ai] suspended=1 driven=3
[19:29:52.968] [HOST] INFO: [cam] hint recv=-30249.8,328.4,-35362.0
[19:29:53.541] [HOST] INFO: [med] SEND hand=1,612915008 npc=1 blood=4.4 bleed=0.00 fl=100.0,45.8,42.8,82.1 bd=0.0,54.2,57.2,17.9 flags=1 nparts=7 pmin=2.5 smin=0.0 ls=0,0,0,0
[19:29:54.081] [HOST] INFO: [census] sent n=3 radius=2000 mid=0 anchors=4 a0=loaded:3 a1=loaded:0 a2=loaded:0 a3=loaded:0 enum=3 notmine=0 proxyrow=0 attnR=1000
[19:29:54.106] [HOST] INFO: [audit] exist near=1 wide=3 drv=0 cen=0 hid=0 ghost=0 supp=3 census=0 fresh=1 parks=48 nearCap=0 wideCap=0 staleMs=58929 edges=0 ghostMax=-1 ghostEdge=0 dorm=0 attnR=1000 dormPc=0 pcs=2 mine=3 skip=3 cells=2
[19:29:54.408] [HOST] INFO: [net] [net] bandwidth out=4.5 KB/s in=3.2 KB/s (window 5s)
[19:29:54.655] [HOST] INFO: [interp] lerp=108491 extrap=5712 clamp=7 seg=940 single=158818 snapSq=532 snapNpc=0 reissueSq=1066 reissueNpc=2124 restFlip=38 delay=149 jit=17.6 starve=0 snapMid=87 restFlipMid=31 haltDrv=0
[19:29:54.655] [HOST] INFO: [interp] worstZero hand=1,2916870144 zero=1059 active=16366 seg=108
[19:29:54.886] [HOST] INFO: [cell] MAP cells=2 slots=2 24,24=0 25,24=1
[19:29:55.293] [HOST] INFO: [cam] center=-31172.0,134.8,-36070.1
[19:29:55.433] [HOST] INFO: [ai] suspended=1 driven=3
[19:29:55.885] [HOST] INFO: [stats] RECV hand=1,2916870144 ok=1 str=6.6 dex=1.3 tough=11.7 stealth=1.3 athl=26.7 xp=0
[19:29:55.887] [HOST] INFO: [inv] APPLY hand=1,2,2989257728,1,2916870144 items=10
[19:29:55.940] [HOST] INFO: [budget] pub avg=135us max=349us apply avg=22us max=100us frames=394 over2ms=0
[19:29:56.076] [HOST] INFO: [deed] AUDIT hand=0.1432.11111.612.3788940544 isPlayer=1 set=1 sale=0 shop=0 public=0 desig=9 resident=0/0 town=0/1 interior=1 internals=0 doors=1/1/0 furn=0/0/0 canUse=1 home=1/1/0 stuff=1 wallet=19134 squads=2/0/0 cur=0/0 base=1/0 owner='204-gamedata.base' name='Small Shack'
[19:29:56.093] [HOST] INFO: [med] SEND hand=1,612915008 npc=1 blood=4.5 bleed=0.00 fl=100.0,45.9,42.9,82.1 bd=0.0,54.1,57.1,17.9 flags=1 nparts=7 pmin=2.5 smin=0.0 ls=0,0,0,0
[19:29:56.529] [HOST] INFO: [combat] stats snap=8 slide=2017 softWalk=2395 order=6 wrongTgt=0 armed=0 maxPersist=8
[19:29:57.072] [HOST] INFO: [census] recv n=2 culls=7
[19:29:57.088] [HOST] INFO: [life] hand=1,177,2621093632,1,177001952 from=UNKNOWN to=DISCOVERED reason=census-miss
[19:29:57.088] [HOST] INFO: [spawn] census-missing hand=1,177,2621093632,1,177001952 (no local body)
[19:29:57.088] [HOST] INFO: [life] hand=1,207,66406248,1,268554688 from=UNKNOWN to=DISCOVERED reason=census-miss
[19:29:57.088] [HOST] INFO: [spawn] census-missing hand=1,207,66406248,1,268554688 (no local body)
[19:29:57.088] [HOST] INFO: [spawn] REQ hand=1,177,2621093632,1,177001952 send=1
[19:29:57.088] [HOST] INFO: [spawn] REQ hand=1,207,66406248,1,268554688 send=1
[19:29:57.106] [HOST] INFO: [med] SEND hand=1,612915008 npc=1 blood=4.5 bleed=0.00 fl=100.0,45.9,42.9,82.1 bd=0.0,54.1,57.1,17.9 flags=1 nparts=7 pmin=2.5 smin=0.0 ls=0,0,0,0
[19:29:57.358] [HOST] INFO: [spawn] INFO deferred (far) hand=1,177,2621093632,1,177001952 dist=2259 mint=600 cen=1
[19:29:57.358] [HOST] INFO: [spawn] INFO deferred (far) hand=1,207,66406248,1,268554688 dist=2270 mint=600 cen=1
[19:29:57.650] [HOST] INFO: [med] SEND hand=1,1709716736 npc=0 blood=82.0 bleed=0.00 fl=100.0,100.0,100.0,100.0 bd=0.0,0.0,0.0,0.0 flags=0 nparts=7 pmin=58.0 smin=0.0 ls=0,0,0,0
[19:29:58.004] [HOST] INFO: [cam] hint recv=-30235.4,356.0,-35131.6
[19:29:58.441] [HOST] INFO: [ai] suspended=1 driven=3
[19:29:59.206] [HOST] INFO: [audit] exist near=1 wide=3 drv=0 cen=0 hid=0 ghost=1 supp=3 census=2 fresh=1 parks=48 nearCap=0 wideCap=0 staleMs=58929 edges=0 ghostMax=0 ghostEdge=0 dorm=0 attnR=1000 dormPc=0 pcs=2 mine=2 skip=2 cells=2
[19:29:59.287] [HOST] INFO: [med] SEND hand=1,612915008 npc=1 blood=4.6 bleed=0.00 fl=100.0,45.9,42.9,82.2 bd=0.0,54.1,57.1,17.8 flags=1 nparts=7 pmin=2.5 smin=0.0 ls=0,0,0,0
[19:29:59.312] [HOST] INFO: [event] RECV id=3 ev=1 owner=1 hand=1,47,830810560,1,612915008 actor=0,0
[19:29:59.409] [HOST] INFO: [net] [net] bandwidth out=3.8 KB/s in=3.0 KB/s (window 5s)
[19:29:59.657] [HOST] INFO: [interp] lerp=108876 extrap=5716 clamp=9 seg=940 single=158821 snapSq=532 snapNpc=0 reissueSq=1098 reissueNpc=2124 restFlip=38 delay=140 jit=18.7 starve=0 snapMid=87 restFlipMid=31 haltDrv=0
[19:29:59.657] [HOST] INFO: [interp] worstZero hand=1,2916870144 zero=1059 active=16730 seg=65
[19:29:59.887] [HOST] INFO: [cell] MAP cells=2 slots=2 24,24=0 25,24=1
[19:30:00.287] [HOST] INFO: [cam] center=-31566.3,141.2,-35975.1
[19:30:00.336] [HOST] INFO: [door] rollup sent=0 (resend=0) recv=0 applied=0 nohand=0 converged=0 over=30s
[19:30:00.890] [HOST] INFO: [stats] RECV hand=1,2916870144 ok=1 str=6.6 dex=1.3 tough=11.7 stealth=1.3 athl=26.8 xp=0
[19:30:00.891] [HOST] INFO: [inv] APPLY hand=1,2,2989257728,1,2916870144 items=10
[19:30:00.946] [HOST] INFO: [budget] pub avg=116us max=305us apply avg=23us max=165us frames=353 over2ms=0
[19:30:01.114] [HOST] INFO: [deed] AUDIT hand=0.1432.11111.612.3788940544 isPlayer=1 set=1 sale=0 shop=0 public=0 desig=9 resident=0/0 town=0/1 interior=1 internals=0 doors=1/1/0 furn=0/0/0 canUse=1 home=1/1/0 stuff=1 wallet=19134 squads=2/0/0 cur=0/0 base=1/0 owner='204-gamedata.base' name='Small Shack'
[19:30:01.141] [HOST] INFO: [cell] CLAIM rank=0 cell=25,24 seq=116 dwell=3 pos=-32165,-35999
[19:30:01.141] [HOST] INFO: [cell] MAP cells=1 slots=2 25,24=0
[19:30:01.153] [HOST] INFO: [cell] yield hand=1,612915008 owner=0 - the peer's stream holds this body; not authoring it while they drive it
[19:30:01.452] [HOST] INFO: [ai] suspended=1 driven=4
[19:30:01.537] [HOST] INFO: [combat] stats snap=8 slide=2017 softWalk=2395 order=6 wrongTgt=0 armed=0 maxPersist=8
[19:30:01.644] [HOST] INFO: [med] SEND hand=1,1709716736 npc=0 blood=82.0 bleed=0.00 fl=100.0,100.0,100.0,100.0 bd=0.0,0.0,0.0,0.0 flags=0 nparts=7 pmin=58.1 smin=0.0 ls=0,0,0,0
[19:30:02.043] [HOST] INFO: [med] SEND hand=1,1709716736 npc=0 blood=82.0 bleed=0.00 fl=100.0,100.0,100.0,100.0 bd=0.0,0.0,0.0,0.0 flags=0 nparts=7 pmin=58.1 smin=0.0 ls=0,0,0,0
[19:30:03.021] [HOST] INFO: [prod] SEND key=0.1562.11111.1.2264526336 kind=0 class=4 pwr=1 state=2 out='1866-gamedata.base' outAmt=0.000 in0=-1.000 in1=-1.000 grown=-1.000 first=1 seq=44
[19:30:03.076] [HOST] INFO: [cam] hint recv=-29205.1,469.0,-35287.4
[19:30:03.375] [HOST] INFO: [inv] APPLY hand=0,1562,11111,1,321411136 items=0
[19:30:03.445] [HOST] INFO: [inv] SEND hand=0,1562,11111,1,2264526336 kind=0 key=0,1562,11111,1,2264526336 items=0 hash=0
[19:30:03.926] [HOST] INFO: [speed] REQ mult=1.00 paused=0 combat=0
[19:30:04.165] [HOST] INFO: [census] sent n=3 radius=2000 mid=0 anchors=4 a0=loaded:3 a1=loaded:0 a2=loaded:0 a3=loaded:0 enum=3 notmine=0 proxyrow=0 attnR=1000
[19:30:04.207] [HOST] INFO: [audit] exist near=1 wide=2 drv=0 cen=0 hid=0 ghost=0 supp=3 census=0 fresh=1 parks=48 nearCap=0 wideCap=0 staleMs=58929 edges=0 ghostMax=-1 ghostEdge=0 dorm=0 attnR=1000 dormPc=0 pcs=2 mine=2 skip=2 cells=1
[19:30:04.464] [HOST] INFO: [ai] suspended=1 driven=4
[19:30:04.605] [HOST] INFO: [med] SEND hand=1,612915008 npc=1 blood=4.9 bleed=0.00 fl=100.0,46.0,43.0,82.2 bd=0.0,54.0,57.0,17.8 flags=1 nparts=7 pmin=2.6 smin=0.0 ls=0,0,0,0
[19:30:04.646] [HOST] INFO: [net] [net] bandwidth out=3.4 KB/s in=3.1 KB/s (window 5s)
[19:30:04.664] [HOST] INFO: [interp] lerp=109321 extrap=5865 clamp=9 seg=940 single=158821 snapSq=532 snapNpc=0 reissueSq=1125 reissueNpc=2124 restFlip=38 delay=200 jit=9.6 starve=1 snapMid=87 restFlipMid=31 haltDrv=0
[19:30:04.664] [HOST] INFO: [interp] worstZero hand=1,2916870144 zero=1060 active=17062 seg=54
[19:30:05.115] [HOST] INFO: [speed] REQ mult=1.00 paused=0 combat=0
[19:30:05.289] [HOST] INFO: [cam] center=-30403.9,288.6,-35483.7
[19:30:05.608] [HOST] INFO: [med] SEND hand=1,612915008 npc=1 blood=4.9 bleed=0.00 fl=100.0,46.0,43.0,82.3 bd=0.0,54.0,57.0,17.7 flags=1 nparts=7 pmin=2.6 smin=0.0 ls=0,0,0,0
[19:30:05.633] [HOST] INFO: [stats] RECV hand=1,2916870144 ok=1 str=6.6 dex=1.3 tough=11.7 stealth=1.3 athl=26.8 xp=0
[19:30:05.885] [HOST] INFO: [inv] APPLY hand=1,2,2989257728,1,2916870144 items=10
[19:30:05.947] [HOST] INFO: [budget] pub avg=118us max=323us apply avg=24us max=97us frames=352 over2ms=0
[19:30:06.130] [HOST] INFO: [deed] AUDIT hand=0.1432.11111.612.3788940544 isPlayer=1 set=1 sale=0 shop=0 public=0 desig=9 resident=0/0 town=0/1 interior=1 internals=0 doors=1/1/0 furn=0/0/0 canUse=1 home=1/1/0 stuff=1 wallet=19134 squads=2/0/0 cur=0/0 base=1/0 owner='204-gamedata.base' name='Small Shack'
[19:30:06.143] [HOST] INFO: [cell] MAP cells=1 slots=2 25,24=0
[19:30:06.371] [HOST] INFO: [stats] SEND hand=1,1709716736 str=9.4 dex=5.7 tough=11.4 stealth=1.7 athl=19.6 xp=0 fap=0
[19:30:06.540] [HOST] INFO: [combat] stats snap=8 slide=2017 softWalk=2395 order=6 wrongTgt=0 armed=0 maxPersist=8
[19:30:07.138] [HOST] INFO: [med] SEND hand=1,612915008 npc=1 blood=5.0 bleed=0.00 fl=100.0,46.0,43.0,82.3 bd=0.0,54.0,57.0,17.7 flags=1 nparts=7 pmin=2.7 smin=0.0 ls=0,0,0,0
[19:30:07.474] [HOST] INFO: [ai] suspended=1 driven=4
[19:30:08.075] [HOST] INFO: [census] recv n=0 culls=7
[19:30:08.075] [HOST] INFO: [cam] hint recv=-27917.8,497.7,-35944.6
[19:30:08.571] [HOST] INFO: [life] pruned throttle stamps=22
[19:30:08.633] [HOST] INFO: [med] SEND hand=1,612915008 npc=1 blood=5.1 bleed=0.00 fl=100.0,46.1,43.1,82.3 bd=0.0,53.9,56.9,17.7 flags=1 nparts=7 pmin=2.7 smin=0.0 ls=0,0,0,0
[19:30:09.275] [HOST] INFO: [audit] exist near=1 wide=1 drv=0 cen=0 hid=0 ghost=0 supp=3 census=0 fresh=1 parks=48 nearCap=0 wideCap=0 staleMs=58929 edges=0 ghostMax=-1 ghostEdge=0 dorm=0 attnR=1000 dormPc=0 pcs=2 mine=1 skip=1 cells=1
[19:30:09.675] [HOST] INFO: [interp] lerp=109665 extrap=5865 clamp=9 seg=940 single=158821 snapSq=532 snapNpc=0 reissueSq=1154 reissueNpc=2124 restFlip=38 delay=158 jit=10.1 starve=1 snapMid=87 restFlipMid=31 haltDrv=0
[19:30:09.675] [HOST] INFO: [interp] worstZero hand=1,2916870144 zero=1060 active=17406 seg=75
[19:30:09.724] [HOST] INFO: [net] [net] bandwidth out=3.5 KB/s in=3.1 KB/s (window 5s)
[19:30:10.300] [HOST] INFO: [cam] center=-31588.9,137.5,-35905.0
[19:30:10.485] [HOST] INFO: [ai] suspended=1 driven=4
[19:30:10.616] [HOST] INFO: [stats] RECV hand=1,2916870144 ok=1 str=6.6 dex=1.3 tough=11.7 stealth=1.3 athl=26.8 xp=0
[19:30:10.871] [HOST] INFO: [inv] APPLY hand=1,2,2989257728,1,2916870144 items=10
[19:30:10.947] [HOST] INFO: [budget] pub avg=112us max=354us apply avg=24us max=123us frames=321 over2ms=0
[19:30:11.159] [HOST] INFO: [cell] MAP cells=1 slots=2 25,24=0
[19:30:11.329] [HOST] INFO: [med] SEND hand=1,612915008 npc=1 blood=5.2 bleed=0.00 fl=100.0,46.1,43.1,82.4 bd=0.0,53.9,56.9,17.6 flags=1 nparts=7 pmin=2.7 smin=0.0 ls=0,0,0,0
[19:30:11.541] [HOST] INFO: [combat] stats snap=8 slide=2017 softWalk=2395 order=6 wrongTgt=0 armed=0 maxPersist=8
[19:30:11.952] [HOST] INFO: [taskkey] key=141 desc='Following leader' repro=0 subject=1
[19:30:11.952] [HOST] INFO: [taskkey] key=53 desc='Travelling' repro=0 subject=0
[19:30:12.690] [HOST] INFO: [spawn] INFO send hand=1,144,3231811584,1,3887085056 found=1 dead=0 age=1.00 sid='1408-gamedata.base' fac='1083-gamedata.base'
[19:30:12.690] [HOST] INFO: [spawn] INFO send hand=1,144,3231811584,2,3586181632 found=1 dead=0 age=1.00 sid='18880-rebirth.mod' fac='1083-gamedata.base'
[19:30:12.690] [HOST] INFO: [spawn] INFO send hand=1,144,3231811584,3,1224975616 found=1 dead=0 age=1.00 sid='18880-rebirth.mod' fac='1083-gamedata.base'
[19:30:12.690] [HOST] INFO: [spawn] INFO send hand=1,144,3231811584,4,3872192256 found=1 dead=0 age=1.00 sid='18880-rebirth.mod' fac='1083-gamedata.base'
[19:30:12.690] [HOST] INFO: [spawn] INFO send hand=1,144,3231811584,5,1469360384 found=1 dead=0 age=1.00 sid='18880-rebirth.mod' fac='1083-gamedata.base'
[19:30:12.690] [HOST] INFO: [spawn] INFO send hand=1,144,3231811584,6,3770507776 found=1 dead=0 age=1.00 sid='18880-rebirth.mod' fac='1083-gamedata.base'
[19:30:12.690] [HOST] INFO: [spawn] INFO send hand=1,144,3231811584,7,1105835008 found=1 dead=0 age=1.00 sid='18880-rebirth.mod' fac='1083-gamedata.base'
[19:30:12.690] [HOST] INFO: [spawn] INFO send hand=1,144,3231811584,8,455932608 found=1 dead=0 age=1.00 sid='18880-rebirth.mod' fac='1083-gamedata.base'
[19:30:13.137] [HOST] INFO: [cam] hint recv=-29315.0,500.4,-35388.5
[19:30:13.159] [HOST] INFO: [inv] APPLY hand=0,1562,11111,1,321411136 items=0
[19:30:13.490] [HOST] INFO: [ai] suspended=1 driven=4
[19:30:13.682] [HOST] INFO: [authority] pruned 3 stale suppressed entries (despawned; supp=0 total=3)
[19:30:14.250] [HOST] INFO: [census] sent n=13 radius=2000 mid=8 anchors=4 a0=loaded:11 a1=loaded:0 a2=loaded:0 a3=loaded:2 enum=13 notmine=0 proxyrow=0 attnR=1000
[19:30:14.340] [HOST] INFO: [audit] exist near=1 wide=11 drv=0 cen=0 hid=0 ghost=0 supp=0 census=0 fresh=1 parks=48 nearCap=0 wideCap=0 staleMs=58929 edges=0 ghostMax=-1 ghostEdge=0 dorm=0 attnR=1000 dormPc=0 pcs=2 mine=11 skip=11 cells=1
[19:30:14.689] [HOST] INFO: [interp] lerp=110001 extrap=5865 clamp=9 seg=940 single=158821 snapSq=532 snapNpc=0 reissueSq=1183 reissueNpc=2124 restFlip=38 delay=148 jit=17.9 starve=0 snapMid=87 restFlipMid=31 haltDrv=0
[19:30:14.689] [HOST] INFO: [interp] worstZero hand=1,2916870144 zero=1065 active=17742 seg=54
[19:30:15.300] [HOST] INFO: [net] [net] bandwidth out=3.5 KB/s in=2.3 KB/s (window 6s)
[19:30:15.301] [HOST] INFO: [cam] center=-30496.2,245.2,-35441.1
[19:30:15.612] [HOST] INFO: [stats] RECV hand=1,2916870144 ok=1 str=6.6 dex=1.3 tough=11.7 stealth=1.3 athl=26.9 xp=0
[19:30:15.868] [HOST] INFO: [inv] APPLY hand=1,2,2989257728,1,2916870144 items=10
[19:30:15.950] [HOST] INFO: [budget] pub avg=101us max=321us apply avg=24us max=147us frames=363 over2ms=0
[19:30:16.158] [HOST] INFO: [cell] MAP cells=1 slots=2 25,24=0
[19:30:16.494] [HOST] INFO: [ai] suspended=1 driven=4
[19:30:16.545] [HOST] INFO: [combat] stats snap=8 slide=2017 softWalk=2395 order=6 wrongTgt=0 armed=0 maxPersist=8
[19:30:18.121] [HOST] INFO: [census] recv n=0 culls=7
[19:30:18.337] [HOST] INFO: [med] SEND hand=1,612915008 npc=1 blood=5.6 bleed=0.00 fl=100.0,46.2,43.2,82.5 bd=0.0,53.8,56.8,17.5 flags=1 nparts=7 pmin=2.9 smin=0.0 ls=0,0,0,0
[19:30:18.686] [HOST] INFO: [spawn] INFO send hand=1,144,3231811584,1,3887085056 found=1 dead=0 age=1.00 sid='1408-gamedata.base' fac='1083-gamedata.base'
[19:30:18.686] [HOST] INFO: [spawn] INFO send hand=1,144,3231811584,2,3586181632 found=1 dead=0 age=1.00 sid='18880-rebirth.mod' fac='1083-gamedata.base'
[19:30:18.686] [HOST] INFO: [spawn] INFO send hand=1,144,3231811584,3,1224975616 found=1 dead=0 age=1.00 sid='18880-rebirth.mod' fac='1083-gamedata.base'
[19:30:18.686] [HOST] INFO: [spawn] INFO send hand=1,144,3231811584,4,3872192256 found=1 dead=0 age=1.00 sid='18880-rebirth.mod' fac='1083-gamedata.base'
[19:30:18.686] [HOST] INFO: [spawn] INFO send hand=1,144,3231811584,5,1469360384 found=1 dead=0 age=1.00 sid='18880-rebirth.mod' fac='1083-gamedata.base'
[19:30:18.686] [HOST] INFO: [spawn] INFO send hand=1,144,3231811584,6,3770507776 found=1 dead=0 age=1.00 sid='18880-rebirth.mod' fac='1083-gamedata.base'
[19:30:18.686] [HOST] INFO: [spawn] INFO send hand=1,144,3231811584,7,1105835008 found=1 dead=0 age=1.00 sid='18880-rebirth.mod' fac='1083-gamedata.base'
[19:30:18.686] [HOST] INFO: [spawn] INFO send hand=1,144,3231811584,8,455932608 found=1 dead=0 age=1.00 sid='18880-rebirth.mod' fac='1083-gamedata.base'
[19:30:19.109] [HOST] INFO: [cam] hint recv=-29315.0,500.4,-35388.5
[19:30:19.361] [HOST] INFO: [med] SEND hand=1,612915008 npc=1 blood=5.6 bleed=0.00 fl=100.0,46.3,43.3,82.5 bd=0.0,53.7,56.7,17.5 flags=1 nparts=7 pmin=2.9 smin=0.0 ls=0,0,0,0
[19:30:19.375] [HOST] INFO: [audit] exist near=1 wide=11 drv=0 cen=0 hid=0 ghost=0 supp=0 census=0 fresh=1 parks=48 nearCap=0 wideCap=0 staleMs=58929 edges=0 ghostMax=-1 ghostEdge=0 dorm=0 attnR=1000 dormPc=0 pcs=2 mine=11 skip=11 cells=1
[19:30:19.497] [HOST] INFO: [ai] suspended=1 driven=4
[19:30:19.691] [HOST] INFO: [interp] lerp=110466 extrap=5868 clamp=9 seg=940 single=158821 snapSq=532 snapNpc=0 reissueSq=1213 reissueNpc=2124 restFlip=38 delay=148 jit=15.5 starve=0 snapMid=87 restFlipMid=31 haltDrv=0
[19:30:19.691] [HOST] INFO: [interp] worstZero hand=1,2916870144 zero=1065 active=18210 seg=53
[19:30:20.304] [HOST] INFO: [cam] center=-31484.7,138.0,-35792.6
[19:30:20.346] [HOST] INFO: [net] [net] bandwidth out=3.6 KB/s in=2.5 KB/s (window 5s)
[19:30:20.610] [HOST] INFO: [stats] RECV hand=1,2916870144 ok=1 str=6.6 dex=1.3 tough=11.7 stealth=1.3 athl=26.9 xp=0
[19:30:20.883] [HOST] INFO: [inv] APPLY hand=1,2,2989257728,1,2916870144 items=10
[19:30:20.956] [HOST] INFO: [budget] pub avg=93us max=260us apply avg=21us max=155us frames=507 over2ms=0
[19:30:21.161] [HOST] INFO: [cell] MAP cells=1 slots=2 25,24=0
[19:30:21.542] [HOST] INFO: [med] SEND hand=1,612915008 npc=1 blood=5.8 bleed=0.00 fl=100.0,46.3,43.3,82.6 bd=0.0,53.7,56.7,17.4 flags=1 nparts=7 pmin=2.9 smin=0.0 ls=0,0,0,0
[19:30:21.550] [HOST] INFO: [combat] stats snap=8 slide=2017 softWalk=2395 order=6 wrongTgt=0 armed=0 maxPersist=8
[19:30:22.388] [HOST] INFO: [stats] SEND hand=1,1709716736 str=9.5 dex=5.7 tough=11.4 stealth=1.7 athl=19.6 xp=0 fap=0
[19:30:22.496] [HOST] INFO: [ai] suspended=1 driven=4
[19:30:22.634] [HOST] INFO: [med] SEND hand=1,1709716736 npc=0 blood=82.1 bleed=0.00 fl=100.0,100.0,100.0,100.0 bd=0.0,0.0,0.0,0.0 flags=0 nparts=7 pmin=58.5 smin=0.0 ls=0,0,0,0
[19:30:22.659] [HOST] INFO: [med] SEND hand=1,612915008 npc=1 blood=5.9 bleed=0.00 fl=100.0,46.3,43.3,82.6 bd=0.0,53.7,56.7,17.4 flags=1 nparts=7 pmin=3.0 smin=0.0 ls=0,0,0,0
[19:30:23.760] [HOST] INFO: [med] SEND hand=1,612915008 npc=1 blood=6.0 bleed=0.00 fl=100.0,46.4,43.4,82.6 bd=0.0,53.6,56.6,17.4 flags=1 nparts=7 pmin=3.0 smin=0.0 ls=0,0,0,0
[19:30:23.825] [HOST] INFO: [speed] REQ RECV owner=1 mult=5.00 paused=0 combat=0
[19:30:24.168] [HOST] INFO: [cam] hint recv=-29099.4,511.7,-34332.7
[19:30:24.297] [HOST] INFO: [census] sent n=20 radius=2000 mid=8 anchors=4 a0=loaded:10 a1=loaded:2 a2=loaded:0 a3=loaded:8 enum=20 notmine=0 proxyrow=0 attnR=1000
[19:30:24.381] [HOST] INFO: [audit] exist near=1 wide=17 drv=0 cen=0 hid=0 ghost=0 supp=0 census=0 fresh=1 parks=48 nearCap=0 wideCap=0 staleMs=58929 edges=0 ghostMax=-1 ghostEdge=0 dorm=0 attnR=1000 dormPc=0 pcs=2 mine=17 skip=17 cells=1
[19:30:24.665] [HOST] INFO: [spawn] INFO send hand=1,144,3231811584,1,3887085056 found=1 dead=0 age=1.00 sid='1408-gamedata.base' fac='1083-gamedata.base'
[19:30:24.665] [HOST] INFO: [spawn] INFO send hand=1,144,3231811584,2,3586181632 found=1 dead=0 age=1.00 sid='18880-rebirth.mod' fac='1083-gamedata.base'
[19:30:24.665] [HOST] INFO: [spawn] INFO send hand=1,144,3231811584,3,1224975616 found=1 dead=0 age=1.00 sid='18880-rebirth.mod' fac='1083-gamedata.base'
[19:30:24.665] [HOST] INFO: [spawn] INFO send hand=1,144,3231811584,4,3872192256 found=1 dead=0 age=1.00 sid='18880-rebirth.mod' fac='1083-gamedata.base'
[19:30:24.665] [HOST] INFO: [spawn] INFO send hand=1,144,3231811584,5,1469360384 found=1 dead=0 age=1.00 sid='18880-rebirth.mod' fac='1083-gamedata.base'
[19:30:24.665] [HOST] INFO: [spawn] INFO send hand=1,144,3231811584,6,3770507776 found=1 dead=0 age=1.00 sid='18880-rebirth.mod' fac='1083-gamedata.base'
[19:30:24.665] [HOST] INFO: [spawn] INFO send hand=1,144,3231811584,7,1105835008 found=1 dead=0 age=1.00 sid='18880-rebirth.mod' fac='1083-gamedata.base'
[19:30:24.665] [HOST] INFO: [spawn] INFO send hand=1,144,3231811584,8,455932608 found=1 dead=0 age=1.00 sid='18880-rebirth.mod' fac='1083-gamedata.base'
[19:30:24.691] [HOST] INFO: [interp] lerp=111022 extrap=5870 clamp=9 seg=940 single=158821 snapSq=532 snapNpc=0 reissueSq=1246 reissueNpc=2124 restFlip=38 delay=138 jit=17.1 starve=0 snapMid=87 restFlipMid=31 haltDrv=0
[19:30:24.691] [HOST] INFO: [interp] worstZero hand=1,2916870144 zero=1065 active=18768 seg=74
[19:30:24.768] [HOST] INFO: [med] SEND hand=1,612915008 npc=1 blood=6.1 bleed=0.00 fl=100.0,46.4,43.4,82.6 bd=0.0,53.6,56.6,17.4 flags=1 nparts=7 pmin=3.0 smin=0.0 ls=0,0,0,0
[19:30:25.247] [HOST] INFO: [med] SEND hand=1,1709716736 npc=0 blood=82.1 bleed=0.00 fl=100.0,100.0,100.0,100.0 bd=0.0,0.0,0.0,0.0 flags=0 nparts=7 pmin=58.6 smin=0.0 ls=0,0,0,0
[19:30:25.303] [HOST] INFO: [cam] center=-31142.4,138.1,-35732.5
[19:30:25.438] [HOST] INFO: [net] [net] bandwidth out=4.0 KB/s in=2.3 KB/s (window 5s)
[19:30:25.504] [HOST] INFO: [ai] suspended=1 driven=4
[19:30:25.589] [HOST] INFO: [stats] RECV hand=1,2916870144 ok=1 str=6.6 dex=1.3 tough=11.7 stealth=1.3 athl=26.9 xp=0
[19:30:25.651] [HOST] INFO: [med] SEND hand=1,1709716736 npc=0 blood=82.1 bleed=0.00 fl=100.0,100.0,100.0,100.0 bd=0.0,0.0,0.0,0.0 flags=0 nparts=7 pmin=58.6 smin=0.0 ls=0,0,0,0
[19:30:25.917] [HOST] INFO: [inv] APPLY hand=1,2,2989257728,1,2916870144 items=10
[19:30:25.955] [HOST] INFO: [med] SEND hand=1,612915008 npc=1 blood=6.2 bleed=0.00 fl=100.0,46.4,43.4,82.7 bd=0.0,53.6,56.6,17.3 flags=1 nparts=7 pmin=3.0 smin=0.0 ls=0,0,0,0
[19:30:25.957] [HOST] INFO: [budget] pub avg=90us max=285us apply avg=20us max=88us frames=559 over2ms=0
[19:30:26.167] [HOST] INFO: [cell] MAP cells=1 slots=2 25,24=0
[19:30:26.557] [HOST] INFO: [combat] stats snap=8 slide=2017 softWalk=2395 order=6 wrongTgt=0 armed=0 maxPersist=8
[19:30:26.601] [HOST] INFO: [stats] SEND hand=1,1709716736 str=9.5 dex=5.7 tough=11.4 stealth=1.7 athl=19.6 xp=0 fap=0
[19:30:26.715] [HOST] INFO: [spawn] INFO send hand=1,144,3231811584,5,1469360384 found=1 dead=0 age=1.00 sid='18880-rebirth.mod' fac='1083-gamedata.base'
[19:30:26.717] [HOST] INFO: [spawn] INFO send hand=1,144,3231811584,6,3770507776 found=1 dead=0 age=1.00 sid='18880-rebirth.mod' fac='1083-gamedata.base'
[19:30:26.717] [HOST] INFO: [spawn] INFO send hand=1,144,3231811584,7,1105835008 found=1 dead=0 age=1.00 sid='18880-rebirth.mod' fac='1083-gamedata.base'
[19:30:26.717] [HOST] INFO: [spawn] INFO send hand=1,144,3231811584,8,455932608 found=1 dead=0 age=1.00 sid='18880-rebirth.mod' fac='1083-gamedata.base'
[19:30:26.717] [HOST] INFO: [spawn] INFO send hand=1,151,2635497984,1,1873901312 found=1 dead=0 age=1.00 sid='1534081-Higher Bounties.mod' fac='1534079-Higher Bounties.mod'
[19:30:26.717] [HOST] INFO: [spawn] INFO send hand=1,151,2635497984,2,810180672 found=1 dead=0 age=1.00 sid='1534082-Higher Bounties.mod' fac='1534079-Higher Bounties.mod'
[19:30:26.717] [HOST] INFO: [spawn] INFO send hand=1,151,2635497984,3,3895385856 found=1 dead=0 age=1.00 sid='1534082-Higher Bounties.mod' fac='1534079-Higher Bounties.mod'
[19:30:26.717] [HOST] INFO: [spawn] INFO send hand=1,151,2635497984,4,1571655296 found=1 dead=0 age=1.00 sid='1534082-Higher Bounties.mod' fac='1534079-Higher Bounties.mod'
[19:30:26.717] [HOST] INFO: [spawn] INFO send hand=1,151,2635497984,5,3361816320 found=1 dead=0 age=1.00 sid='1534082-Higher Bounties.mod' fac='1534079-Higher Bounties.mod'
[19:30:26.717] [HOST] INFO: [spawn] INFO send hand=1,151,2635497984,6,2688842752 found=1 dead=0 age=1.00 sid='1534082-Higher Bounties.mod' fac='1534079-Higher Bounties.mod'
[19:30:26.717] [HOST] INFO: [spawn] INFO send hand=1,151,2635497984,7,2339599616 found=1 dead=0 age=1.00 sid='1534082-Higher Bounties.mod' fac='1534079-Higher Bounties.mod'
[19:30:26.717] [HOST] INFO: [spawn] INFO send hand=1,151,2635497984,8,3188232448 found=1 dead=0 age=1.00 sid='1534082-Higher Bounties.mod' fac='1534079-Higher Bounties.mod'
[19:30:26.717] [HOST] INFO: [spawn] INFO send hand=1,151,2635497984,9,255004880 found=1 dead=0 age=1.00 sid='1534082-Higher Bounties.mod' fac='1534079-Higher Bounties.mod'
[19:30:26.717] [HOST] INFO: [spawn] INFO send hand=1,151,2635497984,10,158081056 found=1 dead=0 age=1.00 sid='1534082-Higher Bounties.mod' fac='1534079-Higher Bounties.mod'
[19:30:26.964] [HOST] INFO: [med] SEND hand=1,612915008 npc=1 blood=6.3 bleed=0.00 fl=100.0,46.4,43.5,82.7 bd=0.0,53.6,56.5,17.3 flags=1 nparts=7 pmin=3.1 smin=0.0 ls=0,0,0,0
[19:30:28.207] [HOST] INFO: [census] recv n=0 culls=7
[19:30:28.512] [HOST] INFO: [ai] suspended=1 driven=4
[19:30:28.938] [HOST] INFO: [med] SEND hand=1,612915008 npc=1 blood=6.4 bleed=0.00 fl=100.0,46.5,43.5,82.7 bd=0.0,53.5,56.5,17.3 flags=1 nparts=7 pmin=3.1 smin=0.0 ls=0,0,0,0
[19:30:29.227] [HOST] INFO: [cam] hint recv=-29733.7,560.0,-33367.1
[19:30:29.410] [HOST] INFO: [audit] exist near=1 wide=9 drv=0 cen=0 hid=0 ghost=0 supp=0 census=0 fresh=1 parks=48 nearCap=0 wideCap=0 staleMs=58929 edges=0 ghostMax=-1 ghostEdge=0 dorm=0 attnR=1000 dormPc=0 pcs=2 mine=9 skip=9 cells=1
[19:30:29.696] [HOST] INFO: [interp] lerp=111571 extrap=5871 clamp=9 seg=940 single=158821 snapSq=532 snapNpc=0 reissueSq=1278 reissueNpc=2124 restFlip=38 delay=105 jit=12.5 starve=0 snapMid=87 restFlipMid=31 haltDrv=0
[19:30:29.696] [HOST] INFO: [interp] worstZero hand=1,2916870144 zero=1065 active=19318 seg=43
[19:30:29.945] [HOST] INFO: [med] SEND hand=1,612915008 npc=1 blood=6.5 bleed=0.00 fl=100.0,46.5,43.5,82.8 bd=0.0,53.5,56.5,17.2 flags=1 nparts=7 pmin=3.1 smin=0.0 ls=0,0,0,0
[19:30:30.301] [HOST] INFO: [cam] center=-31142.4,138.1,-35732.5
[19:30:30.337] [HOST] INFO: [door] rollup sent=0 (resend=0) recv=0 applied=0 nohand=0 converged=0 over=30s
[19:30:30.457] [HOST] INFO: [net] [net] bandwidth out=3.9 KB/s in=2.9 KB/s (window 5s)
[19:30:30.567] [HOST] INFO: [stats] RECV hand=1,2916870144 ok=1 str=6.6 dex=1.3 tough=11.7 stealth=1.3 athl=27.0 xp=0
[19:30:30.913] [HOST] INFO: [inv] APPLY hand=1,2,2989257728,1,2916870144 items=10
[19:30:30.950] [HOST] INFO: [med] SEND hand=1,612915008 npc=1 blood=6.6 bleed=0.00 fl=100.0,46.5,43.6,82.8 bd=0.0,53.5,56.4,17.2 flags=1 nparts=7 pmin=3.2 smin=0.0 ls=0,0,0,0
[19:30:30.961] [HOST] INFO: [budget] pub avg=90us max=259us apply avg=20us max=70us frames=548 over2ms=0
[19:30:31.172] [HOST] INFO: [cell] MAP cells=1 slots=2 25,24=0
[19:30:31.513] [HOST] INFO: [ai] suspended=1 driven=4
[19:30:31.563] [HOST] INFO: [combat] stats snap=8 slide=2017 softWalk=2395 order=6 wrongTgt=0 armed=0 maxPersist=8
[19:30:31.955] [HOST] INFO: [med] SEND hand=1,612915008 npc=1 blood=6.7 bleed=0.00 fl=100.0,46.6,43.6,82.8 bd=0.0,53.4,56.4,17.2 flags=1 nparts=7 pmin=3.2 smin=0.0 ls=0,0,0,0
[19:30:33.426] [HOST] INFO: [med] SEND hand=1,612915008 npc=1 blood=6.8 bleed=0.00 fl=100.0,46.6,43.6,82.9 bd=0.0,53.4,56.4,17.1 flags=1 nparts=7 pmin=3.2 smin=0.0 ls=0,0,0,0
[19:30:34.248] [HOST] INFO: [cam] hint recv=-29845.7,532.7,-33472.2
[19:30:34.339] [HOST] INFO: [census] sent n=27 radius=2000 mid=8 anchors=4 a0=loaded:1 a1=loaded:8 a2=loaded:18 a3=loaded:0 enum=27 notmine=0 proxyrow=0 attnR=1000
[19:30:34.414] [HOST] INFO: [audit] exist near=1 wide=9 drv=0 cen=0 hid=0 ghost=0 supp=0 census=0 fresh=1 parks=48 nearCap=0 wideCap=0 staleMs=58929 edges=0 ghostMax=-1 ghostEdge=0 dorm=0 attnR=1000 dormPc=0 pcs=2 mine=9 skip=9 cells=1
[19:30:34.515] [HOST] INFO: [ai] suspended=1 driven=4
[19:30:34.699] [HOST] INFO: [interp] lerp=112112 extrap=5877 clamp=9 seg=940 single=158821 snapSq=532 snapNpc=0 reissueSq=1312 reissueNpc=2124 restFlip=38 delay=119 jit=17.8 starve=0 snapMid=87 restFlipMid=31 haltDrv=0
[19:30:34.699] [HOST] INFO: [interp] worstZero hand=1,2916870144 zero=1065 active=19865 seg=51
[19:30:34.718] [HOST] INFO: [spawn] INFO send hand=1,88,198852544,1,3872436480 found=1 dead=0 age=1.00 sid='1411-gamedata.base' fac='1083-gamedata.base'
[19:30:34.718] [HOST] INFO: [spawn] INFO send hand=1,88,198852544,2,546386688 found=1 dead=0 age=1.00 sid='1408-gamedata.base' fac='1083-gamedata.base'
[19:30:34.718] [HOST] INFO: [spawn] INFO send hand=1,88,198852544,3,1002563456 found=1 dead=0 age=1.00 sid='1408-gamedata.base' fac='1083-gamedata.base'
[19:30:34.718] [HOST] INFO: [spawn] INFO send hand=1,88,198852544,4,3642211840 found=1 dead=0 age=1.00 sid='1408-gamedata.base' fac='1083-gamedata.base'
[19:30:34.718] [HOST] INFO: [spawn] INFO send hand=1,88,198852544,5,2229248000 found=1 dead=0 age=1.00 sid='1408-gamedata.base' fac='1083-gamedata.base'
[19:30:34.718] [HOST] INFO: [spawn] INFO send hand=1,88,198852544,6,1324340864 found=1 dead=0 age=1.00 sid='18879-rebirth.mod' fac='1083-gamedata.base'
[19:30:34.718] [HOST] INFO: [spawn] INFO send hand=1,88,198852544,7,1166015616 found=1 dead=0 age=1.00 sid='18879-rebirth.mod' fac='1083-gamedata.base'
[19:30:34.718] [HOST] INFO: [spawn] INFO send hand=1,88,198852544,8,3536132864 found=1 dead=0 age=1.00 sid='18879-rebirth.mod' fac='1083-gamedata.base'
[19:30:34.718] [HOST] INFO: [spawn] INFO send hand=1,88,198852544,10,1336425728 found=1 dead=0 age=1.00 sid='18879-rebirth.mod' fac='1083-gamedata.base'
[19:30:34.718] [HOST] INFO: [spawn] INFO send hand=1,88,198852544,11,3739990272 found=1 dead=0 age=1.00 sid='18879-rebirth.mod' fac='1083-gamedata.base'
[19:30:35.303] [HOST] INFO: [cam] center=-31142.4,138.1,-35732.5
[19:30:35.560] [HOST] INFO: [stats] RECV hand=1,2916870144 ok=1 str=6.6 dex=1.3 tough=11.7 stealth=1.3 athl=27.0 xp=0
[19:30:35.927] [HOST] INFO: [inv] APPLY hand=1,2,2989257728,1,2916870144 items=10
[19:30:35.975] [HOST] INFO: [budget] pub avg=93us max=275us apply avg=20us max=99us frames=505 over2ms=0
[19:30:36.182] [HOST] INFO: [cell] MAP cells=1 slots=2 25,24=0
[19:30:36.569] [HOST] INFO: [combat] stats snap=8 slide=2017 softWalk=2395 order=6 wrongTgt=0 armed=0 maxPersist=8
[19:30:37.097] [HOST] INFO: [net] [net] bandwidth out=2.5 KB/s in=2.7 KB/s (window 7s)
[19:30:37.439] [HOST] INFO: [med] SEND hand=1,612915008 npc=1 blood=7.0 bleed=0.00 fl=100.0,46.7,43.7,82.9 bd=0.0,53.3,56.3,17.1 flags=1 nparts=7 pmin=3.3 smin=0.0 ls=0,0,0,0
[19:30:37.526] [HOST] INFO: [ai] suspended=1 driven=4
[19:30:37.707] [HOST] INFO: [speed] REQ mult=2.00 paused=0 combat=0
[19:30:37.707] [HOST] INFO: [speed] SET mult=2.00 paused=0 combat=0 (my=2.00 peer=5.00)
[19:30:38.227] [HOST] INFO: [speed] REQ mult=5.00 paused=0 combat=0
[19:30:38.227] [HOST] INFO: [speed] SET mult=5.00 paused=0 combat=0 (my=5.00 peer=5.00)
[19:30:38.341] [HOST] INFO: [census] recv n=0 culls=7
[19:30:39.033] [HOST] INFO: [med] SEND hand=1,612915008 npc=1 blood=7.3 bleed=0.00 fl=100.0,46.8,43.8,83.0 bd=0.0,53.2,56.2,17.0 flags=1 nparts=7 pmin=3.4 smin=0.0 ls=0,0,0,0
[19:30:39.084] [HOST] INFO: [med] SEND hand=1,1709716736 npc=0 blood=82.2 bleed=0.00 fl=100.0,100.0,100.0,100.0 bd=0.0,0.0,0.0,0.0 flags=0 nparts=7 pmin=59.0 smin=0.0 ls=0,0,0,0
[19:30:39.321] [HOST] INFO: [cam] hint recv=-31755.6,475.3,-33356.3
[19:30:39.482] [HOST] INFO: [audit] exist near=1 wide=9 drv=0 cen=0 hid=0 ghost=0 supp=0 census=0 fresh=1 parks=48 nearCap=0 wideCap=0 staleMs=58929 edges=0 ghostMax=-1 ghostEdge=0 dorm=0 attnR=1000 dormPc=0 pcs=2 mine=9 skip=9 cells=1
[19:30:39.611] [HOST] INFO: [med] SEND hand=1,1709716736 npc=0 blood=82.2 bleed=0.00 fl=100.0,100.0,100.0,100.0 bd=0.0,0.0,0.0,0.0 flags=0 nparts=7 pmin=59.1 smin=0.0 ls=0,0,0,0
[19:30:39.702] [HOST] INFO: [interp] lerp=112543 extrap=5880 clamp=9 seg=940 single=158821 snapSq=532 snapNpc=0 reissueSq=1341 reissueNpc=2124 restFlip=38 delay=117 jit=13.1 starve=0 snapMid=87 restFlipMid=31 haltDrv=0
[19:30:39.702] [HOST] INFO: [interp] worstZero hand=1,2916870144 zero=1065 active=20299 seg=43
[19:30:40.036] [HOST] INFO: [med] SEND hand=1,612915008 npc=1 blood=7.6 bleed=0.00 fl=100.0,46.9,43.9,83.1 bd=0.0,53.1,56.1,16.9 flags=1 nparts=7 pmin=3.5 smin=0.0 ls=0,0,0,0
[19:30:40.134] [HOST] INFO: [stats] SEND hand=1,1709716736 str=9.6 dex=5.7 tough=11.4 stealth=1.7 athl=19.6 xp=0 fap=0
[19:30:40.306] [HOST] INFO: [cam] center=-30530.1,212.6,-35345.9
[19:30:40.531] [HOST] INFO: [ai] suspended=1 driven=4
[19:30:40.622] [HOST] INFO: [stats] RECV hand=1,2916870144 ok=1 str=6.6 dex=1.3 tough=11.7 stealth=1.3 athl=27.1 xp=0
[19:30:40.958] [HOST] INFO: [inv] APPLY hand=1,2,2989257728,1,2916870144 items=10
[19:30:40.990] [HOST] INFO: [budget] pub avg=96us max=269us apply avg=22us max=202us frames=439 over2ms=0
[19:30:41.036] [HOST] INFO: [inv] resent 12 unchanged snapshot(s) in 60s
[19:30:41.036] [HOST] INFO: [med] SEND hand=1,612915008 npc=1 blood=7.9 bleed=0.00 fl=100.0,47.0,44.0,83.2 bd=0.0,53.0,56.0,16.8 flags=1 nparts=7 pmin=3.6 smin=0.0 ls=0,0,0,0
[19:30:41.183] [HOST] INFO: [cell] MAP cells=1 slots=2 25,24=0
[19:30:41.579] [HOST] INFO: [combat] stats snap=8 slide=2017 softWalk=2395 order=6 wrongTgt=0 armed=0 maxPersist=8
[19:30:42.043] [HOST] INFO: [med] SEND hand=1,612915008 npc=1 blood=8.1 bleed=0.00 fl=100.0,47.0,44.0,83.3 bd=0.0,53.0,56.0,16.7 flags=1 nparts=7 pmin=3.6 smin=0.0 ls=0,0,0,0
[19:30:42.136] [HOST] INFO: [net] [net] bandwidth out=5.0 KB/s in=2.6 KB/s (window 5s)
[19:30:43.048] [HOST] INFO: [med] SEND hand=1,612915008 npc=1 blood=8.4 bleed=0.00 fl=100.0,47.1,44.1,83.3 bd=0.0,52.9,55.9,16.7 flags=0 nparts=7 pmin=3.7 smin=0.0 ls=0,0,0,0
[19:30:43.542] [HOST] INFO: [ai] suspended=1 driven=4
[19:30:44.062] [HOST] INFO: [med] SEND hand=1,612915008 npc=1 blood=8.7 bleed=0.00 fl=100.0,47.2,44.2,83.4 bd=0.0,52.8,55.8,16.6 flags=0 nparts=7 pmin=3.8 smin=0.0 ls=0,0,0,0
[19:30:44.291] [HOST] INFO: [stats] SEND hand=1,1709716736 str=9.7 dex=5.7 tough=11.4 stealth=1.7 athl=19.7 xp=0 fap=0
[19:30:44.364] [HOST] INFO: [cam] hint recv=-31589.6,255.5,-34779.5
[19:30:44.394] [HOST] INFO: [census] sent n=9 radius=2000 mid=0 anchors=4 a0=loaded:1 a1=loaded:0 a2=loaded:8 a3=loaded:0 enum=9 notmine=0 proxyrow=0 attnR=1000
[19:30:44.452] [HOST] INFO: [med] SEND hand=1,1709716736 npc=0 blood=82.3 bleed=0.00 fl=100.0,100.0,100.0,100.0 bd=0.0,0.0,0.0,0.0 flags=0 nparts=7 pmin=59.5 smin=0.0 ls=0,0,0,0
[19:30:44.485] [HOST] INFO: [audit] exist near=1 wide=9 drv=0 cen=0 hid=0 ghost=0 supp=0 census=0 fresh=1 parks=48 nearCap=0 wideCap=0 staleMs=58929 edges=0 ghostMax=-1 ghostEdge=0 dorm=0 attnR=1000 dormPc=0 pcs=2 mine=9 skip=9 cells=1
[19:30:44.723] [HOST] INFO: [interp] lerp=112887 extrap=5882 clamp=9 seg=949 single=158856 snapSq=532 snapNpc=0 reissueSq=1351 reissueNpc=2124 restFlip=38 delay=124 jit=15.0 starve=0 snapMid=87 restFlipMid=31 haltDrv=0
[19:30:44.723] [HOST] INFO: [interp] worstZero hand=1,2916870144 zero=1070 active=20401 seg=55
[19:30:44.767] [HOST] INFO: [stats] RECV hand=1,2916870144 ok=1 str=6.6 dex=1.3 tough=11.7 stealth=1.3 athl=27.1 xp=0
[19:30:44.851] [HOST] INFO: [save] LOCAL-SAVE name='autosave2' autosave=1 suppressed=0
[19:30:44.875] [HOST] INFO: [save] WATCH armed folder='C:\Users\dhowe\AppData\Local\kenshi\save\autosave2' baseFiles=260 baseBytes=15147225
[19:30:45.244] [HOST] INFO: [med] SEND hand=1,612915008 npc=1 blood=8.9 bleed=0.00 fl=100.0,47.3,44.3,83.5 bd=0.0,52.7,55.7,16.5 flags=0 nparts=7 pmin=3.9 smin=0.0 ls=0,0,0,0
[19:30:45.312] [HOST] INFO: [cam] center=-30755.3,380.5,-35032.2
[19:30:45.603] [HOST] INFO: [med] SEND hand=1,1709716736 npc=0 blood=82.3 bleed=0.00 fl=100.0,100.0,100.0,100.0 bd=0.0,0.0,0.0,0.0 flags=0 nparts=7 pmin=59.6 smin=0.0 ls=0,0,0,0
[19:30:45.966] [HOST] INFO: [inv] APPLY hand=1,2,2989257728,1,2916870144 items=10
[19:30:45.995] [HOST] INFO: [budget] pub avg=101us max=275us apply avg=31us max=194us frames=344 over2ms=0
[19:30:46.159] [HOST] INFO: [stats] SEND hand=1,1709716736 str=9.7 dex=5.7 tough=11.4 stealth=1.7 athl=19.7 xp=0 fap=0
[19:30:46.191] [HOST] INFO: [cell] MAP cells=1 slots=2 25,24=0
[19:30:46.249] [HOST] INFO: [med] SEND hand=1,612915008 npc=1 blood=9.1 bleed=0.00 fl=100.0,47.3,44.3,83.6 bd=0.0,52.7,55.7,16.4 flags=0 nparts=7 pmin=4.0 smin=0.0 ls=0,0,0,0
[19:30:46.554] [HOST] INFO: [ai] suspended=1 driven=4
[19:30:46.582] [HOST] INFO: [combat] stats snap=8 slide=2017 softWalk=2395 order=6 wrongTgt=0 armed=0 maxPersist=8
[19:30:46.954] [HOST] INFO: [save] QUIESCED kind=settled name='autosave2' files=257 bytes=16335223 waitMs=2094
[19:30:46.955] [HOST] INFO: [save] XFER-BEGIN id=2 name='autosave2' files=257 bytes=16335223
[19:30:47.157] [HOST] INFO: [net] [net] bandwidth out=16.2 KB/s in=2.3 KB/s (window 5s)
[19:30:47.254] [HOST] INFO: [med] SEND hand=1,612915008 npc=1 blood=9.3 bleed=0.00 fl=100.0,47.4,44.4,83.6 bd=0.0,52.6,55.6,16.4 flags=0 nparts=7 pmin=4.0 smin=0.0 ls=0,0,0,0
[19:30:47.892] [HOST] INFO: [stats] RECV hand=1,2916870144 ok=1 str=6.6 dex=1.3 tough=11.7 stealth=1.3 athl=27.2 xp=0
[19:30:48.254] [HOST] INFO: [med] SEND hand=1,612915008 npc=1 blood=9.5 bleed=0.00 fl=100.0,47.5,44.5,83.7 bd=0.0,52.5,55.5,16.3 flags=0 nparts=7 pmin=4.1 smin=0.0 ls=0,0,0,0
[19:30:48.885] [HOST] INFO: [stats] SEND hand=1,1709716736 str=9.8 dex=5.7 tough=11.4 stealth=1.7 athl=19.7 xp=0 fap=0
[19:30:49.256] [HOST] INFO: [med] SEND hand=1,612915008 npc=1 blood=9.7 bleed=0.00 fl=100.0,47.5,44.5,83.8 bd=0.0,52.5,55.5,16.2 flags=0 nparts=7 pmin=4.2 smin=0.0 ls=0,0,0,0
[19:30:49.543] [HOST] INFO: [audit] exist near=1 wide=23 drv=0 cen=0 hid=0 ghost=0 supp=0 census=0 fresh=1 parks=48 nearCap=0 wideCap=0 staleMs=58929 edges=0 ghostMax=-1 ghostEdge=0 dorm=0 attnR=1000 dormPc=0 pcs=2 mine=23 skip=23 cells=1
[19:30:49.567] [HOST] INFO: [ai] suspended=1 driven=4
[19:30:49.743] [HOST] INFO: [interp] lerp=113058 extrap=6009 clamp=9 seg=1005 single=158856 snapSq=532 snapNpc=0 reissueSq=1369 reissueNpc=2124 restFlip=38 delay=223 jit=40.1 starve=0 snapMid=87 restFlipMid=31 haltDrv=0
[19:30:49.743] [HOST] INFO: [interp] worstZero hand=1,2916870144 zero=1153 active=20755 seg=200
[19:30:50.256] [HOST] INFO: [med] SEND hand=1,612915008 npc=1 blood=9.9 bleed=0.00 fl=100.0,47.6,44.6,83.8 bd=0.0,52.4,55.4,16.2 flags=0 nparts=7 pmin=4.2 smin=0.0 ls=0,0,0,0
[19:30:50.311] [HOST] INFO: [cam] center=-31298.1,159.4,-36244.2
[19:30:50.998] [HOST] INFO: [budget] pub avg=98us max=258us apply avg=22us max=69us frames=390 over2ms=0
[19:30:51.195] [HOST] INFO: [cell] MAP cells=1 slots=2 25,24=0
[19:30:51.261] [HOST] INFO: [med] SEND hand=1,612915008 npc=1 blood=10.2 bleed=0.00 fl=100.0,47.7,44.7,83.9 bd=0.0,52.3,55.3,16.1 flags=0 nparts=7 pmin=4.3 smin=0.0 ls=0,0,0,0
[19:30:51.274] [HOST] INFO: [med] SEND hand=1,1709716736 npc=0 blood=82.4 bleed=0.00 fl=100.0,100.0,100.0,100.0 bd=0.0,0.0,0.0,0.0 flags=0 nparts=7 pmin=60.0 smin=0.0 ls=0,0,0,0
[19:30:51.588] [HOST] INFO: [combat] stats snap=8 slide=2017 softWalk=2395 order=6 wrongTgt=0 armed=0 maxPersist=8
[19:30:51.957] [HOST] INFO: [spawn] INFO send hand=1,88,198852544,1,3872436480 found=1 dead=0 age=1.00 sid='1411-gamedata.base' fac='1083-gamedata.base'
[19:30:51.957] [HOST] INFO: [spawn] INFO send hand=1,88,198852544,2,546386688 found=1 dead=0 age=1.00 sid='1408-gamedata.base' fac='1083-gamedata.base'
[19:30:51.957] [HOST] INFO: [spawn] INFO send hand=1,88,198852544,3,1002563456 found=1 dead=0 age=1.00 sid='1408-gamedata.base' fac='1083-gamedata.base'
[19:30:51.957] [HOST] INFO: [spawn] INFO send hand=1,88,198852544,4,3642211840 found=1 dead=0 age=1.00 sid='1408-gamedata.base' fac='1083-gamedata.base'
[19:30:51.957] [HOST] INFO: [spawn] INFO send hand=1,88,198852544,5,2229248000 found=1 dead=0 age=1.00 sid='1408-gamedata.base' fac='1083-gamedata.base'
[19:30:51.957] [HOST] INFO: [spawn] INFO send hand=1,88,198852544,6,1324340864 found=1 dead=0 age=1.00 sid='18879-rebirth.mod' fac='1083-gamedata.base'
[19:30:51.957] [HOST] INFO: [spawn] INFO send hand=1,88,198852544,7,1166015616 found=1 dead=0 age=1.00 sid='18879-rebirth.mod' fac='1083-gamedata.base'
[19:30:51.957] [HOST] INFO: [spawn] INFO send hand=1,88,198852544,8,3536132864 found=1 dead=0 age=1.00 sid='18879-rebirth.mod' fac='1083-gamedata.base'
[19:30:51.957] [HOST] INFO: [spawn] INFO send hand=1,88,198852544,9,2837524480 found=1 dead=0 age=1.00 sid='18879-rebirth.mod' fac='1083-gamedata.base'
[19:30:51.957] [HOST] INFO: [spawn] INFO send hand=1,88,198852544,10,1336425728 found=1 dead=0 age=1.00 sid='18879-rebirth.mod' fac='1083-gamedata.base'
[19:30:51.957] [HOST] INFO: [spawn] INFO send hand=1,88,198852544,11,3739990272 found=1 dead=0 age=1.00 sid='18879-rebirth.mod' fac='1083-gamedata.base'
[19:30:51.957] [HOST] INFO: [spawn] INFO send hand=1,88,198852544,12,1442138624 found=1 dead=0 age=1.00 sid='18879-rebirth.mod' fac='1083-gamedata.base'
[19:30:51.957] [HOST] INFO: [spawn] INFO send hand=1,88,198852544,13,565917952 found=1 dead=0 age=1.00 sid='18879-rebirth.mod' fac='1083-gamedata.base'
[19:30:51.959] [HOST] INFO: [inv] APPLY hand=1,2,2989257728,1,2916870144 items=10
[19:30:51.959] [HOST] INFO: [census] recv n=0 culls=7
[19:30:51.959] [HOST] INFO: [cam] hint recv=-32122.8,146.5,-34444.1
[19:30:52.130] [HOST] INFO: [med] SEND hand=1,1709716736 npc=0 blood=82.4 bleed=0.00 fl=100.0,100.0,100.0,100.0 bd=0.0,0.0,0.0,0.0 flags=0 nparts=7 pmin=60.1 smin=0.0 ls=0,0,0,0
[19:30:52.159] [HOST] INFO: [net] [net] bandwidth out=648.7 KB/s in=6.1 KB/s (window 5s)
[19:30:52.475] [HOST] INFO: [med] SEND hand=1,612915008 npc=1 blood=10.5 bleed=0.00 fl=100.0,47.8,44.8,84.0 bd=0.0,52.2,55.2,16.0 flags=0 nparts=7 pmin=4.4 smin=0.0 ls=0,0,0,0
[19:30:52.576] [HOST] INFO: [ai] suspended=1 driven=4
[19:30:53.219] [HOST] INFO: [stats] SEND hand=1,1709716736 str=9.9 dex=5.7 tough=11.4 stealth=1.7 athl=19.8 xp=0 fap=0
[19:30:53.362] [HOST] INFO: [stats] RECV hand=1,2916870144 ok=1 str=6.6 dex=1.3 tough=11.7 stealth=1.3 athl=27.3 xp=0
[19:30:53.479] [HOST] INFO: [med] SEND hand=1,612915008 npc=1 blood=10.6 bleed=0.00 fl=100.0,47.8,44.8,84.1 bd=0.0,52.2,55.2,15.9 flags=0 nparts=7 pmin=4.4 smin=0.0 ls=0,0,0,0
[19:30:54.476] [HOST] INFO: [census] sent n=33 radius=2000 mid=8 anchors=4 a0=loaded:22 a1=loaded:1 a2=loaded:2 a3=loaded:8 enum=33 notmine=0 proxyrow=0 attnR=1000
[19:30:54.485] [HOST] INFO: [med] SEND hand=1,612915008 npc=1 blood=10.8 bleed=0.00 fl=100.0,47.9,44.9,84.1 bd=0.0,52.1,55.1,15.9 flags=0 nparts=7 pmin=4.5 smin=0.0 ls=0,0,0,0
[19:30:54.620] [HOST] INFO: [audit] exist near=1 wide=25 drv=0 cen=0 hid=0 ghost=0 supp=0 census=0 fresh=1 parks=48 nearCap=0 wideCap=0 staleMs=58929 edges=0 ghostMax=-1 ghostEdge=0 dorm=0 attnR=1000 dormPc=0 pcs=2 mine=25 skip=25 cells=1
[19:30:54.742] [HOST] INFO: [fac] AFFECT-EV me='58701-rebirth.mod' whom='1083-gamedata.base' event=1 mult=0.000 after=0.00 skipped=0
[19:30:54.750] [HOST] INFO: [interp] lerp=113102 extrap=6163 clamp=9 seg=1068 single=158856 snapSq=532 snapNpc=0 reissueSq=1373 reissueNpc=2124 restFlip=38 delay=406 jit=113.2 starve=0 snapMid=87 restFlipMid=31 haltDrv=0
[19:30:54.750] [HOST] INFO: [interp] worstZero hand=1,2916870144 zero=1297 active=21015 seg=109
[19:30:54.809] [HOST] INFO: [fac] AFFECT-EV me='1083-gamedata.base' whom='58701-rebirth.mod' event=1 mult=0.125 after=-100.00 skipped=0
[19:30:54.984] [HOST] INFO: [save] XFER-SENT id=2 files=257 bytes=16335223 ms=8015
[19:30:55.304] [HOST] INFO: [cam] center=-32223.3,138.2,-37348.7
[19:30:55.487] [HOST] INFO: [med] SEND hand=1,612915008 npc=1 blood=11.1 bleed=0.00 fl=100.0,48.0,45.0,84.2 bd=0.0,52.0,55.0,15.8 flags=0 nparts=7 pmin=4.6 smin=0.0 ls=0,0,0,0
[19:30:55.584] [HOST] INFO: [ai] suspended=1 driven=4
[19:30:56.000] [HOST] INFO: [budget] pub avg=97us max=253us apply avg=22us max=140us frames=421 over2ms=0
[19:30:56.195] [HOST] INFO: [cell] MAP cells=1 slots=2 25,24=0
[19:30:56.491] [HOST] INFO: [med] SEND hand=1,612915008 npc=1 blood=11.3 bleed=0.00 fl=100.0,48.0,45.0,84.3 bd=0.0,52.0,55.0,15.7 flags=0 nparts=7 pmin=4.6 smin=0.0 ls=0,0,0,0
[19:30:56.593] [HOST] INFO: [combat] stats snap=8 slide=2017 softWalk=2395 order=6 wrongTgt=0 armed=0 maxPersist=8
[19:30:56.827] [HOST] INFO: [stats] SEND hand=1,1709716736 str=10.0 dex=5.7 tough=11.4 stealth=1.7 athl=19.8 xp=0 fap=0
[19:30:56.836] [HOST] INFO: [med] SEND hand=1,1709716736 npc=0 blood=82.5 bleed=0.00 fl=100.0,100.0,100.0,100.0 bd=0.0,0.0,0.0,0.0 flags=0 nparts=7 pmin=60.5 smin=0.0 ls=0,0,0,0
[19:30:57.159] [HOST] INFO: [net] [net] bandwidth out=635.3 KB/s in=5.4 KB/s (window 5s)
[19:30:57.363] [HOST] INFO: [med] SEND hand=1,1709716736 npc=0 blood=82.5 bleed=0.00 fl=100.0,100.0,100.0,100.0 bd=0.0,0.0,0.0,0.0 flags=0 nparts=7 pmin=60.6 smin=0.0 ls=0,0,0,0
[19:30:57.500] [HOST] INFO: [med] SEND hand=1,612915008 npc=1 blood=11.5 bleed=0.00 fl=100.0,48.1,45.1,84.3 bd=0.0,51.9,54.9,15.7 flags=0 nparts=7 pmin=4.7 smin=0.0 ls=0,0,0,0
[19:30:57.770] [HOST] INFO: [med] SEND hand=1,1709716736 npc=0 blood=82.5 bleed=0.00 fl=100.0,100.0,100.0,100.0 bd=0.0,0.0,0.0,0.0 flags=0 nparts=7 pmin=60.6 smin=0.0 ls=0,0,0,0
[19:30:57.834] [HOST] INFO: [stats] SEND hand=1,1709716736 str=10.0 dex=5.7 tough=11.4 stealth=1.7 athl=19.8 xp=0 fap=0
[19:30:58.159] [HOST] INFO: [stats] RECV hand=1,2916870144 ok=1 str=6.6 dex=1.3 tough=11.7 stealth=1.3 athl=27.3 xp=0
[19:30:58.159] [HOST] INFO: [spawn] INFO send hand=1,88,198852544,1,3872436480 found=1 dead=0 age=1.00 sid='1411-gamedata.base' fac='1083-gamedata.base'
[19:30:58.159] [HOST] INFO: [spawn] INFO send hand=1,88,198852544,2,546386688 found=1 dead=0 age=1.00 sid='1408-gamedata.base' fac='1083-gamedata.base'
[19:30:58.159] [HOST] INFO: [spawn] INFO send hand=1,88,198852544,3,1002563456 found=1 dead=0 age=1.00 sid='1408-gamedata.base' fac='1083-gamedata.base'
[19:30:58.159] [HOST] INFO: [spawn] INFO send hand=1,88,198852544,4,3642211840 found=1 dead=0 age=1.00 sid='1408-gamedata.base' fac='1083-gamedata.base'
[19:30:58.159] [HOST] INFO: [spawn] INFO send hand=1,88,198852544,5,2229248000 found=1 dead=0 age=1.00 sid='1408-gamedata.base' fac='1083-gamedata.base'
[19:30:58.159] [HOST] INFO: [spawn] INFO send hand=1,88,198852544,6,1324340864 found=1 dead=0 age=1.00 sid='18879-rebirth.mod' fac='1083-gamedata.base'
[19:30:58.159] [HOST] INFO: [spawn] INFO send hand=1,88,198852544,7,1166015616 found=1 dead=0 age=1.00 sid='18879-rebirth.mod' fac='1083-gamedata.base'
[19:30:58.159] [HOST] INFO: [spawn] INFO send hand=1,88,198852544,8,3536132864 found=1 dead=0 age=1.00 sid='18879-rebirth.mod' fac='1083-gamedata.base'
[19:30:58.159] [HOST] INFO: [spawn] INFO send hand=1,88,198852544,9,2837524480 found=1 dead=0 age=1.00 sid='18879-rebirth.mod' fac='1083-gamedata.base'
[19:30:58.159] [HOST] INFO: [spawn] INFO send hand=1,88,198852544,10,1336425728 found=1 dead=0 age=1.00 sid='18879-rebirth.mod' fac='1083-gamedata.base'
[19:30:58.159] [HOST] INFO: [spawn] INFO send hand=1,88,198852544,11,3739990272 found=1 dead=0 age=1.00 sid='18879-rebirth.mod' fac='1083-gamedata.base'
[19:30:58.159] [HOST] INFO: [spawn] INFO send hand=1,88,198852544,12,1442138624 found=1 dead=0 age=1.00 sid='18879-rebirth.mod' fac='1083-gamedata.base'
[19:30:58.159] [HOST] INFO: [spawn] INFO send hand=1,88,198852544,13,565917952 found=1 dead=0 age=1.00 sid='18879-rebirth.mod' fac='1083-gamedata.base'
[19:30:58.160] [HOST] INFO: [snap] squad hand=1,2916870144 name='Rock' gap=540.1 gate=318.4 srcVel=127.4 cSpeed=77.1 mult=5.00 slew=1.00 dest=1 skipped=0
[19:30:58.160] [HOST] INFO: [inv] APPLY hand=1,2,2989257728,1,2916870144 items=10
[19:30:58.160] [HOST] INFO: [cam] hint recv=-33436.1,106.6,-35556.8
[19:30:58.503] [HOST] INFO: [med] SEND hand=1,612915008 npc=1 blood=11.7 bleed=0.00 fl=100.0,48.1,45.1,84.4 bd=0.0,51.9,54.9,15.6 flags=0 nparts=7 pmin=4.8 smin=0.0 ls=0,0,0,0
[19:30:58.593] [HOST] INFO: [ai] suspended=1 driven=4
[19:30:58.629] [HOST] INFO: [life] pruned throttle stamps=18
[19:30:59.647] [HOST] INFO: [audit] exist near=1 wide=10 drv=0 cen=0 hid=0 ghost=0 supp=0 census=0 fresh=1 parks=48 nearCap=0 wideCap=0 staleMs=58929 edges=0 ghostMax=-1 ghostEdge=0 dorm=0 attnR=1000 dormPc=0 pcs=2 mine=10 skip=10 cells=1
[19:30:59.750] [HOST] INFO: [interp] lerp=113140 extrap=6291 clamp=9 seg=1118 single=158856 snapSq=533 snapNpc=0 reissueSq=1376 reissueNpc=2124 restFlip=38 delay=455 jit=121.7 starve=0 snapMid=87 restFlipMid=31 haltDrv=0
[19:30:59.751] [HOST] INFO: [interp] worstZero hand=1,2916870144 zero=1456 active=21230 seg=252
[19:30:59.901] [HOST] INFO: [med] SEND hand=1,612915008 npc=1 blood=12.0 bleed=0.00 fl=100.0,48.2,45.2,84.5 bd=0.0,51.8,54.8,15.5 flags=0 nparts=7 pmin=4.9 smin=0.0 ls=0,0,0,0
[19:31:00.298] [HOST] INFO: [cam] center=-31428.4,143.9,-37611.1
[19:31:00.339] [HOST] INFO: [door] rollup sent=0 (resend=0) recv=0 applied=0 nohand=0 converged=0 over=30s
[19:31:00.906] [HOST] INFO: [med] SEND hand=1,612915008 npc=1 blood=12.2 bleed=0.00 fl=100.0,48.3,45.3,84.5 bd=0.0,51.7,54.7,15.5 flags=0 nparts=7 pmin=4.9 smin=0.0 ls=0,0,0,0
[19:31:01.010] [HOST] INFO: [budget] pub avg=90us max=239us apply avg=19us max=93us frames=512 over2ms=0
[19:31:01.197] [HOST] INFO: [cell] MAP cells=1 slots=2 25,24=0
[19:31:01.513] [HOST] INFO: [med] SEND hand=1,566040064 npc=1 blood=80.1 bleed=0.00 fl=100.0,61.3,-163.9,100.0 bd=0.0,0.0,0.0,0.0 flags=4 nparts=7 pmin=18.6 smin=0.0 ls=0,0,0,0
[19:31:01.597] [HOST] INFO: [ai] suspended=1 driven=4
[19:31:01.597] [HOST] INFO: [combat] stats snap=8 slide=2017 softWalk=2395 order=6 wrongTgt=0 armed=0 maxPersist=8
[19:31:01.793] [HOST] INFO: [stats] SEND hand=1,1709716736 str=10.1 dex=5.7 tough=11.4 stealth=1.7 athl=19.8 xp=0 fap=0
[19:31:02.014] [HOST] INFO: [med] SEND hand=1,1709716736 npc=0 blood=82.6 bleed=0.00 fl=100.0,100.0,100.0,100.0 bd=0.0,0.0,0.0,0.0 flags=0 nparts=7 pmin=61.0 smin=0.0 ls=0,0,0,0
[19:31:02.054] [HOST] INFO: [med] SEND hand=1,612915008 npc=1 blood=12.5 bleed=0.00 fl=100.0,48.4,45.4,84.6 bd=0.0,51.6,54.6,15.4 flags=0 nparts=7 pmin=5.0 smin=0.0 ls=0,0,0,0
[19:31:02.174] [HOST] INFO: [net] [net] bandwidth out=582.6 KB/s in=5.4 KB/s (window 5s)
[19:31:02.520] [HOST] INFO: [med] SEND hand=1,566040064 npc=1 blood=80.1 bleed=0.00 fl=100.0,61.3,-164.5,100.0 bd=0.0,0.0,0.0,0.0 flags=4 nparts=7 pmin=18.5 smin=0.0 ls=0,0,0,0
[19:31:02.793] [HOST] INFO: [med] SEND hand=1,1709716736 npc=0 blood=82.6 bleed=0.00 fl=100.0,100.0,100.0,100.0 bd=0.0,0.0,0.0,0.0 flags=0 nparts=7 pmin=61.1 smin=0.0 ls=0,0,0,0
[19:31:03.062] [HOST] INFO: [med] SEND hand=1,612915008 npc=1 blood=12.7 bleed=0.00 fl=100.0,48.5,45.5,84.7 bd=0.0,51.5,54.5,15.3 flags=0 nparts=7 pmin=5.1 smin=0.0 ls=0,0,0,0
[19:31:03.200] [HOST] INFO: [med] SEND hand=1,1709716736 npc=0 blood=82.6 bleed=0.00 fl=100.0,100.0,100.0,100.0 bd=0.0,0.0,0.0,0.0 flags=0 nparts=7 pmin=61.1 smin=0.0 ls=0,0,0,0
[19:31:03.519] [HOST] INFO: [med] SEND hand=1,566040064 npc=1 blood=80.1 bleed=0.00 fl=100.0,61.2,-165.4,100.0 bd=0.0,0.0,0.0,0.0 flags=4 nparts=7 pmin=18.5 smin=0.0 ls=0,0,0,0
[19:31:03.531] [HOST] INFO: [census] STALE (wide culling disabled; last recv 5001ms ago, edges=1)
[19:31:04.070] [HOST] INFO: [med] SEND hand=1,612915008 npc=1 blood=12.9 bleed=0.00 fl=100.0,48.5,45.5,84.8 bd=0.0,51.5,54.5,15.2 flags=0 nparts=7 pmin=5.1 smin=0.0 ls=0,0,0,0
[19:31:04.527] [HOST] INFO: [med] SEND hand=1,566040064 npc=1 blood=80.1 bleed=0.00 fl=100.0,61.2,-166.2,100.0 bd=0.0,0.0,0.0,0.0 flags=4 nparts=7 pmin=18.4 smin=0.0 ls=0,0,0,0
[19:31:04.529] [HOST] INFO: [census] sent n=26 radius=2000 mid=1 anchors=3 a0=loaded:2 a1=loaded:0 a2=loaded:24 enum=26 notmine=0 proxyrow=0 attnR=1000
[19:31:04.529] [HOST] INFO: [cell] CLAIM rank=0 cell=25,23 seq=129 dwell=3 pos=-31978,-37267
[19:31:04.529] [HOST] INFO: [cell] MAP cells=2 slots=2 25,23=0 25,24=1
[19:31:04.606] [HOST] INFO: [ai] suspended=1 driven=4
[19:31:04.758] [HOST] INFO: [interp] lerp=113140 extrap=6363 clamp=9 seg=1118 single=158856 snapSq=533 snapNpc=0 reissueSq=1376 reissueNpc=2124 restFlip=38 delay=0 jit=0.0 starve=1 snapMid=87 restFlipMid=31 haltDrv=0
[19:31:04.758] [HOST] INFO: [interp] worstZero hand=1,2916870144 zero=1528 active=21302 seg=252
[19:31:05.074] [HOST] INFO: [med] SEND hand=1,612915008 npc=1 blood=13.1 bleed=0.00 fl=100.0,48.6,45.6,84.8 bd=0.0,51.4,54.4,15.2 flags=0 nparts=7 pmin=5.2 smin=0.0 ls=0,0,0,0
[19:31:05.257] [HOST] INFO: [census] recv n=5 culls=7
[19:31:05.257] [HOST] INFO: [census] fresh again (wide culling re-enabled; staleMs=60655 edges=1)
[19:31:05.257] [HOST] INFO: [audit] exist near=1 wide=25 drv=0 cen=0 hid=0 ghost=0 supp=0 census=5 fresh=1 parks=48 nearCap=0 wideCap=0 staleMs=60655 edges=1 ghostMax=-1 ghostEdge=0 dorm=0 attnR=1000 dormPc=0 pcs=2 mine=25 skip=25 cells=2
[19:31:05.267] [HOST] INFO: [stats] RECV hand=1,2916870144 ok=1 str=6.6 dex=1.3 tough=11.7 stealth=1.3 athl=27.3 xp=0
[19:31:05.267] [HOST] INFO: [spawn] INFO send hand=1,63,915039040,4,1520629888 found=1 dead=0 age=1.00 sid='18880-rebirth.mod' fac='1083-gamedata.base'
[19:31:05.267] [HOST] INFO: [life] hand=1,222,2502075136,1,1659545856 from=UNKNOWN to=DISCOVERED reason=census-miss
[19:31:05.267] [HOST] INFO: [spawn] census-missing hand=1,222,2502075136,1,1659545856 (no local body)
[19:31:05.267] [HOST] INFO: [life] hand=1,222,2502075136,2,2030029312 from=UNKNOWN to=DISCOVERED reason=census-miss
[19:31:05.267] [HOST] INFO: [spawn] census-missing hand=1,222,2502075136,2,2030029312 (no local body)
[19:31:05.267] [HOST] INFO: [life] hand=1,222,2502075136,3,3588745216 from=UNKNOWN to=DISCOVERED reason=census-miss
[19:31:05.267] [HOST] INFO: [spawn] census-missing hand=1,222,2502075136,3,3588745216 (no local body)
[19:31:05.267] [HOST] INFO: [life] hand=1,243,2845703168,1,1634887680 from=UNKNOWN to=DISCOVERED reason=census-miss
[19:31:05.267] [HOST] INFO: [spawn] census-missing hand=1,243,2845703168,1,1634887680 (no local body)
[19:31:05.267] [HOST] INFO: [spawn] REQ hand=1,222,2502075136,1,1659545856 send=1
[19:31:05.267] [HOST] INFO: [spawn] REQ hand=1,222,2502075136,2,2030029312 send=1
[19:31:05.267] [HOST] INFO: [spawn] REQ hand=1,222,2502075136,3,3588745216 send=1
[19:31:05.267] [HOST] INFO: [spawn] REQ hand=1,243,2845703168,1,1634887680 send=1
[19:31:05.268] [HOST] INFO: [inv] APPLY hand=1,2,2989257728,1,2916870144 items=10
[19:31:05.268] [HOST] INFO: [cam] hint recv=-34128.6,136.9,-35043.0
[19:31:05.268] [HOST] INFO: [cell] RECV owner=1 rank=1 cell=24,24 seq=116
[19:31:05.268] [HOST] INFO: [cell] MAP cells=2 slots=2 24,24=1 25,23=0
[19:31:05.300] [HOST] INFO: [cam] center=-33187.3,138.2,-37988.6
[19:31:05.362] [HOST] INFO: [census] re-judge sweep radius=2500 (was stale; enumerated=34 trunc=0)
[19:31:05.468] [HOST] INFO: [snap] squad hand=1,2916870144 name='Rock' gap=196.9 gate=115.7 srcVel=99.9 cSpeed=77.1 mult=5.00 slew=1.00 dest=1 skipped=0
[19:31:05.530] [HOST] INFO: [med] SEND hand=1,566040064 npc=1 blood=80.1 bleed=0.00 fl=100.0,49.9,-166.9,100.0 bd=0.0,0.0,0.0,0.0 flags=4 nparts=7 pmin=18.4 smin=0.0 ls=0,0,0,0
[19:31:06.011] [HOST] INFO: [budget] pub avg=90us max=272us apply avg=18us max=80us frames=477 over2ms=0
[19:31:06.081] [HOST] INFO: [med] SEND hand=1,612915008 npc=1 blood=13.3 bleed=0.00 fl=100.0,48.6,45.6,84.9 bd=0.0,51.4,54.4,15.1 flags=0 nparts=7 pmin=5.3 smin=0.0 ls=0,0,0,0
[19:31:06.418] [HOST] INFO: [stats] SEND hand=1,1709716736 str=10.2 dex=5.7 tough=11.4 stealth=1.7 athl=19.9 xp=0 fap=0
[19:31:06.531] [HOST] INFO: [med] SEND hand=1,566040064 npc=1 blood=80.1 bleed=0.00 fl=100.0,49.8,-167.7,100.0 bd=0.0,0.0,0.0,0.0 flags=4 nparts=7 pmin=18.3 smin=0.0 ls=0,0,0,0
[19:31:06.600] [HOST] INFO: [combat] stats snap=8 slide=2017 softWalk=2395 order=6 wrongTgt=0 armed=0 maxPersist=8
[19:31:07.118] [HOST] INFO: [med] SEND hand=1,612915008 npc=1 blood=13.5 bleed=0.00 fl=100.0,48.7,45.7,85.0 bd=0.0,51.3,54.3,15.0 flags=0 nparts=7 pmin=5.3 smin=0.0 ls=0,0,0,0
[19:31:07.191] [HOST] INFO: [net] [net] bandwidth out=646.8 KB/s in=6.3 KB/s (window 5s)
[19:31:07.278] [HOST] INFO: [spawn] REQ hand=1,222,2502075136,1,1659545856 send=2
[19:31:07.278] [HOST] INFO: [spawn] REQ hand=1,222,2502075136,2,2030029312 send=2
[19:31:07.278] [HOST] INFO: [spawn] REQ hand=1,222,2502075136,3,3588745216 send=2
[19:31:07.278] [HOST] INFO: [spawn] REQ hand=1,243,2845703168,1,1634887680 send=2
[19:31:07.349] [HOST] INFO: [census] park hand=1,566040064 name='Hungry bandit' d=121 local=-32410,138,-36730 host=-32499,138,-36813 (parks=49)
[19:31:07.349] [HOST] INFO: [census] FREEZE hand=1,566040064 name='Hungry bandit' d=121 (frozen=1)
[19:31:07.424] [HOST] INFO: [stats] SEND hand=1,1709716736 str=10.2 dex=5.7 tough=11.4 stealth=1.7 athl=19.9 xp=0 fap=0
[19:31:07.532] [HOST] INFO: [med] SEND hand=1,566040064 npc=1 blood=80.1 bleed=0.00 fl=100.0,49.7,-168.6,100.0 bd=0.0,0.0,0.0,0.0 flags=4 nparts=7 pmin=18.3 smin=0.0 ls=0,0,0,0
[19:31:07.615] [HOST] INFO: [ai] suspended=1 driven=4
[19:31:07.670] [HOST] INFO: [census] FREEZE hand=1,566040064 name='Hungry bandit' d=0 (frozen=1)
[19:31:07.681] [HOST] INFO: [stats] RECV hand=1,2916870144 ok=1 str=6.6 dex=1.3 tough=11.7 stealth=1.3 athl=27.4 xp=0
[19:31:07.681] [HOST] INFO: [spawn] INFO send hand=1,63,915039040,4,1520629888 found=1 dead=0 age=1.00 sid='18880-rebirth.mod' fac='1083-gamedata.base'
[19:31:07.681] [HOST] INFO: [spawn] INFO send hand=1,88,198852544,5,2229248000 found=1 dead=0 age=1.00 sid='1408-gamedata.base' fac='1083-gamedata.base'
[19:31:07.681] [HOST] INFO: [spawn] INFO send hand=1,88,198852544,6,1324340864 found=1 dead=0 age=1.00 sid='18879-rebirth.mod' fac='1083-gamedata.base'
[19:31:07.681] [HOST] INFO: [spawn] INFO send hand=1,88,198852544,7,1166015616 found=1 dead=0 age=1.00 sid='18879-rebirth.mod' fac='1083-gamedata.base'
[19:31:07.681] [HOST] INFO: [spawn] INFO send hand=1,88,198852544,8,3536132864 found=1 dead=0 age=1.00 sid='18879-rebirth.mod' fac='1083-gamedata.base'
[19:31:07.681] [HOST] INFO: [spawn] INFO send hand=1,88,198852544,9,2837524480 found=1 dead=0 age=1.00 sid='18879-rebirth.mod' fac='1083-gamedata.base'
[19:31:07.681] [HOST] INFO: [spawn] INFO send hand=1,88,198852544,10,1336425728 found=1 dead=0 age=1.00 sid='18879-rebirth.mod' fac='1083-gamedata.base'
[19:31:07.681] [HOST] INFO: [spawn] INFO send hand=1,88,198852544,11,3739990272 found=1 dead=0 age=1.00 sid='18879-rebirth.mod' fac='1083-gamedata.base'
[19:31:07.681] [HOST] INFO: [spawn] INFO send hand=1,88,198852544,12,1442138624 found=1 dead=0 age=1.00 sid='18879-rebirth.mod' fac='1083-gamedata.base'
[19:31:07.681] [HOST] INFO: [spawn] INFO send hand=1,88,198852544,13,565917952 found=1 dead=0 age=1.00 sid='18879-rebirth.mod' fac='1083-gamedata.base'
[19:31:07.683] [HOST] INFO: [life] hand=1,225,2519531264,1,566040064 from=PARKED to=HI reason=drive
[19:31:07.683] [HOST] INFO: [inv] APPLY hand=1,2,2989257728,1,2916870144 items=10
[19:31:07.695] [HOST] INFO: [gate] hand=1,566040064 host=127 local=65535  agree=155190/211614 (73%)
[19:31:07.783] [HOST] INFO: [snap] squad hand=1,2916870144 name='Rock' gap=101.9 gate=97.4 srcVel=97.0 cSpeed=77.2 mult=5.00 slew=1.00 dest=1 skipped=0
[19:31:08.130] [HOST] INFO: [med] SEND hand=1,612915008 npc=1 blood=13.8 bleed=0.00 fl=100.0,48.8,45.8,85.0 bd=0.0,51.2,54.2,15.0 flags=0 nparts=7 pmin=5.4 smin=0.0 ls=0,0,0,0
[19:31:08.222] [HOST] INFO: [event] SEND id=41 ev=1 hand=1,27,1872070272,1,1932861312 actor=0,0 bs 0->2051
[19:31:08.222] [HOST] INFO: [med] SEND hand=1,1932861312 npc=1 blood=238.8 bleed=0.00 fl=-188.4,78.4,86.0,86.0 bd=0.0,0.0,0.0,0.0 flags=1 nparts=7 pmin=37.2 smin=0.0 ls=0,0,0,0
[19:31:08.541] [HOST] INFO: [med] SEND hand=1,566040064 npc=1 blood=80.1 bleed=0.00 fl=100.0,49.7,-169.5,100.0 bd=0.0,0.0,0.0,0.0 flags=4 nparts=7 pmin=18.2 smin=0.0 ls=0,0,0,0
[19:31:08.606] [HOST] INFO: [med] SEND hand=1,1709716736 npc=0 blood=82.7 bleed=0.00 fl=100.0,100.0,100.0,100.0 bd=0.0,0.0,0.0,0.0 flags=0 nparts=7 pmin=61.5 smin=0.0 ls=0,0,0,0
[19:31:09.136] [HOST] INFO: [med] SEND hand=1,612915008 npc=1 blood=14.0 bleed=0.00 fl=100.0,48.9,45.9,85.1 bd=0.0,51.1,54.1,14.9 flags=0 nparts=7 pmin=5.5 smin=0.0 ls=0,0,0,0
[19:31:09.231] [HOST] INFO: [med] SEND hand=1,1932861312 npc=1 blood=238.9 bleed=0.00 fl=-189.2,78.4,86.0,86.0 bd=0.0,0.0,0.0,0.0 flags=1 nparts=7 pmin=37.1 smin=0.0 ls=0,0,0,0
[19:31:09.279] [HOST] INFO: [spawn] REQ hand=1,222,2502075136,1,1659545856 send=3
[19:31:09.279] [HOST] INFO: [spawn] REQ hand=1,222,2502075136,2,2030029312 send=3
[19:31:09.279] [HOST] INFO: [spawn] REQ hand=1,222,2502075136,3,3588745216 send=3
[19:31:09.279] [HOST] INFO: [spawn] REQ hand=1,243,2845703168,1,1634887680 send=3
[19:31:09.436] [HOST] INFO: [med] SEND hand=1,1709716736 npc=0 blood=82.7 bleed=0.00 fl=100.0,100.0,100.0,100.0 bd=0.0,0.0,0.0,0.0 flags=0 nparts=7 pmin=61.6 smin=0.0 ls=0,0,0,0
[19:31:09.547] [HOST] INFO: [med] SEND hand=1,566040064 npc=1 blood=80.1 bleed=0.00 fl=100.0,49.6,-170.4,100.0 bd=0.0,0.0,0.0,0.0 flags=4 nparts=7 pmin=18.2 smin=0.0 ls=0,0,0,0
[19:31:09.549] [HOST] INFO: [cell] CLAIM rank=0 cell=24,23 seq=131 dwell=3 pos=-32721,-37247
[19:31:09.549] [HOST] INFO: [cell] MAP cells=2 slots=2 24,23=0 24,24=1
[19:31:09.598] [HOST] INFO: [life] hand=1,225,2519531264,1,566040064 from=HI to=MID reason=drive
[19:31:09.598] [HOST] INFO: [prone] CRAWL-DRIVE enter hand=1,566040064 spd=5.01
[19:31:09.707] [HOST] INFO: [gate] hand=1,566040064 host=127 local=65535  agree=155196/211776 (73%)
[19:31:09.769] [HOST] INFO: [interp] lerp=113274 extrap=6536 clamp=9 seg=1213 single=159010 snapSq=535 snapNpc=0 reissueSq=1385 reissueNpc=2124 restFlip=38 delay=506 jit=163.4 starve=0 snapMid=87 restFlipMid=31 haltDrv=0
[19:31:09.769] [HOST] INFO: [interp] worstZero hand=1,2916870144 zero=1772 active=21688 seg=106
[19:31:10.145] [HOST] INFO: [med] SEND hand=1,612915008 npc=1 blood=14.2 bleed=0.00 fl=100.0,48.9,45.9,85.2 bd=0.0,51.1,54.1,14.8 flags=0 nparts=7 pmin=5.6 smin=0.0 ls=0,0,0,0
[19:31:10.232] [HOST] INFO: [med] SEND hand=1,1932861312 npc=1 blood=239.0 bleed=0.00 fl=-190.0,78.4,86.0,86.0 bd=0.0,0.0,0.0,0.0 flags=1 nparts=7 pmin=37.0 smin=0.0 ls=0,0,0,0
[19:31:10.283] [HOST] INFO: [audit] exist near=1 wide=31 drv=1 cen=0 hid=0 ghost=0 supp=0 census=5 fresh=1 parks=49 nearCap=0 wideCap=0 staleMs=60655 edges=1 ghostMax=-1 ghostEdge=0 dorm=8 attnR=1000 dormPc=0 pcs=2 mine=22 skip=22 cells=2
[19:31:10.308] [HOST] INFO: [cam] center=-33840.9,137.3,-36424.9
[19:31:10.553] [HOST] INFO: [med] SEND hand=1,566040064 npc=1 blood=80.1 bleed=0.00 fl=100.0,49.6,-171.1,100.0 bd=0.0,0.0,0.0,0.0 flags=4 nparts=7 pmin=18.1 smin=0.0 ls=0,0,0,0
[19:31:10.627] [HOST] INFO: [ai] suspended=2 driven=5
[19:31:10.700] [HOST] INFO: [stats] SEND hand=1,1709716736 str=10.3 dex=5.7 tough=11.4 stealth=1.7 athl=19.9 xp=0 fap=0
[19:31:11.018] [HOST] INFO: [budget] pub avg=98us max=286us apply avg=35us max=142us frames=416 over2ms=0
[19:31:11.235] [HOST] INFO: [med] SEND hand=1,1932861312 npc=1 blood=239.0 bleed=0.00 fl=-190.6,78.4,86.0,86.0 bd=0.0,0.0,0.0,0.0 flags=1 nparts=7 pmin=36.9 smin=0.0 ls=0,0,0,0
[19:31:11.281] [HOST] INFO: [med] SEND hand=1,612915008 npc=1 blood=14.5 bleed=0.00 fl=100.0,49.0,46.0,85.3 bd=0.0,51.0,54.0,14.7 flags=0 nparts=7 pmin=5.6 smin=0.0 ls=0,0,0,0
[19:31:11.281] [HOST] INFO: [spawn] REQ hand=1,222,2502075136,1,1659545856 send=4
[19:31:11.281] [HOST] INFO: [spawn] REQ hand=1,222,2502075136,2,2030029312 send=4
[19:31:11.281] [HOST] INFO: [spawn] REQ hand=1,222,2502075136,3,3588745216 send=4
[19:31:11.281] [HOST] INFO: [spawn] REQ hand=1,243,2845703168,1,1634887680 send=4
[19:31:11.560] [HOST] INFO: [med] SEND hand=1,566040064 npc=1 blood=80.1 bleed=0.00 fl=100.0,49.5,-172.0,100.0 bd=0.0,0.0,0.0,0.0 flags=4 nparts=7 pmin=18.1 smin=0.0 ls=0,0,0,0
[19:31:11.606] [HOST] INFO: [combat] stats snap=8 slide=2017 softWalk=2395 order=6 wrongTgt=0 armed=0 maxPersist=8
[19:31:12.193] [HOST] INFO: [net] [net] bandwidth out=587.9 KB/s in=5.9 KB/s (window 5s)
[19:31:12.247] [HOST] INFO: [med] SEND hand=1,1932861312 npc=1 blood=239.1 bleed=0.00 fl=-191.5,78.4,86.0,86.0 bd=0.0,0.0,0.0,0.0 flags=1 nparts=7 pmin=36.8 smin=0.0 ls=0,0,0,0
[19:31:12.281] [HOST] INFO: [med] SEND hand=1,612915008 npc=1 blood=14.7 bleed=0.00 fl=100.0,49.1,46.1,85.3 bd=0.0,50.9,53.9,14.7 flags=0 nparts=7 pmin=5.7 smin=0.0 ls=0,0,0,0
[19:31:12.565] [HOST] INFO: [med] SEND hand=1,566040064 npc=1 blood=80.1 bleed=0.00 fl=100.0,49.5,-172.7,100.0 bd=0.0,0.0,0.0,0.0 flags=4 nparts=7 pmin=18.0 smin=0.0 ls=0,0,0,0
[19:31:13.248] [HOST] INFO: [med] SEND hand=1,1932861312 npc=1 blood=239.1 bleed=0.00 fl=-192.3,78.4,86.0,86.0 bd=0.0,0.0,0.0,0.0 flags=1 nparts=7 pmin=36.7 smin=0.0 ls=0,0,0,0
[19:31:13.283] [HOST] INFO: [med] SEND hand=1,612915008 npc=1 blood=14.9 bleed=0.00 fl=100.0,49.2,46.2,85.4 bd=0.0,50.8,53.8,14.6 flags=0 nparts=7 pmin=5.8 smin=0.0 ls=0,0,0,0
[19:31:13.283] [HOST] INFO: [spawn] REQ hand=1,222,2502075136,1,1659545856 send=5
[19:31:13.283] [HOST] INFO: [spawn] REQ hand=1,222,2502075136,2,2030029312 send=5
[19:31:13.283] [HOST] INFO: [spawn] REQ hand=1,222,2502075136,3,3588745216 send=5
[19:31:13.283] [HOST] INFO: [spawn] REQ hand=1,243,2845703168,1,1634887680 send=5
[19:31:13.567] [HOST] INFO: [med] SEND hand=1,566040064 npc=1 blood=80.1 bleed=0.00 fl=100.0,49.4,-173.3,100.0 bd=0.0,0.0,0.0,0.0 flags=4 nparts=7 pmin=18.0 smin=0.0 ls=0,0,0,0
[19:31:13.630] [HOST] INFO: [ai] suspended=1 driven=5
[19:31:13.996] [HOST] INFO: [speed] REQ mult=5.00 paused=0 combat=0
[19:31:14.089] [HOST] INFO: [speed] REQ mult=5.00 paused=0 combat=0
[19:31:14.257] [HOST] INFO: [med] SEND hand=1,1932861312 npc=1 blood=239.2 bleed=0.00 fl=-192.9,78.4,86.0,86.0 bd=0.0,0.0,0.0,0.0 flags=1 nparts=7 pmin=36.6 smin=0.0 ls=0,0,0,0
[19:31:14.283] [HOST] INFO: [med] SEND hand=1,612915008 npc=1 blood=15.1 bleed=0.00 fl=100.0,49.2,46.2,85.5 bd=0.0,50.8,53.8,14.5 flags=0 nparts=7 pmin=5.8 smin=0.0 ls=0,0,0,0
[19:31:14.406] [HOST] INFO: [stats] RECV hand=1,2916870144 ok=1 str=6.6 dex=1.3 tough=11.7 stealth=1.3 athl=27.4 xp=0
[19:31:14.406] [HOST] INFO: [spawn] INFO send hand=1,63,915039040,4,1520629888 found=1 dead=0 age=1.00 sid='18880-rebirth.mod' fac='1083-gamedata.base'
[19:31:14.406] [HOST] INFO: [spawn] INFO send hand=1,88,198852544,5,2229248000 found=1 dead=0 age=1.00 sid='1408-gamedata.base' fac='1083-gamedata.base'
[19:31:14.406] [HOST] INFO: [spawn] INFO send hand=1,88,198852544,6,1324340864 found=1 dead=0 age=1.00 sid='18879-rebirth.mod' fac='1083-gamedata.base'
[19:31:14.406] [HOST] INFO: [spawn] INFO send hand=1,88,198852544,7,1166015616 found=1 dead=0 age=1.00 sid='18879-rebirth.mod' fac='1083-gamedata.base'
[19:31:14.406] [HOST] INFO: [spawn] INFO send hand=1,88,198852544,8,3536132864 found=1 dead=0 age=1.00 sid='18879-rebirth.mod' fac='1083-gamedata.base'
[19:31:14.406] [HOST] INFO: [spawn] INFO send hand=1,88,198852544,9,2837524480 found=1 dead=0 age=1.00 sid='18879-rebirth.mod' fac='1083-gamedata.base'
[19:31:14.406] [HOST] INFO: [spawn] INFO send hand=1,88,198852544,10,1336425728 found=1 dead=0 age=1.00 sid='18879-rebirth.mod' fac='1083-gamedata.base'
[19:31:14.406] [HOST] INFO: [spawn] INFO send hand=1,88,198852544,11,3739990272 found=1 dead=0 age=1.00 sid='18879-rebirth.mod' fac='1083-gamedata.base'
[19:31:14.406] [HOST] INFO: [spawn] INFO send hand=1,88,198852544,12,1442138624 found=1 dead=0 age=1.00 sid='18879-rebirth.mod' fac='1083-gamedata.base'
[19:31:14.406] [HOST] INFO: [spawn] INFO send hand=1,88,198852544,13,565917952 found=1 dead=0 age=1.00 sid='18879-rebirth.mod' fac='1083-gamedata.base'
[19:31:14.407] [HOST] INFO: [snap] squad hand=1,2916870144 name='Rock' gap=480.7 gate=286.1 srcVel=114.4 cSpeed=77.2 mult=5.00 slew=1.00 dest=1 skipped=0
[19:31:14.407] [HOST] INFO: [inv] APPLY hand=1,2,2989257728,1,2916870144 items=10
[19:31:14.407] [HOST] INFO: [cam] hint recv=-35431.5,136.7,-34145.4
[19:31:14.521] [HOST] INFO: [life] hand=1,47,830810560,1,612915008 from=UNKNOWN to=CULLED reason=suppress
[19:31:14.521] [HOST] INFO: [authority] suppress NPC hand=1,612915008 name='Hungry bandit' (streamed=2 local=1 supp=1 churn=8/4)
[19:31:14.553] [HOST] INFO: [cell] MAP cells=2 slots=2 24,23=0 24,24=1
[19:31:14.573] [HOST] INFO: [census] sent n=29 radius=2000 mid=16 anchors=4 a0=loaded:25 a1=loaded:0 a2=loaded:0 a3=loaded:8 enum=33 notmine=4 proxyrow=0 attnR=1000
[19:31:14.583] [HOST] INFO: [med] SEND hand=1,566040064 npc=1 blood=80.1 bleed=0.00 fl=100.0,49.5,-174.1,100.0 bd=0.0,0.0,0.0,0.0 flags=4 nparts=7 pmin=17.9 smin=0.0 ls=0,0,0,0
[19:31:14.771] [HOST] INFO: [interp] lerp=113292 extrap=6668 clamp=9 seg=1296 single=159159 snapSq=536 snapNpc=0 reissueSq=1386 reissueNpc=2124 restFlip=39 delay=568 jit=173.8 starve=0 snapMid=87 restFlipMid=31 haltDrv=0
[19:31:14.771] [HOST] INFO: [interp] worstZero hand=1,2916870144 zero=1916 active=21878 seg=4719
[19:31:15.119] [HOST] INFO: [med] SEND hand=1,1709716736 npc=0 blood=82.8 bleed=0.00 fl=100.0,100.0,100.0,100.0 bd=0.0,0.0,0.0,0.0 flags=0 nparts=7 pmin=62.0 smin=0.0 ls=0,0,0,0
[19:31:15.124] [HOST] INFO: [fac] AFFECT-EV me='58701-rebirth.mod' whom='1083-gamedata.base' event=1 mult=0.000 after=0.00 skipped=17
[19:31:15.133] [HOST] INFO: [snap] squad hand=1,2916870144 name='Rock' gap=287.5 gate=286.1 srcVel=114.4 cSpeed=77.2 mult=5.00 slew=1.00 dest=1 skipped=0
[19:31:15.189] [HOST] INFO: [fac] AFFECT-EV me='1083-gamedata.base' whom='58701-rebirth.mod' event=0 mult=0.001 after=-100.00 skipped=3
[19:31:15.265] [HOST] INFO: [med] SEND hand=1,1932861312 npc=1 blood=239.3 bleed=0.00 fl=-193.8,78.4,86.0,86.0 bd=0.0,0.0,0.0,0.0 flags=1 nparts=7 pmin=36.4 smin=0.0 ls=0,0,0,0
[19:31:15.276] [HOST] INFO: [event] RECV id=4 ev=1 owner=1 hand=1,47,830810560,1,612915008 actor=0,0
[19:31:15.277] [HOST] INFO: [census] recv n=6 culls=7
[19:31:15.287] [HOST] INFO: [spawn] INFO send hand=1,167,3464599552,1,946289088 found=1 dead=0 age=1.00 sid='42020-rebirth.mod' fac='42022-rebirth.mod'
[19:31:15.287] [HOST] INFO: [spawn] INFO send hand=1,167,3464599552,2,3171020544 found=1 dead=0 age=1.00 sid='42020-rebirth.mod' fac='42022-rebirth.mod'
[19:31:15.287] [HOST] INFO: [spawn] INFO send hand=1,167,3464599552,3,1423461888 found=1 dead=0 age=1.00 sid='42020-rebirth.mod' fac='42022-rebirth.mod'
[19:31:15.287] [HOST] INFO: [spawn] INFO send hand=1,167,3464599552,4,2254760704 found=1 dead=0 age=1.00 sid='42020-rebirth.mod' fac='42022-rebirth.mod'
[19:31:15.287] [HOST] INFO: [spawn] INFO send hand=1,167,3464599552,5,3333496064 found=1 dead=0 age=1.00 sid='42020-rebirth.mod' fac='42022-rebirth.mod'
[19:31:15.287] [HOST] INFO: [spawn] INFO send hand=1,167,3464599552,6,2291137792 found=1 dead=0 age=1.00 sid='42020-rebirth.mod' fac='42022-rebirth.mod'
[19:31:15.287] [HOST] INFO: [spawn] INFO send hand=1,167,3464599552,7,2032226560 found=1 dead=0 age=1.00 sid='42020-rebirth.mod' fac='42022-rebirth.mod'
[19:31:15.287] [HOST] INFO: [spawn] INFO send hand=1,167,3464599552,8,3885742080 found=1 dead=0 age=1.00 sid='42020-rebirth.mod' fac='42022-rebirth.mod'
[19:31:15.287] [HOST] INFO: [spawn] proxy template MISS sid='5010757-Lost in the Ashlands, Part 1.mod'
[19:31:15.287] [HOST] INFO: [spawn] proxy FAILED hand=1,222,2502075136,1,1659545856 sid='5010757-Lost in the Ashlands, Part 1.mod'
[19:31:15.287] [HOST] INFO: [spawn] proxy template MISS sid='5010757-Lost in the Ashlands, Part 1.mod'
[19:31:15.287] [HOST] INFO: [spawn] proxy FAILED hand=1,222,2502075136,2,2030029312 sid='5010757-Lost in the Ashlands, Part 1.mod'
[19:31:15.287] [HOST] INFO: [spawn] proxy template MISS sid='5010757-Lost in the Ashlands, Part 1.mod'
[19:31:15.287] [HOST] INFO: [spawn] proxy FAILED hand=1,222,2502075136,3,3588745216 sid='5010757-Lost in the Ashlands, Part 1.mod'
[19:31:15.287] [HOST] INFO: [spawn] INFO deferred (far) hand=1,243,2845703168,1,1634887680 dist=2592 mint=600 cen=1
[19:31:15.287] [HOST] INFO: [save] XFER-ACK id=2 ok=1 files=257 bytes=16335223
[19:31:15.297] [HOST] INFO: [authority] restore NPC hand=1,612915008 (proxy/driven exemption; supp=0)
[19:31:15.308] [HOST] INFO: [cam] center=-34682.1,137.0,-36086.5
[19:31:15.331] [HOST] INFO: [audit] exist near=1 wide=32 drv=2 cen=0 hid=0 ghost=0 supp=0 census=6 fresh=1 parks=49 nearCap=0 wideCap=0 staleMs=60655 edges=1 ghostMax=-1 ghostEdge=0 dorm=0 attnR=1000 dormPc=0 pcs=2 mine=30 skip=30 cells=2
[19:31:15.397] [HOST] INFO: [stats] SEND hand=1,1709716736 str=10.4 dex=5.7 tough=11.4 stealth=1.7 athl=20.0 xp=0 fap=0
[19:31:15.775] [HOST] INFO: [med] SEND hand=1,612915008 npc=1 blood=15.3 bleed=0.00 fl=100.0,49.3,46.3,85.5 bd=0.0,50.7,53.7,14.5 flags=0 nparts=7 pmin=5.9 smin=0.0 ls=0,0,0,0
[19:31:15.896] [HOST] INFO: [med] SEND hand=1,1709716736 npc=0 blood=82.8 bleed=0.00 fl=100.0,100.0,100.0,100.0 bd=0.0,0.0,0.0,0.0 flags=0 nparts=7 pmin=62.1 smin=0.0 ls=0,0,0,0
[19:31:15.968] [HOST] INFO: [inv] APPLY hand=1,2,2989257728,1,2916870144 items=10
[19:31:16.029] [HOST] INFO: [budget] pub avg=104us max=1019us apply avg=29us max=89us frames=411 over2ms=0
[19:31:16.356] [HOST] INFO: [med] SEND hand=1,1932861312 npc=1 blood=239.4 bleed=0.00 fl=-194.4,78.4,86.0,86.0 bd=0.0,0.0,0.0,0.0 flags=1 nparts=7 pmin=36.3 smin=0.0 ls=0,0,0,0
[19:31:16.394] [HOST] INFO: [gate] hand=1,566040064 host=127 local=65535  agree=155475/212095 (73%)
[19:31:16.580] [HOST] INFO: [cell] CLAIM rank=0 cell=24,24 seq=133 dwell=3 pos=-33837,-36682
[19:31:16.580] [HOST] INFO: [cell] MAP cells=1 slots=2 24,24=0
[19:31:16.591] [HOST] INFO: [cell] yield hand=1,612915008 owner=0 - the peer's stream holds this body; not authoring it while they drive it
[19:31:16.613] [HOST] INFO: [combat] stats snap=8 slide=2017 softWalk=2395 order=6 wrongTgt=0 armed=0 maxPersist=8
[19:31:16.637] [HOST] INFO: [ai] suspended=2 driven=8
[19:31:16.685] [HOST] INFO: [cell] yield hand=1,566040064 owner=0 - the peer's stream holds this body; not authoring it while they drive it
[19:31:16.846] [HOST] INFO: [spawn] INFO send hand=1,93,886352512,1,2797485312 found=1 dead=0 age=1.00 sid='1411-gamedata.base' fac='1083-gamedata.base'
[19:31:16.846] [HOST] INFO: [spawn] INFO send hand=1,93,886352512,2,3916870144 found=1 dead=0 age=1.00 sid='1408-gamedata.base' fac='1083-gamedata.base'
[19:31:16.846] [HOST] INFO: [spawn] INFO send hand=1,93,886352512,3,3034301696 found=1 dead=0 age=1.00 sid='1408-gamedata.base' fac='1083-gamedata.base'
[19:31:16.846] [HOST] INFO: [spawn] INFO send hand=1,93,886352512,4,2130004864 found=1 dead=0 age=1.00 sid='1408-gamedata.base' fac='1083-gamedata.base'
[19:31:16.846] [HOST] INFO: [spawn] INFO send hand=1,93,886352512,5,3581787136 found=1 dead=0 age=1.00 sid='1408-gamedata.base' fac='1083-gamedata.base'
[19:31:16.846] [HOST] INFO: [spawn] INFO send hand=1,93,886352512,6,114501952 found=1 dead=0 age=1.00 sid='18879-rebirth.mod' fac='1083-gamedata.base'
[19:31:16.846] [HOST] INFO: [spawn] INFO send hand=1,93,886352512,7,289428704 found=1 dead=0 age=1.00 sid='18879-rebirth.mod' fac='1083-gamedata.base'
[19:31:16.846] [HOST] INFO: [spawn] INFO send hand=1,93,886352512,8,3092895488 found=1 dead=0 age=1.00 sid='18879-rebirth.mod' fac='1083-gamedata.base'
[19:31:16.846] [HOST] INFO: [spawn] INFO send hand=1,93,886352512,9,481933600 found=1 dead=0 age=1.00 sid='18879-rebirth.mod' fac='1083-gamedata.base'
[19:31:16.846] [HOST] INFO: [spawn] INFO send hand=1,93,886352512,10,3830200320 found=1 dead=0 age=1.00 sid='18879-rebirth.mod' fac='1083-gamedata.base'
[19:31:16.846] [HOST] INFO: [spawn] INFO send hand=1,93,886352512,11,2674194432 found=1 dead=0 age=1.00 sid='18879-rebirth.mod' fac='1083-gamedata.base'
[19:31:16.846] [HOST] INFO: [spawn] INFO send hand=1,93,886352512,12,2386474496 found=1 dead=0 age=1.00 sid='18879-rebirth.mod' fac='1083-gamedata.base'
[19:31:16.846] [HOST] INFO: [spawn] INFO send hand=1,93,886352512,13,657714816 found=1 dead=0 age=1.00 sid='18879-rebirth.mod' fac='1083-gamedata.base'
[19:31:16.846] [HOST] INFO: [spawn] INFO send hand=1,93,886352512,14,1210082944 found=1 dead=0 age=1.00 sid='18879-rebirth.mod' fac='1083-gamedata.base'
[19:31:16.846] [HOST] INFO: [spawn] INFO send hand=1,93,886352512,15,1446044928 found=1 dead=0 age=1.00 sid='18879-rebirth.mod' fac='1083-gamedata.base'
[19:31:16.975] [HOST] INFO: [med] SEND hand=1,612915008 npc=1 blood=15.5 bleed=0.00 fl=100.0,49.3,46.3,85.6 bd=0.0,50.7,53.7,14.4 flags=0 nparts=7 pmin=6.0 smin=0.0 ls=0,0,0,0
[19:31:16.998] [HOST] INFO: [stats] RECV hand=1,2916870144 ok=1 str=6.6 dex=1.3 tough=11.7 stealth=1.3 athl=27.5 xp=0
[19:31:17.237] [HOST] INFO: [net] [net] bandwidth out=378.6 KB/s in=7.3 KB/s (window 5s)
[19:31:17.364] [HOST] INFO: [med] SEND hand=1,1932861312 npc=1 blood=239.4 bleed=0.00 fl=-195.1,78.4,86.0,86.0 bd=0.0,0.0,0.0,0.0 flags=1 nparts=7 pmin=36.2 smin=0.0 ls=0,0,0,0
[19:31:17.980] [HOST] INFO: [med] SEND hand=1,612915008 npc=1 blood=15.6 bleed=0.00 fl=100.0,49.4,46.4,85.6 bd=0.0,50.6,53.6,14.4 flags=0 nparts=7 pmin=6.0 smin=0.0 ls=0,0,0,0
[19:31:18.244] [HOST] INFO: [stats] SEND hand=1,1709716736 str=10.5 dex=5.7 tough=11.4 stealth=1.7 athl=20.0 xp=0 fap=0
[19:31:18.370] [HOST] INFO: [med] SEND hand=1,1932861312 npc=1 blood=239.5 bleed=0.00 fl=-195.7,78.4,86.0,86.0 bd=0.0,0.0,0.0,0.0 flags=1 nparts=7 pmin=36.1 smin=0.0 ls=0,0,0,0
[19:31:18.509] [HOST] INFO: [wd] ground-prune sid='556-gamedata.base' drop=1/6 (246 consecutive reads over 3000ms, everLive=1: not a free ground item)
[19:31:18.986] [HOST] INFO: [med] SEND hand=1,612915008 npc=1 blood=15.8 bleed=0.00 fl=100.0,49.4,46.4,85.7 bd=0.0,50.6,53.6,14.3 flags=0 nparts=7 pmin=6.1 smin=0.0 ls=0,0,0,0
[19:31:19.389] [HOST] INFO: [med] SEND hand=1,1932861312 npc=1 blood=239.5 bleed=0.00 fl=-196.5,78.4,86.0,86.0 bd=0.0,0.0,0.0,0.0 flags=1 nparts=7 pmin=36.0 smin=0.0 ls=0,0,0,0
[19:31:19.639] [HOST] INFO: [ai] suspended=1 driven=8
[19:31:19.661] [HOST] INFO: [cam] hint recv=-36212.3,114.2,-34429.3
[19:31:19.775] [HOST] INFO: [interp] lerp=114010 extrap=7314 clamp=9 seg=1482 single=159496 snapSq=537 snapNpc=0 reissueSq=1410 reissueNpc=2124 restFlip=40 delay=176 jit=12.1 starve=2 snapMid=87 restFlipMid=31 haltDrv=0
[19:31:19.775] [HOST] INFO: [interp] worstZero hand=1,2916870144 zero=1916 active=22302 seg=48
[19:31:19.936] [HOST] INFO: [stats] SEND hand=1,1709716736 str=10.5 dex=5.7 tough=11.4 stealth=1.7 athl=20.0 xp=0 fap=0
[19:31:19.986] [HOST] INFO: [med] SEND hand=1,612915008 npc=1 blood=16.0 bleed=0.00 fl=100.0,49.5,46.5,85.7 bd=0.0,50.5,53.5,14.3 flags=0 nparts=7 pmin=6.1 smin=0.0 ls=0,0,0,0
[19:31:20.174] [HOST] INFO: [stats] RECV hand=1,2916870144 ok=1 str=6.6 dex=1.3 tough=11.7 stealth=1.3 athl=27.6 xp=0
[19:31:20.309] [HOST] INFO: [cam] center=-35361.6,137.6,-35508.8
[19:31:20.353] [HOST] INFO: [audit] exist near=1 wide=25 drv=0 cen=0 hid=0 ghost=0 supp=0 census=0 fresh=1 parks=49 nearCap=0 wideCap=0 staleMs=60655 edges=1 ghostMax=-1 ghostEdge=0 dorm=0 attnR=1000 dormPc=0 pcs=2 mine=25 skip=25 cells=1
[19:31:20.396] [HOST] INFO: [med] SEND hand=1,1932861312 npc=1 blood=239.6 bleed=0.00 fl=-197.2,78.4,86.0,86.0 bd=0.0,0.0,0.0,0.0 flags=1 nparts=7 pmin=35.9 smin=0.0 ls=0,0,0,0
[19:31:20.571] [HOST] INFO: [fac] AFFECT-EV me='58701-rebirth.mod' whom='1083-gamedata.base' event=1 mult=0.000 after=0.00 skipped=10
[19:31:20.879] [HOST] INFO: [spawn] INFO send hand=1,167,3464599552,1,946289088 found=1 dead=0 age=1.00 sid='42020-rebirth.mod' fac='42022-rebirth.mod'
[19:31:20.879] [HOST] INFO: [spawn] INFO send hand=1,167,3464599552,2,3171020544 found=1 dead=0 age=1.00 sid='42020-rebirth.mod' fac='42022-rebirth.mod'
[19:31:20.879] [HOST] INFO: [spawn] INFO send hand=1,167,3464599552,3,1423461888 found=1 dead=0 age=1.00 sid='42020-rebirth.mod' fac='42022-rebirth.mod'
[19:31:20.879] [HOST] INFO: [spawn] INFO send hand=1,167,3464599552,4,2254760704 found=1 dead=0 age=1.00 sid='42020-rebirth.mod' fac='42022-rebirth.mod'
[19:31:20.879] [HOST] INFO: [spawn] INFO send hand=1,167,3464599552,5,3333496064 found=1 dead=0 age=1.00 sid='42020-rebirth.mod' fac='42022-rebirth.mod'
[19:31:20.879] [HOST] INFO: [spawn] INFO send hand=1,167,3464599552,6,2291137792 found=1 dead=0 age=1.00 sid='42020-rebirth.mod' fac='42022-rebirth.mod'
[19:31:20.879] [HOST] INFO: [spawn] INFO send hand=1,167,3464599552,7,2032226560 found=1 dead=0 age=1.00 sid='42020-rebirth.mod' fac='42022-rebirth.mod'
[19:31:20.879] [HOST] INFO: [spawn] INFO send hand=1,167,3464599552,8,3885742080 found=1 dead=0 age=1.00 sid='42020-rebirth.mod' fac='42022-rebirth.mod'
[19:31:20.995] [HOST] INFO: [med] SEND hand=1,612915008 npc=1 blood=16.2 bleed=0.00 fl=100.0,49.6,46.6,85.8 bd=0.0,50.4,53.4,14.2 flags=0 nparts=7 pmin=6.2 smin=0.0 ls=0,0,0,0
[19:31:21.038] [HOST] INFO: [inv] APPLY hand=1,2,2989257728,1,2916870144 items=10
[19:31:21.038] [HOST] INFO: [budget] pub avg=101us max=292us apply avg=32us max=119us frames=431 over2ms=0
[19:31:21.150] [HOST] INFO: [med] SEND hand=1,1709716736 npc=0 blood=82.9 bleed=0.00 fl=100.0,100.0,100.0,100.0 bd=0.0,0.0,0.0,0.0 flags=0 nparts=7 pmin=62.5 smin=0.0 ls=0,0,0,0
[19:31:21.287] [HOST] INFO: [fac] AFFECT-EV me='1083-gamedata.base' whom='58701-rebirth.mod' event=1 mult=0.001 after=-100.00 skipped=20
[19:31:21.404] [HOST] INFO: [med] SEND hand=1,1932861312 npc=1 blood=239.6 bleed=0.00 fl=-197.9,78.4,86.0,86.0 bd=0.0,0.0,0.0,0.0 flags=1 nparts=7 pmin=35.8 smin=0.0 ls=0,0,0,0
[19:31:21.547] [HOST] INFO: [prod] SEND key=0.1561.11111.1.3399536128 kind=0 class=4 pwr=1 state=2 out='1866-gamedata.base' outAmt=0.000 in0=-1.000 in1=-1.000 grown=-1.000 first=1 seq=45
[19:31:21.556] [HOST] INFO: [med] SEND hand=1,1709716736 npc=0 blood=82.9 bleed=0.00 fl=100.0,100.0,100.0,100.0 bd=0.0,0.0,0.0,0.0 flags=0 nparts=7 pmin=62.5 smin=0.0 ls=0,0,0,0
[19:31:21.588] [HOST] INFO: [cell] MAP cells=1 slots=2 24,24=0
[19:31:21.617] [HOST] INFO: [combat] stats snap=8 slide=2017 softWalk=2395 order=6 wrongTgt=0 armed=0 maxPersist=8
[19:31:21.897] [HOST] INFO: [inv] SEND hand=0,1561,11111,1,3399536128 kind=0 key=0,1561,11111,1,3399536128 items=0 hash=0
[19:31:21.999] [HOST] INFO: [med] SEND hand=1,612915008 npc=1 blood=16.3 bleed=0.00 fl=100.0,49.6,46.6,85.9 bd=0.0,50.4,53.4,14.1 flags=0 nparts=7 pmin=6.3 smin=0.0 ls=0,0,0,0
[19:31:22.059] [HOST] INFO: [med] SEND hand=1,1709716736 npc=0 blood=82.9 bleed=0.00 fl=100.0,100.0,100.0,100.0 bd=0.0,0.0,0.0,0.0 flags=0 nparts=7 pmin=62.6 smin=0.0 ls=0,0,0,0
[19:31:22.270] [HOST] INFO: [net] [net] bandwidth out=5.4 KB/s in=3.6 KB/s (window 5s)
[19:31:22.413] [HOST] INFO: [med] SEND hand=1,1932861312 npc=1 blood=239.7 bleed=0.00 fl=-198.8,78.4,86.0,86.0 bd=0.0,0.0,0.0,0.0 flags=1 nparts=7 pmin=35.7 smin=0.0 ls=0,0,0,0
[19:31:28.845] [HOST] INFO: [net] [net] bandwidth out=0.7 KB/s in=3.7 KB/s (window 7s)
[19:31:34.222] [HOST] INFO: [net] [net] bandwidth out=0.3 KB/s in=5.3 KB/s (window 5s)
[19:31:39.471] [HOST] INFO: [net] [net] bandwidth out=0.4 KB/s in=5.1 KB/s (window 5s)
[19:31:44.693] [HOST] INFO: [net] [net] bandwidth out=0.4 KB/s in=5.2 KB/s (window 5s)
[19:31:50.845] [HOST] INFO: [net] [net] bandwidth out=0.3 KB/s in=3.9 KB/s (window 6s)
